cluster,n_patients,feature,roi,rho,p,n,signed_log10p,subcortical
0,12,X,Left_Accumbens_area,-0.2797202797202798,0.37856866966230307,12,-0.4218553310901384,True
0,12,X,Left_Amygdala,-0.15384615384615385,0.6330906812462618,12,-0.19853407901227083,True
0,12,X,Left_Caudate,-0.30069930069930073,0.34225952894002465,12,-0.46564445171563235,True
0,12,X,Left_Cerebellum_Cortex,-0.25874125874125875,0.41677476889913834,12,-0.3800985806383651,True
0,12,X,Left_Hippocampus,-0.3426573426573427,0.27556745095678037,12,-0.5597720810484027,True
0,12,X,Left_Pallidum,-0.1188811188811189,0.712884219214772,12,-0.14698099895484662,True
0,12,X,Left_Putamen,-0.35664335664335667,0.25513775175895725,12,-0.5932252757392632,True
0,12,X,Left_Thalamus,-0.31468531468531474,0.31913878550330455,12,-0.49602041201939817,True
0,12,X,Left_VentralDC,-0.16083916083916086,0.6175234895401425,12,-0.20934651793284345,True
0,12,X,Right_Accumbens_area,-0.2797202797202798,0.37856866966230307,12,-0.4218553310901384,True
0,12,X,Right_Amygdala,-0.6083916083916086,0.035805997052029234,12,-1.4460442284264465,True
0,12,X,Right_Caudate,-0.5104895104895105,0.08991373630263913,12,-1.0461739551552438,True
0,12,X,Right_Cerebellum_Cortex,-0.14685314685314685,0.6487957097846664,12,-0.18789203059561477,True
0,12,X,Right_Hippocampus,-0.4755244755244756,0.11817595701303213,12,-0.9274708720054077,True
0,12,X,Right_Pallidum,0.16083916083916086,0.6175234895401425,12,0.20934651793284345,True
0,12,X,Right_Putamen,-0.16083916083916086,0.6175234895401425,12,-0.20934651793284345,True
0,12,X,Right_Thalamus,-0.08391608391608392,0.7954145018538977,12,-0.09940649529910545,True
0,12,X,Right_VentralDC,0.09090909090909093,0.7787253962454419,12,0.10861566160871236,True
0,12,X,ctx_lh_bankssts,0.06293706293706294,0.8459309212287789,12,0.07266510002722608,False
0,12,X,ctx_lh_caudalanteriorcingulate,-0.3916083916083916,0.2080634636953532,12,-0.6818041759565485,False
0,12,X,ctx_lh_caudalmiddlefrontal,-0.2937062937062937,0.35414764123292175,12,-0.4508156464335365,False
0,12,X,ctx_lh_cuneus,-0.5174825174825175,0.08486877113393493,12,-1.0712520861892576,False
0,12,X,ctx_lh_entorhinal,-0.30069930069930073,0.34225952894002465,12,-0.46564445171563235,False
0,12,X,ctx_lh_frontalpole,0.0,1.0,12,-0.0,False
0,12,X,ctx_lh_fusiform,-0.2517482517482518,0.42991878503288405,12,-0.36661357824217705,False
0,12,X,ctx_lh_inferiorparietal,-0.14685314685314685,0.6487957097846664,12,-0.18789203059561477,False
0,12,X,ctx_lh_inferiortemporal,-0.4685314685314686,0.124454791188834,12,-0.9049883795148546,False
0,12,X,ctx_lh_insula,-0.2867132867132868,0.36625146058358227,12,-0.4362206347002906,False
0,12,X,ctx_lh_isthmuscingulate,-0.1958041958041958,0.5419358857313175,12,-0.26605209006699926,False
0,12,X,ctx_lh_lateraloccipital,-0.15384615384615385,0.6330906812462618,12,-0.19853407901227083,False
0,12,X,ctx_lh_lateralorbitofrontal,-0.6013986013986015,0.03858845292201944,12,-1.4135426326983214,False
0,12,X,ctx_lh_lingual,-0.5524475524475525,0.06251148327961512,12,-1.2040401959858655,False
0,12,X,ctx_lh_medialorbitofrontal,-0.4055944055944056,0.19083587400450033,12,-0.7193399817402794,False
0,12,X,ctx_lh_middletemporal,-0.31468531468531474,0.31913878550330455,12,-0.49602041201939817,False
0,12,X,ctx_lh_paracentral,-0.2937062937062937,0.35414764123292175,12,-0.4508156464335365,False
0,12,X,ctx_lh_parahippocampal,-0.3636363636363637,0.2452650007307772,12,-0.6103644211126535,False
0,12,X,ctx_lh_parsopercularis,-0.1258741258741259,0.6966831093957659,12,-0.15696471850969104,False
0,12,X,ctx_lh_parsorbitalis,-0.35664335664335667,0.25513775175895725,12,-0.5932252757392632,False
0,12,X,ctx_lh_parstriangularis,-0.1958041958041958,0.5419358857313175,12,-0.26605209006699926,False
0,12,X,ctx_lh_pericalcarine,-0.2447552447552448,0.4432619364501832,12,-0.35333956060093236,False
0,12,X,ctx_lh_postcentral,-0.4545454545454546,0.13765791634772945,12,-0.8611988084095694,False
0,12,X,ctx_lh_posteriorcingulate,-0.2377622377622378,0.4568008526399232,12,-0.3402730941307108,False
0,12,X,ctx_lh_precentral,-0.31468531468531474,0.31913878550330455,12,-0.49602041201939817,False
0,12,X,ctx_lh_precuneus,-0.3916083916083916,0.2080634636953532,12,-0.6818041759565485,False
0,12,X,ctx_lh_rostralanteriorcingulate,-0.35664335664335667,0.25513775175895725,12,-0.5932252757392632,False
0,12,X,ctx_lh_rostralmiddlefrontal,-0.30069930069930073,0.34225952894002465,12,-0.46564445171563235,False
0,12,X,ctx_lh_superiorfrontal,-0.31468531468531474,0.31913878550330455,12,-0.49602041201939817,False
0,12,X,ctx_lh_superiorparietal,-0.2937062937062937,0.35414764123292175,12,-0.4508156464335365,False
0,12,X,ctx_lh_superiortemporal,-0.5524475524475525,0.06251148327961512,12,-1.2040401959858655,False
0,12,X,ctx_lh_supramarginal,-0.4125874125874127,0.18256397857316675,12,-0.7385849083468483,False
0,12,X,ctx_lh_temporalpole,-0.10489510489510491,0.7456094809807079,12,-0.12748857824068238,False
0,12,X,ctx_lh_transversetemporal,-0.5314685314685316,0.07536233505348364,12,-1.1228456536714941,False
0,12,X,ctx_rh_bankssts,-0.20979020979020982,0.5128409431818263,12,-0.2900173097604524,False
0,12,X,ctx_rh_caudalanteriorcingulate,-0.34965034965034975,0.2652387868927897,12,-0.5763629670628948,False
0,12,X,ctx_rh_caudalmiddlefrontal,-0.3076923076923077,0.3305892594121097,12,-0.4807112604252688,False
0,12,X,ctx_rh_cuneus,-0.3076923076923077,0.3305892594121097,12,-0.4807112604252688,False
0,12,X,ctx_rh_entorhinal,-0.6433566433566434,0.024003191200713644,12,-1.6197310154247235,False
0,12,X,ctx_rh_frontalpole,-0.17482517482517487,0.5868236643627043,12,-0.2314923810337392,False
0,12,X,ctx_rh_fusiform,-0.4055944055944056,0.19083587400450033,12,-0.7193399817402794,False
0,12,X,ctx_rh_inferiorparietal,-0.3706293706293707,0.2356210035126457,12,-0.6277859986766551,False
0,12,X,ctx_rh_inferiortemporal,-0.5734265734265735,0.05126558978649144,12,-1.290174041907627,False
0,12,X,ctx_rh_insula,-0.3216783216783217,0.30790987618065263,12,-0.5115763809182647,False
0,12,X,ctx_rh_isthmuscingulate,-0.1398601398601399,0.6646331617926677,12,-0.17741799344510945,False
0,12,X,ctx_rh_lateraloccipital,-0.27272727272727276,0.3910967709418962,12,-0.4077157697494941,False
0,12,X,ctx_rh_lateralorbitofrontal,-0.27272727272727276,0.3910967709418962,12,-0.4077157697494941,False
0,12,X,ctx_rh_lingual,-0.4545454545454546,0.13765791634772945,12,-0.8611988084095694,False
0,12,X,ctx_rh_medialorbitofrontal,0.0,1.0,12,-0.0,False
0,12,X,ctx_rh_middletemporal,-0.5244755244755246,0.08001937592027475,12,-1.0968048400532209,False
0,12,X,ctx_rh_paracentral,-0.4825174825174825,0.11210929146889191,12,-0.9503583921646476,False
0,12,X,ctx_rh_parahippocampal,-0.4055944055944056,0.19083587400450033,12,-0.7193399817402794,False
0,12,X,ctx_rh_parsopercularis,-0.2937062937062937,0.35414764123292175,12,-0.4508156464335365,False
0,12,X,ctx_rh_parsorbitalis,-0.4685314685314686,0.124454791188834,12,-0.9049883795148546,False
0,12,X,ctx_rh_parstriangularis,-0.3356643356643357,0.2861229029149875,12,-0.5434473773869912,False
0,12,X,ctx_rh_pericalcarine,-0.1188811188811189,0.712884219214772,12,-0.14698099895484662,False
0,12,X,ctx_rh_postcentral,-0.3216783216783217,0.30790987618065263,12,-0.5115763809182647,False
0,12,X,ctx_rh_posteriorcingulate,-0.3076923076923077,0.3305892594121097,12,-0.4807112604252688,False
0,12,X,ctx_rh_precentral,-0.3216783216783217,0.30790987618065263,12,-0.5115763809182647,False
0,12,X,ctx_rh_precuneus,-0.3916083916083916,0.2080634636953532,12,-0.6818041759565485,False
0,12,X,ctx_rh_rostralanteriorcingulate,-0.18881118881118883,0.5567370561768314,12,-0.2543498712787897,False
0,12,X,ctx_rh_rostralmiddlefrontal,-0.22377622377622378,0.48445166145539886,12,-0.3147495503170274,False
0,12,X,ctx_rh_superiorfrontal,-0.2937062937062937,0.35414764123292175,12,-0.4508156464335365,False
0,12,X,ctx_rh_superiorparietal,-0.5174825174825175,0.08486877113393493,12,-1.0712520861892576,False
0,12,X,ctx_rh_superiortemporal,-0.41958041958041964,0.1745190081300594,12,-0.7581572639688874,False
0,12,X,ctx_rh_supramarginal,-0.5314685314685316,0.07536233505348364,12,-1.1228456536714941,False
0,12,X,ctx_rh_temporalpole,-0.16083916083916086,0.6175234895401425,12,-0.20934651793284345,False
0,12,X,ctx_rh_transversetemporal,-0.30069930069930073,0.34225952894002465,12,-0.46564445171563235,False
1,14,X,Left_Accumbens_area,0.2,0.49300373503999984,14,0.3071497904568126,True
1,14,X,Left_Amygdala,0.1076923076923077,0.7140308087262492,14,0.14628304904855735,True
1,14,X,Left_Caudate,0.0989010989010989,0.7365853699253172,14,0.1327769113619142,True
1,14,X,Left_Cerebellum_Cortex,0.45054945054945056,0.10593278527264058,14,0.974969608736442,True
1,14,X,Left_Hippocampus,0.09010989010989012,0.7593388378159541,14,0.11956438674423242,True
1,14,X,Left_Pallidum,0.1912087912087912,0.5125839704707784,14,0.2902349791992541,True
1,14,X,Left_Putamen,0.46373626373626364,0.09487633150889971,14,1.0228421160987295,True
1,14,X,Left_Thalamus,-0.01098901098901099,0.970258390096969,14,-0.013112593105276139,True
1,14,X,Left_VentralDC,0.2351648351648352,0.4183338961985912,14,0.3784769445621009,True
1,14,X,Right_Accumbens_area,-0.07252747252747253,0.8053763135410923,14,-0.09400114732564334,True
1,14,X,Right_Amygdala,0.24835164835164836,0.39191953893845743,14,0.40680308446365054,True
1,14,X,Right_Caudate,0.1032967032967033,0.725282211088945,14,0.13949297429704627,True
1,14,X,Right_Cerebellum_Cortex,0.178021978021978,0.5425969526062153,14,0.2655226497008904,True
1,14,X,Right_Hippocampus,0.38461538461538464,0.17450875077509556,14,0.7581827903778755,True
1,14,X,Right_Pallidum,0.4945054945054946,0.07224967403413257,14,1.1411641079554542,True
1,14,X,Right_Putamen,0.45494505494505494,0.10215352669182914,14,0.9907466354303391,True
1,14,X,Right_Thalamus,0.16043956043956045,0.5837527526413409,14,0.2337710585386769,True
1,14,X,Right_VentralDC,0.3758241758241759,0.185410028697123,14,0.731866778875294,True
1,14,X,ctx_lh_bankssts,0.06373626373626373,0.828626422928612,14,0.08164122219735648,False
1,14,X,ctx_lh_caudalanteriorcingulate,0.01978021978021978,0.9464892274080114,14,0.023884324651986533,False
1,14,X,ctx_lh_caudalmiddlefrontal,0.13406593406593406,0.6477195279851131,14,0.18861300927877392,False
1,14,X,ctx_lh_cuneus,0.5208791208791209,0.05615392734370261,14,1.2506198642635658,False
1,14,X,ctx_lh_entorhinal,0.059340659340659345,0.8403017626906826,14,0.07556472544161545,False
1,14,X,ctx_lh_frontalpole,0.1824175824175824,0.5325088185186945,14,0.27367319577223737,False
1,14,X,ctx_lh_fusiform,0.14725274725274726,0.6154187624847252,14,0.2108292674006022,False
1,14,X,ctx_lh_inferiorparietal,0.38461538461538464,0.17450875077509556,14,0.7581827903778755,False
1,14,X,ctx_lh_inferiortemporal,0.2923076923076923,0.3105263203858819,14,0.5079015828822612,False
1,14,X,ctx_lh_insula,0.4065934065934066,0.14910193900151342,14,0.8265167087121154,False
1,14,X,ctx_lh_isthmuscingulate,0.46373626373626364,0.09487633150889971,14,1.0228421160987295,False
1,14,X,ctx_lh_lateraloccipital,0.5956043956043956,0.024612610795286847,14,1.608842315844241,False
1,14,X,ctx_lh_lateralorbitofrontal,0.22637362637362637,0.4364347945560526,14,0.36008063278278846,False
1,14,X,ctx_lh_lingual,0.3626373626373627,0.20256454381724162,14,0.6934365696967928,False
1,14,X,ctx_lh_medialorbitofrontal,-0.04175824175824176,0.8872869731890637,14,-0.05193589458117909,False
1,14,X,ctx_lh_middletemporal,0.07252747252747253,0.8053763135410923,14,0.09400114732564334,False
1,14,X,ctx_lh_paracentral,0.27472527472527475,0.34182974371948127,14,0.4661901505935518,False
1,14,X,ctx_lh_parahippocampal,-0.054945054945054944,0.8520077036323677,14,-0.06955647843763954,False
1,14,X,ctx_lh_parsopercularis,0.3318681318681319,0.24637718314961166,14,0.608399514409593,False
1,14,X,ctx_lh_parsorbitalis,0.006593406593406593,0.9821527354577905,14,0.007820969434481628,False
1,14,X,ctx_lh_parstriangularis,0.1384615384615385,0.6368849912650183,14,0.1959389855115532,False
1,14,X,ctx_lh_pericalcarine,0.5120879120879122,0.06119848615645835,14,1.2132593206980358,False
1,14,X,ctx_lh_postcentral,0.2703296703296703,0.3499193863496043,14,0.45603199592399174,False
1,14,X,ctx_lh_posteriorcingulate,0.05054945054945055,0.8637420361792153,14,0.06361594385434859,False
1,14,X,ctx_lh_precentral,0.4065934065934066,0.14910193900151342,14,0.8265167087121154,False
1,14,X,ctx_lh_precuneus,0.3406593406593406,0.23331605103682404,14,0.6320553827796105,False
1,14,X,ctx_lh_rostralanteriorcingulate,-0.04175824175824176,0.8872869731890637,14,-0.05193589458117909,False
1,14,X,ctx_lh_rostralmiddlefrontal,0.2527472527472528,0.3833149644785111,14,0.4164442257141291,False
1,14,X,ctx_lh_superiorfrontal,0.006593406593406593,0.9821527354577905,14,0.007820969434481628,False
1,14,X,ctx_lh_superiorparietal,0.6439560439560439,0.012942152559322944,14,1.887993485113285,False
1,14,X,ctx_lh_superiortemporal,0.2351648351648352,0.4183338961985912,14,0.3784769445621009,False
1,14,X,ctx_lh_supramarginal,0.2087912087912088,0.4737788373098136,14,0.3244243421882531,False
1,14,X,ctx_lh_temporalpole,0.15604395604395604,0.594234700580851,14,0.2260419909861472,False
1,14,X,ctx_lh_transversetemporal,0.032967032967032975,0.910918653071845,14,0.040520404694867534,False
1,14,X,ctx_rh_bankssts,0.3538461538461538,0.21453987088124626,14,0.6684919850894805,False
1,14,X,ctx_rh_caudalanteriorcingulate,0.14285714285714285,0.6261174762253241,14,0.20334417399431506,False
1,14,X,ctx_rh_caudalmiddlefrontal,0.1956043956043956,0.5027500912969567,14,0.29864784186546034,False
1,14,X,ctx_rh_cuneus,0.3318681318681319,0.24637718314961166,14,0.608399514409593,False
1,14,X,ctx_rh_entorhinal,0.05054945054945055,0.8637420361792153,14,0.06361594385434859,False
1,14,X,ctx_rh_frontalpole,0.15164835164835166,0.6047905984521367,14,0.21839496861811628,False
1,14,X,ctx_rh_fusiform,0.11208791208791209,0.7028331631967695,14,0.15314775449950788,False
1,14,X,ctx_rh_inferiorparietal,0.42857142857142855,0.1262738881593127,14,0.8986864467586029,False
1,14,X,ctx_rh_inferiortemporal,0.3538461538461538,0.21453987088124626,14,0.6684919850894805,False
1,14,X,ctx_rh_insula,0.5956043956043956,0.024612610795286847,14,1.608842315844241,False
1,14,X,ctx_rh_isthmuscingulate,0.3362637362637363,0.23979220225725306,14,0.6201649437213583,False
1,14,X,ctx_rh_lateraloccipital,0.5296703296703297,0.05141659813787076,14,1.2888966608480508,False
1,14,X,ctx_rh_lateralorbitofrontal,0.2923076923076923,0.3105263203858819,14,0.5079015828822612,False
1,14,X,ctx_rh_lingual,0.3230769230769231,0.25987361950878973,14,0.5852378046977321,False
1,14,X,ctx_rh_medialorbitofrontal,0.3494505494505495,0.22068999774644735,14,0.6562173497652234,False
1,14,X,ctx_rh_middletemporal,0.27472527472527475,0.34182974371948127,14,0.4661901505935518,False
1,14,X,ctx_rh_paracentral,0.02857142857142857,0.9227613765698746,14,0.03491059175564594,False
1,14,X,ctx_rh_parahippocampal,0.16043956043956045,0.5837527526413409,14,0.2337710585386769,False
1,14,X,ctx_rh_parsopercularis,0.4241758241758242,0.13063731043811047,14,0.883932769437274,False
1,14,X,ctx_rh_parsorbitalis,0.5164835164835165,0.05863716344127844,14,1.2318270467502226,False
1,14,X,ctx_rh_parstriangularis,0.09010989010989012,0.7593388378159541,14,0.11956438674423242,False
1,14,X,ctx_rh_pericalcarine,0.3494505494505495,0.22068999774644735,14,0.6562173497652234,False
1,14,X,ctx_rh_postcentral,0.38461538461538464,0.17450875077509556,14,0.7581827903778755,False
1,14,X,ctx_rh_posteriorcingulate,0.3758241758241759,0.185410028697123,14,0.731866778875294,False
1,14,X,ctx_rh_precentral,0.15164835164835166,0.6047905984521367,14,0.21839496861811628,False
1,14,X,ctx_rh_precuneus,0.3626373626373627,0.20256454381724162,14,0.6934365696967928,False
1,14,X,ctx_rh_rostralanteriorcingulate,0.01978021978021978,0.9464892274080114,14,0.023884324651986533,False
1,14,X,ctx_rh_rostralmiddlefrontal,0.01098901098901099,0.970258390096969,14,0.013112593105276139,False
1,14,X,ctx_rh_superiorfrontal,0.054945054945054944,0.8520077036323677,14,0.06955647843763954,False
1,14,X,ctx_rh_superiorparietal,0.7098901098901099,0.004450741418764225,14,2.3515676368264415,False
1,14,X,ctx_rh_superiortemporal,-0.11208791208791209,0.7028331631967695,14,-0.15314775449950788,False
1,14,X,ctx_rh_supramarginal,0.45054945054945056,0.10593278527264058,14,0.974969608736442,False
1,14,X,ctx_rh_temporalpole,0.1164835164835165,0.6916912502331573,14,0.16008771803173125,False
1,14,X,ctx_rh_transversetemporal,-0.04615384615384615,0.8755025376321142,14,-0.0577425907821032,False
2,10,X,Left_Accumbens_area,-0.24848484848484845,0.48877630451924314,10,-0.31088985650114037,True
2,10,X,Left_Amygdala,-0.04242424242424241,0.907363817812816,10,-0.04221854272212306,True
2,10,X,Left_Caudate,-0.4545454545454545,0.186904810349332,10,-0.7283795210861914,True
2,10,X,Left_Cerebellum_Cortex,0.10303030303030303,0.7769984634438898,10,0.1095798400388536,True
2,10,X,Left_Hippocampus,-0.13939393939393938,0.7009318849100584,10,-0.15432418380938717,True
2,10,X,Left_Pallidum,0.06666666666666665,0.8548130882487426,10,0.06812883686981806,True
2,10,X,Left_Putamen,0.05454545454545454,0.8810361811618526,10,0.05500625622326251,True
2,10,X,Left_Thalamus,-0.09090909090909088,0.8027717312071619,10,-0.0954079291552768,True
2,10,X,Left_VentralDC,-0.11515151515151514,0.7514196523258483,10,-0.12411745076177128,True
2,10,X,Right_Accumbens_area,-0.2727272727272727,0.44583834154275137,10,-0.35082258546453154,True
2,10,X,Right_Amygdala,-0.33333333333333326,0.34659350708733405,10,-0.4601795774055838,True
2,10,X,Right_Caudate,-0.24848484848484845,0.48877630451924314,10,-0.31088985650114037,True
2,10,X,Right_Cerebellum_Cortex,0.06666666666666665,0.8548130882487426,10,0.06812883686981806,True
2,10,X,Right_Hippocampus,-0.2606060606060606,0.4670890543863402,10,-0.3306003097092424,True
2,10,X,Right_Pallidum,0.28484848484848485,0.42503815489214547,10,0.3715720823841724,True
2,10,X,Right_Putamen,-0.01818181818181818,0.9602404181286243,10,-0.01762001779947147,True
2,10,X,Right_Thalamus,0.06666666666666665,0.8548130882487426,10,0.06812883686981806,True
2,10,X,Right_VentralDC,-0.01818181818181818,0.9602404181286243,10,-0.01762001779947147,True
2,10,X,ctx_lh_bankssts,-0.01818181818181818,0.9602404181286243,10,-0.01762001779947147,False
2,10,X,ctx_lh_caudalanteriorcingulate,-0.19999999999999998,0.5795840000000001,10,-0.23688361217191653,False
2,10,X,ctx_lh_caudalmiddlefrontal,0.09090909090909088,0.8027717312071619,10,0.0954079291552768,False
2,10,X,ctx_lh_cuneus,-0.1515151515151515,0.6760651759978538,10,-0.17001143392259718,False
2,10,X,ctx_lh_entorhinal,-0.23636363636363633,0.5108853175152002,10,-0.29167657845642647,False
2,10,X,ctx_lh_frontalpole,0.19999999999999998,0.5795840000000001,10,0.23688361217191653,False
2,10,X,ctx_lh_fusiform,-0.10303030303030303,0.7769984634438898,10,-0.1095798400388536,False
2,10,X,ctx_lh_inferiorparietal,0.12727272727272726,0.7260570147627894,10,0.1390292743072959,False
2,10,X,ctx_lh_inferiortemporal,-0.23636363636363633,0.5108853175152002,10,-0.29167657845642647,False
2,10,X,ctx_lh_insula,-0.12727272727272726,0.7260570147627894,10,-0.1390292743072959,False
2,10,X,ctx_lh_isthmuscingulate,0.01818181818181818,0.9602404181286243,10,0.01762001779947147,False
2,10,X,ctx_lh_lateraloccipital,0.24848484848484845,0.48877630451924314,10,0.31088985650114037,False
2,10,X,ctx_lh_lateralorbitofrontal,0.43030303030303024,0.21449233253280775,10,0.6685882279464308,False
2,10,X,ctx_lh_lingual,-0.07878787878787878,0.8287173946974606,10,-0.08159354526172075,False
2,10,X,ctx_lh_medialorbitofrontal,0.006060606060606061,0.9867429111949892,10,0.005795984912135871,False
2,10,X,ctx_lh_middletemporal,-0.28484848484848485,0.42503815489214547,10,-0.3715720823841724,False
2,10,X,ctx_lh_paracentral,-0.09090909090909088,0.8027717312071619,10,-0.0954079291552768,False
2,10,X,ctx_lh_parahippocampal,-0.1515151515151515,0.6760651759978538,10,-0.17001143392259718,False
2,10,X,ctx_lh_parsopercularis,0.07878787878787878,0.8287173946974606,10,0.08159354526172075,False
2,10,X,ctx_lh_parsorbitalis,-0.006060606060606061,0.9867429111949892,10,-0.005795984912135871,False
2,10,X,ctx_lh_parstriangularis,0.16363636363636364,0.6514773427962428,10,0.18610068366539814,False
2,10,X,ctx_lh_pericalcarine,-0.29696969696969694,0.4047016712701569,10,-0.3928650021270688,False
2,10,X,ctx_lh_postcentral,0.07878787878787878,0.8287173946974606,10,0.08159354526172075,False
2,10,X,ctx_lh_posteriorcingulate,-0.10303030303030303,0.7769984634438898,10,-0.1095798400388536,False
2,10,X,ctx_lh_precentral,0.24848484848484845,0.48877630451924314,10,0.31088985650114037,False
2,10,X,ctx_lh_precuneus,-0.12727272727272726,0.7260570147627894,10,-0.1390292743072959,False
2,10,X,ctx_lh_rostralanteriorcingulate,0.32121212121212117,0.3654683104386702,10,0.43715027451535776,False
2,10,X,ctx_lh_rostralmiddlefrontal,0.16363636363636364,0.6514773427962428,10,0.18610068366539814,False
2,10,X,ctx_lh_superiorfrontal,-0.11515151515151514,0.7514196523258483,10,-0.12411745076177128,False
2,10,X,ctx_lh_superiorparietal,0.1515151515151515,0.6760651759978538,10,0.17001143392259718,False
2,10,X,ctx_lh_superiortemporal,-0.4787878787878787,0.1615229280174558,10,-0.791765821291397,False
2,10,X,ctx_lh_supramarginal,-0.1515151515151515,0.6760651759978538,10,-0.17001143392259718,False
2,10,X,ctx_lh_temporalpole,-0.2606060606060606,0.4670890543863402,10,-0.3306003097092424,False
2,10,X,ctx_lh_transversetemporal,-0.4545454545454545,0.186904810349332,10,-0.7283795210861914,False
2,10,X,ctx_rh_bankssts,0.07878787878787878,0.8287173946974606,10,0.08159354526172075,False
2,10,X,ctx_rh_caudalanteriorcingulate,-0.28484848484848485,0.42503815489214547,10,-0.3715720823841724,False
2,10,X,ctx_rh_caudalmiddlefrontal,-0.06666666666666665,0.8548130882487426,10,-0.06812883686981806,False
2,10,X,ctx_rh_cuneus,-0.10303030303030303,0.7769984634438898,10,-0.1095798400388536,False
2,10,X,ctx_rh_entorhinal,-0.05454545454545454,0.8810361811618526,10,-0.05500625622326251,False
2,10,X,ctx_rh_frontalpole,0.0303030303030303,0.9337729580941466,10,0.029758707317340795,False
2,10,X,ctx_rh_fusiform,-0.22424242424242422,0.5334005612725947,10,-0.272946531658024,False
2,10,X,ctx_rh_inferiorparietal,0.05454545454545454,0.8810361811618526,10,0.05500625622326251,False
2,10,X,ctx_rh_inferiortemporal,-0.2727272727272727,0.44583834154275137,10,-0.35082258546453154,False
2,10,X,ctx_rh_insula,-0.23636363636363633,0.5108853175152002,10,-0.29167657845642647,False
2,10,X,ctx_rh_isthmuscingulate,0.0303030303030303,0.9337729580941466,10,0.029758707317340795,False
2,10,X,ctx_rh_lateraloccipital,0.09090909090909088,0.8027717312071619,10,0.0954079291552768,False
2,10,X,ctx_rh_lateralorbitofrontal,0.12727272727272726,0.7260570147627894,10,0.1390292743072959,False
2,10,X,ctx_rh_lingual,-0.28484848484848485,0.42503815489214547,10,-0.3715720823841724,False
2,10,X,ctx_rh_medialorbitofrontal,-0.07878787878787878,0.8287173946974606,10,-0.08159354526172075,False
2,10,X,ctx_rh_middletemporal,-0.2606060606060606,0.4670890543863402,10,-0.3306003097092424,False
2,10,X,ctx_rh_paracentral,0.006060606060606061,0.9867429111949892,10,0.005795984912135871,False
2,10,X,ctx_rh_parahippocampal,-0.43030303030303024,0.21449233253280775,10,-0.6685882279464308,False
2,10,X,ctx_rh_parsopercularis,0.12727272727272726,0.7260570147627894,10,0.1390292743072959,False
2,10,X,ctx_rh_parsorbitalis,-0.05454545454545454,0.8810361811618526,10,-0.05500625622326251,False
2,10,X,ctx_rh_parstriangularis,0.17575757575757575,0.6271883447764844,10,0.20260202086936144,False
2,10,X,ctx_rh_pericalcarine,-0.5636363636363636,0.08972402831709125,10,-1.047091236241426,False
2,10,X,ctx_rh_postcentral,0.23636363636363633,0.5108853175152002,10,0.29167657845642647,False
2,10,X,ctx_rh_posteriorcingulate,-0.06666666666666665,0.8548130882487426,10,-0.06812883686981806,False
2,10,X,ctx_rh_precentral,0.17575757575757575,0.6271883447764844,10,0.20260202086936144,False
2,10,X,ctx_rh_precuneus,-0.23636363636363633,0.5108853175152002,10,-0.29167657845642647,False
2,10,X,ctx_rh_rostralanteriorcingulate,0.07878787878787878,0.8287173946974606,10,0.08159354526172075,False
2,10,X,ctx_rh_rostralmiddlefrontal,0.12727272727272726,0.7260570147627894,10,0.1390292743072959,False
2,10,X,ctx_rh_superiorfrontal,-0.0303030303030303,0.9337729580941466,10,-0.029758707317340795,False
2,10,X,ctx_rh_superiorparietal,-0.10303030303030303,0.7769984634438898,10,-0.1095798400388536,False
2,10,X,ctx_rh_superiortemporal,-0.3696969696969697,0.2930500752928223,10,-0.5330581626998575,False
2,10,X,ctx_rh_supramarginal,-0.19999999999999998,0.5795840000000001,10,-0.23688361217191653,False
2,10,X,ctx_rh_temporalpole,-0.41818181818181815,0.22911284098281892,10,-0.6399505694238794,False
2,10,X,ctx_rh_transversetemporal,-0.7212121212121211,0.018573155089460208,10,-1.7311143148088337,False
3,9,X,Left_Accumbens_area,-0.25,0.5164895523012263,9,-0.286938459088828,True
3,9,X,Left_Amygdala,-0.41666666666666663,0.26458604674749614,9,-0.5774330625685861,True
3,9,X,Left_Caudate,-0.25,0.5164895523012263,9,-0.286938459088828,True
3,9,X,Left_Cerebellum_Cortex,0.26666666666666666,0.4879222748387009,9,0.31164935483564815,True
3,9,X,Left_Hippocampus,-0.43333333333333335,0.2439524358800516,9,-0.6126948410729962,True
3,9,X,Left_Pallidum,-0.5333333333333333,0.13922686754397814,9,-0.8562769479140179,True
3,9,X,Left_Putamen,0.15,0.7000942309691419,9,0.15484350107765069,True
3,9,X,Left_Thalamus,-0.11666666666666665,0.7650079429261462,9,-0.11633405562927483,True
3,9,X,Left_VentralDC,-0.7,0.03576957497026169,9,-1.4464862202974007,True
3,9,X,Right_Accumbens_area,-0.16666666666666669,0.668231040071504,9,-0.1750733547699102,True
3,9,X,Right_Amygdala,-0.6,0.0876228290414024,9,-1.0573827290483286,True
3,9,X,Right_Caudate,-0.21666666666666667,0.5755148957119259,9,-0.23994343130130588,True
3,9,X,Right_Cerebellum_Cortex,0.39999999999999997,0.2861051019083129,9,0.5434743976618063,True
3,9,X,Right_Hippocampus,-0.5833333333333334,0.09918581647988323,9,-1.0035504272906353,True
3,9,X,Right_Pallidum,-0.21666666666666667,0.5755148957119259,9,-0.23994343130130588,True
3,9,X,Right_Putamen,0.5,0.17047066078705375,9,0.7683503554087576,True
3,9,X,Right_Thalamus,-0.09999999999999999,0.797971695234851,9,-0.09801251318727557,True
3,9,X,Right_VentralDC,-0.41666666666666663,0.26458604674749614,9,-0.5774330625685861,True
3,9,X,ctx_lh_bankssts,0.6666666666666667,0.04986723056888511,9,1.302184750130315,False
3,9,X,ctx_lh_caudalanteriorcingulate,0.25,0.5164895523012263,9,0.286938459088828,False
3,9,X,ctx_lh_caudalmiddlefrontal,0.6333333333333333,0.06708578689234565,9,1.173369481739571,False
3,9,X,ctx_lh_cuneus,0.6833333333333333,0.04244227208707231,9,1.3722013748068616,False
3,9,X,ctx_lh_entorhinal,-0.3,0.4328453267094823,9,-0.3636672670579554,False
3,9,X,ctx_lh_frontalpole,-0.08333333333333334,0.831214097710308,9,-0.08028709958721988,False
3,9,X,ctx_lh_fusiform,0.08333333333333334,0.831214097710308,9,0.08028709958721988,False
3,9,X,ctx_lh_inferiorparietal,0.5666666666666667,0.11163298761149111,9,0.9522074521662469,False
3,9,X,ctx_lh_inferiortemporal,0.13333333333333333,0.7323675052362975,9,0.13527093336220317,False
3,9,X,ctx_lh_insula,0.18333333333333335,0.6368198117628943,9,0.1959834339552791,False
3,9,X,ctx_lh_isthmuscingulate,0.25,0.5164895523012263,9,0.286938459088828,False
3,9,X,ctx_lh_lateraloccipital,0.5333333333333333,0.13922686754397814,9,0.8562769479140179,False
3,9,X,ctx_lh_lateralorbitofrontal,-0.08333333333333334,0.831214097710308,9,-0.08028709958721988,False
3,9,X,ctx_lh_lingual,0.06666666666666667,0.8646897846262037,9,0.06313967171325949,False
3,9,X,ctx_lh_medialorbitofrontal,-0.25,0.5164895523012263,9,-0.286938459088828,False
3,9,X,ctx_lh_middletemporal,0.31666666666666665,0.4063970144863861,9,0.3910494911691439,False
3,9,X,ctx_lh_paracentral,0.25,0.5164895523012263,9,0.286938459088828,False
3,9,X,ctx_lh_parahippocampal,-0.26666666666666666,0.4879222748387009,9,-0.31164935483564815,False
3,9,X,ctx_lh_parsopercularis,0.41666666666666663,0.26458604674749614,9,0.5774330625685861,False
3,9,X,ctx_lh_parsorbitalis,0.21666666666666667,0.5755148957119259,9,0.23994343130130588,False
3,9,X,ctx_lh_parstriangularis,0.11666666666666665,0.7650079429261462,9,0.11633405562927483,False
3,9,X,ctx_lh_pericalcarine,0.5,0.17047066078705375,9,0.7683503554087576,False
3,9,X,ctx_lh_postcentral,0.19999999999999998,0.6059012741795533,9,0.21759813420330992,False
3,9,X,ctx_lh_posteriorcingulate,0.2833333333333333,0.46003032896571994,9,0.3372135351265754,False
3,9,X,ctx_lh_precentral,0.3666666666666667,0.33173980143301507,9,0.479202419629907,False
3,9,X,ctx_lh_precuneus,0.19999999999999998,0.6059012741795533,9,0.21759813420330992,False
3,9,X,ctx_lh_rostralanteriorcingulate,-0.15,0.7000942309691419,9,-0.15484350107765069,False
3,9,X,ctx_lh_rostralmiddlefrontal,0.049999999999999996,0.8983528043506301,9,0.04655307213895116,False
3,9,X,ctx_lh_superiorfrontal,0.39999999999999997,0.2861051019083129,9,0.5434743976618063,False
3,9,X,ctx_lh_superiorparietal,0.35,0.35581957250178897,9,0.44877016643833767,False
3,9,X,ctx_lh_superiortemporal,0.3,0.4328453267094823,9,0.3636672670579554,False
3,9,X,ctx_lh_supramarginal,0.3,0.4328453267094823,9,0.3636672670579554,False
3,9,X,ctx_lh_temporalpole,-0.03333333333333333,0.932156735540504,9,-0.030511057970754027,False
3,9,X,ctx_lh_transversetemporal,0.21666666666666667,0.5755148957119259,9,0.23994343130130588,False
3,9,X,ctx_rh_bankssts,0.6666666666666667,0.04986723056888511,9,1.302184750130315,False
3,9,X,ctx_rh_caudalanteriorcingulate,0.0,1.0,9,-0.0,False
3,9,X,ctx_rh_caudalmiddlefrontal,0.5499999999999999,0.12497678418833198,9,0.9031706544744225,False
3,9,X,ctx_rh_cuneus,0.7333333333333334,0.02455415007146968,9,1.609875094139141,False
3,9,X,ctx_rh_entorhinal,-0.26666666666666666,0.4879222748387009,9,-0.31164935483564815,False
3,9,X,ctx_rh_frontalpole,0.2333333333333333,0.5456987782182727,9,0.26304701857099777,False
3,9,X,ctx_rh_fusiform,0.06666666666666667,0.8646897846262037,9,0.06313967171325949,False
3,9,X,ctx_rh_inferiorparietal,0.5166666666666667,0.1543901209862251,9,0.8113804924616288,False
3,9,X,ctx_rh_inferiortemporal,0.16666666666666669,0.668231040071504,9,0.1750733547699102,False
3,9,X,ctx_rh_insula,0.25,0.5164895523012263,9,0.286938459088828,False
3,9,X,ctx_rh_isthmuscingulate,0.06666666666666667,0.8646897846262037,9,0.06313967171325949,False
3,9,X,ctx_rh_lateraloccipital,0.6,0.0876228290414024,9,1.0573827290483286,False
3,9,X,ctx_rh_lateralorbitofrontal,-0.2333333333333333,0.5456987782182727,9,-0.26304701857099777,False
3,9,X,ctx_rh_lingual,0.4666666666666666,0.20538635110581185,9,0.6874284207016689,False
3,9,X,ctx_rh_medialorbitofrontal,0.13333333333333333,0.7323675052362975,9,0.13527093336220317,False
3,9,X,ctx_rh_middletemporal,0.2333333333333333,0.5456987782182727,9,0.26304701857099777,False
3,9,X,ctx_rh_paracentral,0.26666666666666666,0.4879222748387009,9,0.31164935483564815,False
3,9,X,ctx_rh_parahippocampal,-0.38333333333333336,0.30849527238037144,9,-0.5107514870435415,False
3,9,X,ctx_rh_parsopercularis,0.19999999999999998,0.6059012741795533,9,0.21759813420330992,False
3,9,X,ctx_rh_parsorbitalis,0.18333333333333335,0.6368198117628943,9,0.1959834339552791,False
3,9,X,ctx_rh_parstriangularis,0.049999999999999996,0.8983528043506301,9,0.04655307213895116,False
3,9,X,ctx_rh_pericalcarine,0.4666666666666666,0.20538635110581185,9,0.6874284207016689,False
3,9,X,ctx_rh_postcentral,0.3,0.4328453267094823,9,0.3636672670579554,False
3,9,X,ctx_rh_posteriorcingulate,0.19999999999999998,0.6059012741795533,9,0.21759813420330992,False
3,9,X,ctx_rh_precentral,0.3666666666666667,0.33173980143301507,9,0.479202419629907,False
3,9,X,ctx_rh_precuneus,0.31666666666666665,0.4063970144863861,9,0.3910494911691439,False
3,9,X,ctx_rh_rostralanteriorcingulate,-0.06666666666666667,0.8646897846262037,9,-0.06313967171325949,False
3,9,X,ctx_rh_rostralmiddlefrontal,0.13333333333333333,0.7323675052362975,9,0.13527093336220317,False
3,9,X,ctx_rh_superiorfrontal,0.39999999999999997,0.2861051019083129,9,0.5434743976618063,False
3,9,X,ctx_rh_superiorparietal,0.3666666666666667,0.33173980143301507,9,0.479202419629907,False
3,9,X,ctx_rh_superiortemporal,0.18333333333333335,0.6368198117628943,9,0.1959834339552791,False
3,9,X,ctx_rh_supramarginal,0.26666666666666666,0.4879222748387009,9,0.31164935483564815,False
3,9,X,ctx_rh_temporalpole,-0.049999999999999996,0.8983528043506301,9,-0.04655307213895116,False
3,9,X,ctx_rh_transversetemporal,0.18333333333333335,0.6368198117628943,9,0.1959834339552791,False
unassigned,7,X,Left_Accumbens_area,0.1785714285714286,0.7016579425162729,7,0.1538745543683028,True
unassigned,7,X,Left_Amygdala,0.14285714285714288,0.7599453002180929,7,0.11921766649339006,True
unassigned,7,X,Left_Caudate,0.07142857142857144,0.8790481931481541,7,0.05598731440909248,True
unassigned,7,X,Left_Cerebellum_Cortex,0.21428571428571433,0.6445115810207203,7,0.19076927454299716,True
unassigned,7,X,Left_Hippocampus,0.0,1.0,7,-0.0,True
unassigned,7,X,Left_Pallidum,0.1785714285714286,0.7016579425162729,7,0.1538745543683028,True
unassigned,7,X,Left_Putamen,0.21428571428571433,0.6445115810207203,7,0.19076927454299716,True
unassigned,7,X,Left_Thalamus,0.10714285714285716,0.8191508555699912,7,0.086636110805489,True
unassigned,7,X,Left_VentralDC,0.10714285714285716,0.8191508555699912,7,0.086636110805489,True
unassigned,7,X,Right_Accumbens_area,-0.21428571428571433,0.6445115810207203,7,-0.19076927454299716,True
unassigned,7,X,Right_Amygdala,0.0,1.0,7,-0.0,True
unassigned,7,X,Right_Caudate,-0.1785714285714286,0.7016579425162729,7,-0.1538745543683028,True
unassigned,7,X,Right_Cerebellum_Cortex,0.07142857142857144,0.8790481931481541,7,0.05598731440909248,True
unassigned,7,X,Right_Hippocampus,-0.1785714285714286,0.7016579425162729,7,-0.1538745543683028,True
unassigned,7,X,Right_Pallidum,0.39285714285714296,0.38331687042697266,7,0.4164420662867169,True
unassigned,7,X,Right_Putamen,0.5714285714285715,0.1802019889115274,7,0.7442404199688618,True
unassigned,7,X,Right_Thalamus,0.10714285714285716,0.8191508555699912,7,0.086636110805489,True
unassigned,7,X,Right_VentralDC,-0.14285714285714288,0.7599453002180929,7,-0.11921766649339006,True
unassigned,7,X,ctx_lh_bankssts,0.14285714285714288,0.7599453002180929,7,0.11921766649339006,False
unassigned,7,X,ctx_lh_caudalanteriorcingulate,0.4642857142857144,0.2939341076002517,7,0.5317500162304679,False
unassigned,7,X,ctx_lh_caudalmiddlefrontal,0.28571428571428575,0.5345092286010406,7,0.27204479205313054,False
unassigned,7,X,ctx_lh_cuneus,0.0,1.0,7,-0.0,False
unassigned,7,X,ctx_lh_entorhinal,0.1785714285714286,0.7016579425162729,7,0.1538745543683028,False
unassigned,7,X,ctx_lh_frontalpole,0.0,1.0,7,-0.0,False
unassigned,7,X,ctx_lh_fusiform,0.1785714285714286,0.7016579425162729,7,0.1538745543683028,False
unassigned,7,X,ctx_lh_inferiorparietal,-0.10714285714285716,0.8191508555699912,7,-0.086636110805489,False
unassigned,7,X,ctx_lh_inferiortemporal,0.42857142857142866,0.337368311085824,7,0.471895712994343,False
unassigned,7,X,ctx_lh_insula,0.28571428571428575,0.5345092286010406,7,0.27204479205313054,False
unassigned,7,X,ctx_lh_isthmuscingulate,0.21428571428571433,0.6445115810207203,7,0.19076927454299716,False
unassigned,7,X,ctx_lh_lateraloccipital,0.3571428571428572,0.4316113520383278,7,0.36490714123016355,False
unassigned,7,X,ctx_lh_lateralorbitofrontal,0.28571428571428575,0.5345092286010406,7,0.27204479205313054,False
unassigned,7,X,ctx_lh_lingual,0.10714285714285716,0.8191508555699912,7,0.086636110805489,False
unassigned,7,X,ctx_lh_medialorbitofrontal,0.3214285714285715,0.4820720382996776,7,0.3168880582376563,False
unassigned,7,X,ctx_lh_middletemporal,0.1785714285714286,0.7016579425162729,7,0.1538745543683028,False
unassigned,7,X,ctx_lh_paracentral,0.03571428571428572,0.9394082054712856,7,0.02714565069382036,False
unassigned,7,X,ctx_lh_parahippocampal,0.25,0.5887244480896833,7,0.2300879287708473,False
unassigned,7,X,ctx_lh_parsopercularis,0.3214285714285715,0.4820720382996776,7,0.3168880582376563,False
unassigned,7,X,ctx_lh_parsorbitalis,0.5357142857142858,0.21521745567801273,7,0.6671225071822393,False
unassigned,7,X,ctx_lh_parstriangularis,0.39285714285714296,0.38331687042697266,7,0.4164420662867169,False
unassigned,7,X,ctx_lh_pericalcarine,-0.07142857142857144,0.8790481931481541,7,-0.05598731440909248,False
unassigned,7,X,ctx_lh_postcentral,0.25,0.5887244480896833,7,0.2300879287708473,False
unassigned,7,X,ctx_lh_posteriorcingulate,0.10714285714285716,0.8191508555699912,7,0.086636110805489,False
unassigned,7,X,ctx_lh_precentral,0.7500000000000002,0.05218140045705776,7,1.2824842693789449,False
unassigned,7,X,ctx_lh_precuneus,0.14285714285714288,0.7599453002180929,7,0.11921766649339006,False
unassigned,7,X,ctx_lh_rostralanteriorcingulate,0.3214285714285715,0.4820720382996776,7,0.3168880582376563,False
unassigned,7,X,ctx_lh_rostralmiddlefrontal,0.1785714285714286,0.7016579425162729,7,0.1538745543683028,False
unassigned,7,X,ctx_lh_superiorfrontal,0.3214285714285715,0.4820720382996776,7,0.3168880582376563,False
unassigned,7,X,ctx_lh_superiorparietal,0.10714285714285716,0.8191508555699912,7,0.086636110805489,False
unassigned,7,X,ctx_lh_superiortemporal,0.4642857142857144,0.2939341076002517,7,0.5317500162304679,False
unassigned,7,X,ctx_lh_supramarginal,0.1785714285714286,0.7016579425162729,7,0.1538745543683028,False
unassigned,7,X,ctx_lh_temporalpole,0.0,1.0,7,-0.0,False
unassigned,7,X,ctx_lh_transversetemporal,0.21428571428571433,0.6445115810207203,7,0.19076927454299716,False
unassigned,7,X,ctx_rh_bankssts,0.14285714285714288,0.7599453002180929,7,0.11921766649339006,False
unassigned,7,X,ctx_rh_caudalanteriorcingulate,0.10714285714285716,0.8191508555699912,7,0.086636110805489,False
unassigned,7,X,ctx_rh_caudalmiddlefrontal,0.07142857142857144,0.8790481931481541,7,0.05598731440909248,False
unassigned,7,X,ctx_rh_cuneus,-0.03571428571428572,0.9394082054712856,7,-0.02714565069382036,False
unassigned,7,X,ctx_rh_entorhinal,0.0,1.0,7,-0.0,False
unassigned,7,X,ctx_rh_frontalpole,0.8571428571428573,0.01369732661532562,7,1.8633641882821128,False
unassigned,7,X,ctx_rh_fusiform,0.21428571428571433,0.6445115810207203,7,0.19076927454299716,False
unassigned,7,X,ctx_rh_inferiorparietal,0.0,1.0,7,-0.0,False
unassigned,7,X,ctx_rh_inferiortemporal,0.21428571428571433,0.6445115810207203,7,0.19076927454299716,False
unassigned,7,X,ctx_rh_insula,0.14285714285714288,0.7599453002180929,7,0.11921766649339006,False
unassigned,7,X,ctx_rh_isthmuscingulate,0.10714285714285716,0.8191508555699912,7,0.086636110805489,False
unassigned,7,X,ctx_rh_lateraloccipital,0.21428571428571433,0.6445115810207203,7,0.19076927454299716,False
unassigned,7,X,ctx_rh_lateralorbitofrontal,0.10714285714285716,0.8191508555699912,7,0.086636110805489,False
unassigned,7,X,ctx_rh_lingual,0.1785714285714286,0.7016579425162729,7,0.1538745543683028,False
unassigned,7,X,ctx_rh_medialorbitofrontal,0.21428571428571433,0.6445115810207203,7,0.19076927454299716,False
unassigned,7,X,ctx_rh_middletemporal,0.07142857142857144,0.8790481931481541,7,0.05598731440909248,False
unassigned,7,X,ctx_rh_paracentral,0.39285714285714296,0.38331687042697266,7,0.4164420662867169,False
unassigned,7,X,ctx_rh_parahippocampal,0.1785714285714286,0.7016579425162729,7,0.1538745543683028,False
unassigned,7,X,ctx_rh_parsopercularis,0.21428571428571433,0.6445115810207203,7,0.19076927454299716,False
unassigned,7,X,ctx_rh_parsorbitalis,0.7857142857142859,0.03623846267982713,7,1.4408302343900763,False
unassigned,7,X,ctx_rh_parstriangularis,0.5,0.25316999510032273,7,0.5965877668005096,False
unassigned,7,X,ctx_rh_pericalcarine,-0.07142857142857144,0.8790481931481541,7,-0.05598731440909248,False
unassigned,7,X,ctx_rh_postcentral,0.5,0.25316999510032273,7,0.5965877668005096,False
unassigned,7,X,ctx_rh_posteriorcingulate,0.14285714285714288,0.7599453002180929,7,0.11921766649339006,False
unassigned,7,X,ctx_rh_precentral,0.28571428571428575,0.5345092286010406,7,0.27204479205313054,False
unassigned,7,X,ctx_rh_precuneus,0.1785714285714286,0.7016579425162729,7,0.1538745543683028,False
unassigned,7,X,ctx_rh_rostralanteriorcingulate,0.28571428571428575,0.5345092286010406,7,0.27204479205313054,False
unassigned,7,X,ctx_rh_rostralmiddlefrontal,0.1785714285714286,0.7016579425162729,7,0.1538745543683028,False
unassigned,7,X,ctx_rh_superiorfrontal,0.1785714285714286,0.7016579425162729,7,0.1538745543683028,False
unassigned,7,X,ctx_rh_superiorparietal,0.10714285714285716,0.8191508555699912,7,0.086636110805489,False
unassigned,7,X,ctx_rh_superiortemporal,0.4642857142857144,0.2939341076002517,7,0.5317500162304679,False
unassigned,7,X,ctx_rh_supramarginal,0.21428571428571433,0.6445115810207203,7,0.19076927454299716,False
unassigned,7,X,ctx_rh_temporalpole,0.28571428571428575,0.5345092286010406,7,0.27204479205313054,False
unassigned,7,X,ctx_rh_transversetemporal,0.10714285714285716,0.8191508555699912,7,0.086636110805489,False
0,12,Y,Left_Accumbens_area,0.25874125874125875,0.41677476889913834,12,0.3800985806383651,True
0,12,Y,Left_Amygdala,0.2027972027972028,0.5273023541661082,12,0.27794028973611035,True
0,12,Y,Left_Caudate,0.2657342657342658,0.40383308831471165,12,0.3937980997465938,True
0,12,Y,Left_Cerebellum_Cortex,0.06293706293706294,0.8459309212287789,12,0.07266510002722608,True
0,12,Y,Left_Hippocampus,-0.04895104895104895,0.8799185788786749,12,-0.05555751237217404,True
0,12,Y,Left_Pallidum,0.1958041958041958,0.5419358857313175,12,0.26605209006699926,True
0,12,Y,Left_Putamen,0.04895104895104895,0.8799185788786749,12,0.05555751237217404,True
0,12,Y,Left_Thalamus,0.2867132867132868,0.36625146058358227,12,0.4362206347002906,True
0,12,Y,Left_VentralDC,0.2377622377622378,0.4568008526399232,12,0.3402730941307108,True
0,12,Y,Right_Accumbens_area,0.22377622377622378,0.48445166145539886,12,0.3147495503170274,True
0,12,Y,Right_Amygdala,0.27272727272727276,0.3910967709418962,12,0.4077157697494941,True
0,12,Y,Right_Caudate,0.5104895104895105,0.08991373630263913,12,1.0461739551552438,True
0,12,Y,Right_Cerebellum_Cortex,0.30069930069930073,0.34225952894002465,12,0.46564445171563235,True
0,12,Y,Right_Hippocampus,0.27272727272727276,0.3910967709418962,12,0.4077157697494941,True
0,12,Y,Right_Pallidum,-0.22377622377622378,0.48445166145539886,12,-0.3147495503170274,True
0,12,Y,Right_Putamen,-0.10489510489510491,0.7456094809807079,12,-0.12748857824068238,True
0,12,Y,Right_Thalamus,0.0979020979020979,0.762121655996299,12,0.11797569754396606,True
0,12,Y,Right_VentralDC,0.16083916083916086,0.6175234895401425,12,0.20934651793284345,True
0,12,Y,ctx_lh_bankssts,-0.23076923076923078,0.470531995381542,12,-0.3274108399408542,False
0,12,Y,ctx_lh_caudalanteriorcingulate,0.08391608391608392,0.7954145018538977,12,0.09940649529910545,False
0,12,Y,ctx_lh_caudalmiddlefrontal,-0.15384615384615385,0.6330906812462618,12,-0.19853407901227083,False
0,12,Y,ctx_lh_cuneus,0.2517482517482518,0.42991878503288405,12,0.36661357824217705,False
0,12,Y,ctx_lh_entorhinal,0.37762237762237766,0.22620604493502663,12,0.6454957935447486,False
0,12,Y,ctx_lh_frontalpole,0.21678321678321683,0.49855598552418856,12,0.30228606535837504,False
0,12,Y,ctx_lh_fusiform,0.04195804195804196,0.8969858708195542,12,0.04721439784044483,False
0,12,Y,ctx_lh_inferiorparietal,0.09090909090909093,0.7787253962454419,12,0.10861566160871236,False
0,12,Y,ctx_lh_inferiortemporal,0.02097902097902098,0.9484022252365223,12,0.023007435707336574,False
0,12,Y,ctx_lh_insula,-0.15384615384615385,0.6330906812462618,12,-0.19853407901227083,False
0,12,Y,ctx_lh_isthmuscingulate,0.3076923076923077,0.3305892594121097,12,0.4807112604252688,False
0,12,Y,ctx_lh_lateraloccipital,-0.1398601398601399,0.6646331617926677,12,-0.17741799344510945,False
0,12,Y,ctx_lh_lateralorbitofrontal,0.006993006993006993,0.9827917689028476,12,0.007538489488500038,False
0,12,Y,ctx_lh_lingual,0.18181818181818185,0.5717012385276553,12,0.24283086693363062,False
0,12,Y,ctx_lh_medialorbitofrontal,-0.2377622377622378,0.4568008526399232,12,-0.3402730941307108,False
0,12,Y,ctx_lh_middletemporal,-0.013986013986013986,0.9655902689187795,12,-0.01520711964659393,False
0,12,Y,ctx_lh_paracentral,0.16783216783216784,0.602099427786538,12,0.2203317855303825,False
0,12,Y,ctx_lh_parahippocampal,0.44755244755244755,0.14458630130334754,12,0.8398728519252052,False
0,12,Y,ctx_lh_parsopercularis,-0.16783216783216784,0.602099427786538,12,-0.2203317855303825,False
0,12,Y,ctx_lh_parsorbitalis,0.11188811188811189,0.729194990751066,12,0.13715632341893025,False
0,12,Y,ctx_lh_parstriangularis,-0.2377622377622378,0.4568008526399232,12,-0.3402730941307108,False
0,12,Y,ctx_lh_pericalcarine,0.055944055944055944,0.8628980736949712,12,0.06404050051434294,False
0,12,Y,ctx_lh_postcentral,-0.04895104895104895,0.8799185788786749,12,-0.05555751237217404,False
0,12,Y,ctx_lh_posteriorcingulate,-0.16783216783216784,0.602099427786538,12,-0.2203317855303825,False
0,12,Y,ctx_lh_precentral,-0.02097902097902098,0.9484022252365223,12,-0.023007435707336574,False
0,12,Y,ctx_lh_precuneus,0.1398601398601399,0.6646331617926677,12,0.17741799344510945,False
0,12,Y,ctx_lh_rostralanteriorcingulate,-0.02097902097902098,0.9484022252365223,12,-0.023007435707336574,False
0,12,Y,ctx_lh_rostralmiddlefrontal,-0.04895104895104895,0.8799185788786749,12,-0.05555751237217404,False
0,12,Y,ctx_lh_superiorfrontal,-0.1398601398601399,0.6646331617926677,12,-0.17741799344510945,False
0,12,Y,ctx_lh_superiorparietal,0.055944055944055944,0.8628980736949712,12,0.06404050051434294,False
0,12,Y,ctx_lh_superiortemporal,0.1258741258741259,0.6966831093957659,12,0.15696471850969104,False
0,12,Y,ctx_lh_supramarginal,0.1258741258741259,0.6966831093957659,12,0.15696471850969104,False
0,12,Y,ctx_lh_temporalpole,-0.013986013986013986,0.9655902689187795,12,-0.01520711964659393,False
0,12,Y,ctx_lh_transversetemporal,-0.27272727272727276,0.3910967709418962,12,-0.4077157697494941,False
0,12,Y,ctx_rh_bankssts,0.1258741258741259,0.6966831093957659,12,0.15696471850969104,False
0,12,Y,ctx_rh_caudalanteriorcingulate,-0.1398601398601399,0.6646331617926677,12,-0.17741799344510945,False
0,12,Y,ctx_rh_caudalmiddlefrontal,0.2027972027972028,0.5273023541661082,12,0.27794028973611035,False
0,12,Y,ctx_rh_cuneus,0.43356643356643365,0.1591057694121953,12,0.7983140719030672,False
0,12,Y,ctx_rh_entorhinal,0.4265734265734266,0.16669998762494495,12,0.7780644324120566,False
0,12,Y,ctx_rh_frontalpole,0.10489510489510491,0.7456094809807079,12,0.12748857824068238,False
0,12,Y,ctx_rh_fusiform,0.1398601398601399,0.6646331617926677,12,0.17741799344510945,False
0,12,Y,ctx_rh_inferiorparietal,0.11188811188811189,0.729194990751066,12,0.13715632341893025,False
0,12,Y,ctx_rh_inferiortemporal,0.3636363636363637,0.2452650007307772,12,0.6103644211126535,False
0,12,Y,ctx_rh_insula,-0.18881118881118883,0.5567370561768314,12,-0.2543498712787897,False
0,12,Y,ctx_rh_isthmuscingulate,0.2517482517482518,0.42991878503288405,12,0.36661357824217705,False
0,12,Y,ctx_rh_lateraloccipital,0.11188811188811189,0.729194990751066,12,0.13715632341893025,False
0,12,Y,ctx_rh_lateralorbitofrontal,-0.07692307692307693,0.8121826980280591,12,-0.09034626654627316,False
0,12,Y,ctx_rh_lingual,0.22377622377622378,0.48445166145539886,12,0.3147495503170274,False
0,12,Y,ctx_rh_medialorbitofrontal,-0.02097902097902098,0.9484022252365223,12,-0.023007435707336574,False
0,12,Y,ctx_rh_middletemporal,0.1958041958041958,0.5419358857313175,12,0.26605209006699926,False
0,12,Y,ctx_rh_paracentral,-0.013986013986013986,0.9655902689187795,12,-0.01520711964659393,False
0,12,Y,ctx_rh_parahippocampal,0.30069930069930073,0.34225952894002465,12,0.46564445171563235,False
0,12,Y,ctx_rh_parsopercularis,-0.2447552447552448,0.4432619364501832,12,-0.35333956060093236,False
0,12,Y,ctx_rh_parsorbitalis,-0.1188811188811189,0.712884219214772,12,-0.14698099895484662,False
0,12,Y,ctx_rh_parstriangularis,-0.10489510489510491,0.7456094809807079,12,-0.12748857824068238,False
0,12,Y,ctx_rh_pericalcarine,0.10489510489510491,0.7456094809807079,12,0.12748857824068238,False
0,12,Y,ctx_rh_postcentral,-0.06993006993006995,0.8290236405313092,12,-0.0814330848828885,False
0,12,Y,ctx_rh_posteriorcingulate,-0.09090909090909093,0.7787253962454419,12,-0.10861566160871236,False
0,12,Y,ctx_rh_precentral,-0.16083916083916086,0.6175234895401425,12,-0.20934651793284345,False
0,12,Y,ctx_rh_precuneus,0.2517482517482518,0.42991878503288405,12,0.36661357824217705,False
0,12,Y,ctx_rh_rostralanteriorcingulate,-0.06993006993006995,0.8290236405313092,12,-0.0814330848828885,False
0,12,Y,ctx_rh_rostralmiddlefrontal,0.013986013986013986,0.9655902689187795,12,0.01520711964659393,False
0,12,Y,ctx_rh_superiorfrontal,-0.09090909090909093,0.7787253962454419,12,-0.10861566160871236,False
0,12,Y,ctx_rh_superiorparietal,0.1398601398601399,0.6646331617926677,12,0.17741799344510945,False
0,12,Y,ctx_rh_superiortemporal,0.06293706293706294,0.8459309212287789,12,0.07266510002722608,False
0,12,Y,ctx_rh_supramarginal,0.06293706293706294,0.8459309212287789,12,0.07266510002722608,False
0,12,Y,ctx_rh_temporalpole,-0.08391608391608392,0.7954145018538977,12,-0.09940649529910545,False
0,12,Y,ctx_rh_transversetemporal,-0.1328671328671329,0.6805975082860818,12,-0.1671096452190311,False
1,14,Y,Left_Accumbens_area,0.18681318681318684,0.5225040123791591,14,0.2819103701978894,True
1,14,Y,Left_Amygdala,0.3230769230769231,0.25987361950878973,14,0.5852378046977321,True
1,14,Y,Left_Caudate,0.35824175824175825,0.2084981247907672,14,0.6808978466695258,True
1,14,Y,Left_Cerebellum_Cortex,-0.006593406593406593,0.9821527354577905,14,-0.007820969434481628,True
1,14,Y,Left_Hippocampus,0.24835164835164836,0.39191953893845743,14,0.40680308446365054,True
1,14,Y,Left_Pallidum,-0.38461538461538464,0.17450875077509556,14,-0.7581827903778755,True
1,14,Y,Left_Putamen,-0.02417582417582418,0.9346189946036425,14,-0.029365396896425124,True
1,14,Y,Left_Thalamus,0.23956043956043957,0.4094298928517326,14,0.3878204522777646,True
1,14,Y,Left_VentralDC,-0.07252747252747253,0.8053763135410923,14,-0.09400114732564334,True
1,14,Y,Right_Accumbens_area,-0.01978021978021978,0.9464892274080114,14,-0.023884324651986533,True
1,14,Y,Right_Amygdala,0.15604395604395604,0.594234700580851,14,0.2260419909861472,True
1,14,Y,Right_Caudate,0.05054945054945055,0.8637420361792153,14,0.06361594385434859,True
1,14,Y,Right_Cerebellum_Cortex,0.2835164835164835,0.32596594744177265,14,0.48682776683566786,True
1,14,Y,Right_Hippocampus,-0.03736263736263736,0.899093096973967,14,-0.04619533673311713,True
1,14,Y,Right_Pallidum,-0.1032967032967033,0.725282211088945,14,-0.13949297429704627,True
1,14,Y,Right_Putamen,0.0945054945054945,0.7479382611415478,14,0.12613424966515466,True
1,14,Y,Right_Thalamus,-0.04615384615384615,0.8755025376321142,14,-0.0577425907821032,True
1,14,Y,Right_VentralDC,-0.4241758241758242,0.13063731043811047,14,-0.883932769437274,True
1,14,Y,ctx_lh_bankssts,0.3758241758241759,0.185410028697123,14,0.731866778875294,False
1,14,Y,ctx_lh_caudalanteriorcingulate,0.04175824175824176,0.8872869731890637,14,0.05193589458117909,False
1,14,Y,ctx_lh_caudalmiddlefrontal,-0.032967032967032975,0.910918653071845,14,-0.040520404694867534,False
1,14,Y,ctx_lh_cuneus,0.08131868131868132,0.7822747512440957,14,0.10664068684757368,False
1,14,Y,ctx_lh_entorhinal,0.02857142857142857,0.9227613765698746,14,0.03491059175564594,False
1,14,Y,ctx_lh_frontalpole,0.07252747252747253,0.8053763135410923,14,0.09400114732564334,False
1,14,Y,ctx_lh_fusiform,0.23076923076923075,0.4273358616774501,14,0.36923066001428206,False
1,14,Y,ctx_lh_inferiorparietal,0.04175824175824176,0.8872869731890637,14,0.05193589458117909,False
1,14,Y,ctx_lh_inferiortemporal,0.01098901098901099,0.970258390096969,14,0.013112593105276139,False
1,14,Y,ctx_lh_insula,0.0857142857142857,0.7707850311186757,14,0.11306672806651169,False
1,14,Y,ctx_lh_isthmuscingulate,0.221978021978022,0.44562965795360865,14,0.351025913307898,False
1,14,Y,ctx_lh_lateraloccipital,-0.04175824175824176,0.8872869731890637,14,-0.05193589458117909,False
1,14,Y,ctx_lh_lateralorbitofrontal,-0.24835164835164836,0.39191953893845743,14,-0.40680308446365054,False
1,14,Y,ctx_lh_lingual,0.23076923076923075,0.4273358616774501,14,0.36923066001428206,False
1,14,Y,ctx_lh_medialorbitofrontal,-0.002197802197802198,0.9940505286658998,14,-0.002591539382322533,False
1,14,Y,ctx_lh_middletemporal,0.14725274725274726,0.6154187624847252,14,0.2108292674006022,False
1,14,Y,ctx_lh_paracentral,0.015384615384615385,0.9583697893719862,14,0.018466884975459116,False
1,14,Y,ctx_lh_parahippocampal,0.27912087912087913,0.33384507719455425,14,0.47645502339336615,False
1,14,Y,ctx_lh_parsopercularis,-0.17362637362637365,0.5527669411422413,14,-0.2574579383343298,False
1,14,Y,ctx_lh_parsorbitalis,0.2087912087912088,0.4737788373098136,14,0.3244243421882531,False
1,14,Y,ctx_lh_parstriangularis,0.04175824175824176,0.8872869731890637,14,0.05193589458117909,False
1,14,Y,ctx_lh_pericalcarine,0.367032967032967,0.1967388717074885,14,0.7061098236078471,False
1,14,Y,ctx_lh_postcentral,-0.05054945054945055,0.8637420361792153,14,-0.06361594385434859,False
1,14,Y,ctx_lh_posteriorcingulate,0.1824175824175824,0.5325088185186945,14,0.27367319577223737,False
1,14,Y,ctx_lh_precentral,-0.12967032967032965,0.658619276321178,14,-0.18136556260466258,False
1,14,Y,ctx_lh_precuneus,0.01098901098901099,0.970258390096969,14,0.013112593105276139,False
1,14,Y,ctx_lh_rostralanteriorcingulate,-0.1164835164835165,0.6916912502331573,14,-0.16008771803173125,False
1,14,Y,ctx_lh_rostralmiddlefrontal,0.09010989010989012,0.7593388378159541,14,0.11956438674423242,False
1,14,Y,ctx_lh_superiorfrontal,0.37142857142857144,0.1910208120436164,14,0.7189193130491374,False
1,14,Y,ctx_lh_superiorparietal,-0.1956043956043956,0.5027500912969567,14,-0.29864784186546034,False
1,14,Y,ctx_lh_superiortemporal,0.3274725274725274,0.2530710007719406,14,0.5967576174900217,False
1,14,Y,ctx_lh_supramarginal,0.0857142857142857,0.7707850311186757,14,0.11306672806651169,False
1,14,Y,ctx_lh_temporalpole,0.3054945054945055,0.2881698858754571,14,0.5403514054840255,False
1,14,Y,ctx_lh_transversetemporal,0.032967032967032975,0.910918653071845,14,0.040520404694867534,False
1,14,Y,ctx_rh_bankssts,-0.0857142857142857,0.7707850311186757,14,-0.11306672806651169,False
1,14,Y,ctx_rh_caudalanteriorcingulate,-0.06373626373626373,0.828626422928612,14,-0.08164122219735648,False
1,14,Y,ctx_rh_caudalmiddlefrontal,0.2967032967032967,0.30296672383870205,14,0.5186050693420703,False
1,14,Y,ctx_rh_cuneus,0.3934065934065934,0.16403157340077784,14,0.7850725493061731,False
1,14,Y,ctx_rh_entorhinal,0.0989010989010989,0.7365853699253172,14,0.1327769113619142,False
1,14,Y,ctx_rh_frontalpole,0.059340659340659345,0.8403017626906826,14,0.07556472544161545,False
1,14,Y,ctx_rh_fusiform,0.26153846153846155,0.3664111370667421,14,0.4360313344225192,False
1,14,Y,ctx_rh_inferiorparietal,-0.03736263736263736,0.899093096973967,14,-0.04619533673311713,False
1,14,Y,ctx_rh_inferiortemporal,0.15164835164835166,0.6047905984521367,14,0.21839496861811628,False
1,14,Y,ctx_rh_insula,0.03736263736263736,0.899093096973967,14,0.04619533673311713,False
1,14,Y,ctx_rh_isthmuscingulate,0.26153846153846155,0.3664111370667421,14,0.4360313344225192,False
1,14,Y,ctx_rh_lateraloccipital,-0.2571428571428571,0.3748119038799703,14,-0.42618662454176137,False
1,14,Y,ctx_rh_lateralorbitofrontal,-0.1956043956043956,0.5027500912969567,14,-0.29864784186546034,False
1,14,Y,ctx_rh_lingual,0.3010989010989011,0.2955144656072166,14,0.529421255291602,False
1,14,Y,ctx_rh_medialorbitofrontal,-0.23076923076923075,0.4273358616774501,14,-0.36923066001428206,False
1,14,Y,ctx_rh_middletemporal,0.38461538461538464,0.17450875077509556,14,0.7581827903778755,False
1,14,Y,ctx_rh_paracentral,0.05054945054945055,0.8637420361792153,14,0.06361594385434859,False
1,14,Y,ctx_rh_parahippocampal,0.18681318681318684,0.5225040123791591,14,0.2819103701978894,False
1,14,Y,ctx_rh_parsopercularis,0.22637362637362637,0.4364347945560526,14,0.36008063278278846,False
1,14,Y,ctx_rh_parsorbitalis,-0.02857142857142857,0.9227613765698746,14,-0.03491059175564594,False
1,14,Y,ctx_rh_parstriangularis,0.1252747252747253,0.6695823965448444,14,0.17419597255352254,False
1,14,Y,ctx_rh_pericalcarine,0.37142857142857144,0.1910208120436164,14,0.7189193130491374,False
1,14,Y,ctx_rh_postcentral,0.01978021978021978,0.9464892274080114,14,0.023884324651986533,False
1,14,Y,ctx_rh_posteriorcingulate,0.01098901098901099,0.970258390096969,14,0.013112593105276139,False
1,14,Y,ctx_rh_precentral,0.0945054945054945,0.7479382611415478,14,0.12613424966515466,False
1,14,Y,ctx_rh_precuneus,0.23956043956043957,0.4094298928517326,14,0.3878204522777646,False
1,14,Y,ctx_rh_rostralanteriorcingulate,-0.2967032967032967,0.30296672383870205,14,-0.5186050693420703,False
1,14,Y,ctx_rh_rostralmiddlefrontal,0.006593406593406593,0.9821527354577905,14,0.007820969434481628,False
1,14,Y,ctx_rh_superiorfrontal,0.0857142857142857,0.7707850311186757,14,0.11306672806651169,False
1,14,Y,ctx_rh_superiorparietal,-0.21318681318681318,0.4643028200397442,14,-0.33319867854795404,False
1,14,Y,ctx_rh_superiortemporal,0.0945054945054945,0.7479382611415478,14,0.12613424966515466,False
1,14,Y,ctx_rh_supramarginal,0.23076923076923075,0.4273358616774501,14,0.36923066001428206,False
1,14,Y,ctx_rh_temporalpole,0.07692307692307693,0.7938058883554533,14,0.10028568387330485,False
1,14,Y,ctx_rh_transversetemporal,0.059340659340659345,0.8403017626906826,14,0.07556472544161545,False
2,10,Y,Left_Accumbens_area,0.13939393939393938,0.7009318849100584,10,0.15432418380938717,True
2,10,Y,Left_Amygdala,0.12727272727272726,0.7260570147627894,10,0.1390292743072959,True
2,10,Y,Left_Caudate,0.309090909090909,0.3848412302612835,10,0.4147184056681695,True
2,10,Y,Left_Cerebellum_Cortex,0.006060606060606061,0.9867429111949892,10,0.005795984912135871,True
2,10,Y,Left_Hippocampus,0.12727272727272726,0.7260570147627894,10,0.1390292743072959,True
2,10,Y,Left_Pallidum,-0.2606060606060606,0.4670890543863402,10,-0.3306003097092424,True
2,10,Y,Left_Putamen,-0.13939393939393938,0.7009318849100584,10,-0.15432418380938717,True
2,10,Y,Left_Thalamus,-0.0303030303030303,0.9337729580941466,10,-0.029758707317340795,True
2,10,Y,Left_VentralDC,0.11515151515151514,0.7514196523258483,10,0.12411745076177128,True
2,10,Y,Right_Accumbens_area,-0.006060606060606061,0.9867429111949892,10,-0.005795984912135871,True
2,10,Y,Right_Amygdala,0.4545454545454545,0.186904810349332,10,0.7283795210861914,True
2,10,Y,Right_Caudate,0.2606060606060606,0.4670890543863402,10,0.3306003097092424,True
2,10,Y,Right_Cerebellum_Cortex,0.07878787878787878,0.8287173946974606,10,0.08159354526172075,True
2,10,Y,Right_Hippocampus,0.2606060606060606,0.4670890543863402,10,0.3306003097092424,True
2,10,Y,Right_Pallidum,-0.38181818181818183,0.27625533338543595,10,-0.5586893287366765,True
2,10,Y,Right_Putamen,-0.11515151515151514,0.7514196523258483,10,-0.12411745076177128,True
2,10,Y,Right_Thalamus,-0.07878787878787878,0.8287173946974606,10,-0.08159354526172075,True
2,10,Y,Right_VentralDC,0.05454545454545454,0.8810361811618526,10,0.05500625622326251,True
2,10,Y,ctx_lh_bankssts,0.006060606060606061,0.9867429111949892,10,0.005795984912135871,False
2,10,Y,ctx_lh_caudalanteriorcingulate,-0.07878787878787878,0.8287173946974606,10,-0.08159354526172075,False
2,10,Y,ctx_lh_caudalmiddlefrontal,0.17575757575757575,0.6271883447764844,10,0.20260202086936144,False
2,10,Y,ctx_lh_cuneus,0.09090909090909088,0.8027717312071619,10,0.0954079291552768,False
2,10,Y,ctx_lh_entorhinal,0.29696969696969694,0.4047016712701569,10,0.3928650021270688,False
2,10,Y,ctx_lh_frontalpole,-0.19999999999999998,0.5795840000000001,10,-0.23688361217191653,False
2,10,Y,ctx_lh_fusiform,0.11515151515151514,0.7514196523258483,10,0.12411745076177128,False
2,10,Y,ctx_lh_inferiorparietal,-0.04242424242424241,0.907363817812816,10,-0.04221854272212306,False
2,10,Y,ctx_lh_inferiortemporal,0.01818181818181818,0.9602404181286243,10,0.01762001779947147,False
2,10,Y,ctx_lh_insula,0.07878787878787878,0.8287173946974606,10,0.08159354526172075,False
2,10,Y,ctx_lh_isthmuscingulate,-0.17575757575757575,0.6271883447764844,10,-0.20260202086936144,False
2,10,Y,ctx_lh_lateraloccipital,-0.24848484848484845,0.48877630451924314,10,-0.31088985650114037,False
2,10,Y,ctx_lh_lateralorbitofrontal,-0.38181818181818183,0.27625533338543595,10,-0.5586893287366765,False
2,10,Y,ctx_lh_lingual,0.23636363636363633,0.5108853175152002,10,0.29167657845642647,False
2,10,Y,ctx_lh_medialorbitofrontal,-0.06666666666666665,0.8548130882487426,10,-0.06812883686981806,False
2,10,Y,ctx_lh_middletemporal,0.3696969696969697,0.2930500752928223,10,0.5330581626998575,False
2,10,Y,ctx_lh_paracentral,-0.0303030303030303,0.9337729580941466,10,-0.029758707317340795,False
2,10,Y,ctx_lh_parahippocampal,0.13939393939393938,0.7009318849100584,10,0.15432418380938717,False
2,10,Y,ctx_lh_parsopercularis,-0.11515151515151514,0.7514196523258483,10,-0.12411745076177128,False
2,10,Y,ctx_lh_parsorbitalis,-0.01818181818181818,0.9602404181286243,10,-0.01762001779947147,False
2,10,Y,ctx_lh_parstriangularis,-0.07878787878787878,0.8287173946974606,10,-0.08159354526172075,False
2,10,Y,ctx_lh_pericalcarine,0.16363636363636364,0.6514773427962428,10,0.18610068366539814,False
2,10,Y,ctx_lh_postcentral,0.07878787878787878,0.8287173946974606,10,0.08159354526172075,False
2,10,Y,ctx_lh_posteriorcingulate,0.11515151515151514,0.7514196523258483,10,0.12411745076177128,False
2,10,Y,ctx_lh_precentral,-0.1515151515151515,0.6760651759978538,10,-0.17001143392259718,False
2,10,Y,ctx_lh_precuneus,0.13939393939393938,0.7009318849100584,10,0.15432418380938717,False
2,10,Y,ctx_lh_rostralanteriorcingulate,-0.3939393939393939,0.25999776683488757,10,-0.5850303822424536,False
2,10,Y,ctx_lh_rostralmiddlefrontal,-0.29696969696969694,0.4047016712701569,10,-0.3928650021270688,False
2,10,Y,ctx_lh_superiorfrontal,0.06666666666666665,0.8548130882487426,10,0.06812883686981806,False
2,10,Y,ctx_lh_superiorparietal,-0.04242424242424241,0.907363817812816,10,-0.04221854272212306,False
2,10,Y,ctx_lh_superiortemporal,0.4424242424242424,0.20042268671194224,10,0.698053120348942,False
2,10,Y,ctx_lh_supramarginal,0.28484848484848485,0.42503815489214547,10,0.3715720823841724,False
2,10,Y,ctx_lh_temporalpole,0.2727272727272727,0.44583834154275137,10,0.35082258546453154,False
2,10,Y,ctx_lh_transversetemporal,0.5393939393939393,0.1075931877824148,10,0.9682152249722612,False
2,10,Y,ctx_rh_bankssts,0.01818181818181818,0.9602404181286243,10,0.01762001779947147,False
2,10,Y,ctx_rh_caudalanteriorcingulate,0.16363636363636364,0.6514773427962428,10,0.18610068366539814,False
2,10,Y,ctx_rh_caudalmiddlefrontal,-0.04242424242424241,0.907363817812816,10,-0.04221854272212306,False
2,10,Y,ctx_rh_cuneus,0.28484848484848485,0.42503815489214547,10,0.3715720823841724,False
2,10,Y,ctx_rh_entorhinal,0.2606060606060606,0.4670890543863402,10,0.3306003097092424,False
2,10,Y,ctx_rh_frontalpole,-0.0303030303030303,0.9337729580941466,10,-0.029758707317340795,False
2,10,Y,ctx_rh_fusiform,0.22424242424242422,0.5334005612725947,10,0.272946531658024,False
2,10,Y,ctx_rh_inferiorparietal,-0.05454545454545454,0.8810361811618526,10,-0.05500625622326251,False
2,10,Y,ctx_rh_inferiortemporal,0.23636363636363633,0.5108853175152002,10,0.29167657845642647,False
2,10,Y,ctx_rh_insula,0.23636363636363633,0.5108853175152002,10,0.29167657845642647,False
2,10,Y,ctx_rh_isthmuscingulate,-0.06666666666666665,0.8548130882487426,10,-0.06812883686981806,False
2,10,Y,ctx_rh_lateraloccipital,-0.10303030303030303,0.7769984634438898,10,-0.1095798400388536,False
2,10,Y,ctx_rh_lateralorbitofrontal,-0.01818181818181818,0.9602404181286243,10,-0.01762001779947147,False
2,10,Y,ctx_rh_lingual,0.43030303030303024,0.21449233253280775,10,0.6685882279464308,False
2,10,Y,ctx_rh_medialorbitofrontal,-0.05454545454545454,0.8810361811618526,10,-0.05500625622326251,False
2,10,Y,ctx_rh_middletemporal,0.2606060606060606,0.4670890543863402,10,0.3306003097092424,False
2,10,Y,ctx_rh_paracentral,0.10303030303030303,0.7769984634438898,10,0.1095798400388536,False
2,10,Y,ctx_rh_parahippocampal,0.34545454545454546,0.32822651147136733,10,0.4838263430857458,False
2,10,Y,ctx_rh_parsopercularis,-0.12727272727272726,0.7260570147627894,10,-0.1390292743072959,False
2,10,Y,ctx_rh_parsorbitalis,0.07878787878787878,0.8287173946974606,10,0.08159354526172075,False
2,10,Y,ctx_rh_parstriangularis,-0.13939393939393938,0.7009318849100584,10,-0.15432418380938717,False
2,10,Y,ctx_rh_pericalcarine,0.4666666666666666,0.17393859716506632,10,0.7596040368825359,False
2,10,Y,ctx_rh_postcentral,-0.2121212121212121,0.5563057751029299,10,-0.25468643155240167,False
2,10,Y,ctx_rh_posteriorcingulate,0.06666666666666665,0.8548130882487426,10,0.06812883686981806,False
2,10,Y,ctx_rh_precentral,0.006060606060606061,0.9867429111949892,10,0.005795984912135871,False
2,10,Y,ctx_rh_precuneus,0.34545454545454546,0.32822651147136733,10,0.4838263430857458,False
2,10,Y,ctx_rh_rostralanteriorcingulate,-0.2121212121212121,0.5563057751029299,10,-0.25468643155240167,False
2,10,Y,ctx_rh_rostralmiddlefrontal,-0.29696969696969694,0.4047016712701569,10,-0.3928650021270688,False
2,10,Y,ctx_rh_superiorfrontal,-0.2121212121212121,0.5563057751029299,10,-0.25468643155240167,False
2,10,Y,ctx_rh_superiorparietal,0.29696969696969694,0.4047016712701569,10,0.3928650021270688,False
2,10,Y,ctx_rh_superiortemporal,0.32121212121212117,0.3654683104386702,10,0.43715027451535776,False
2,10,Y,ctx_rh_supramarginal,0.2606060606060606,0.4670890543863402,10,0.3306003097092424,False
2,10,Y,ctx_rh_temporalpole,0.33333333333333326,0.34659350708733405,10,0.4601795774055838,False
2,10,Y,ctx_rh_transversetemporal,0.7575757575757575,0.011143446799694208,10,1.9529804559706303,False
3,9,Y,Left_Accumbens_area,-0.16666666666666669,0.668231040071504,9,-0.1750733547699102,True
3,9,Y,Left_Amygdala,-0.5166666666666667,0.1543901209862251,9,-0.8113804924616288,True
3,9,Y,Left_Caudate,-0.2833333333333333,0.46003032896571994,9,-0.3372135351265754,True
3,9,Y,Left_Cerebellum_Cortex,-0.08333333333333334,0.831214097710308,9,-0.08028709958721988,True
3,9,Y,Left_Hippocampus,0.2333333333333333,0.5456987782182727,9,0.26304701857099777,True
3,9,Y,Left_Pallidum,-0.7,0.03576957497026169,9,-1.4464862202974007,True
3,9,Y,Left_Putamen,-0.16666666666666669,0.668231040071504,9,-0.1750733547699102,True
3,9,Y,Left_Thalamus,-0.11666666666666665,0.7650079429261462,9,-0.11633405562927483,True
3,9,Y,Left_VentralDC,-0.25,0.5164895523012263,9,-0.286938459088828,True
3,9,Y,Right_Accumbens_area,-0.33333333333333337,0.38071318167686347,9,-0.41940208606869717,True
3,9,Y,Right_Amygdala,-0.16666666666666669,0.668231040071504,9,-0.1750733547699102,True
3,9,Y,Right_Caudate,-0.4666666666666666,0.20538635110581185,9,-0.6874284207016689,True
3,9,Y,Right_Cerebellum_Cortex,0.35,0.35581957250178897,9,0.44877016643833767,True
3,9,Y,Right_Hippocampus,0.48333333333333334,0.18746985521554207,9,0.7270685560218769,True
3,9,Y,Right_Pallidum,-0.13333333333333333,0.7323675052362975,9,-0.13527093336220317,True
3,9,Y,Right_Putamen,0.03333333333333333,0.932156735540504,9,0.030511057970754027,True
3,9,Y,Right_Thalamus,0.11666666666666665,0.7650079429261462,9,0.11633405562927483,True
3,9,Y,Right_VentralDC,-0.16666666666666669,0.668231040071504,9,-0.1750733547699102,True
3,9,Y,ctx_lh_bankssts,0.016666666666666666,0.9660548039946861,9,0.014998235492009888,False
3,9,Y,ctx_lh_caudalanteriorcingulate,-0.19999999999999998,0.6059012741795533,9,-0.21759813420330992,False
3,9,Y,ctx_lh_caudalmiddlefrontal,0.33333333333333337,0.38071318167686347,9,0.41940208606869717,False
3,9,Y,ctx_lh_cuneus,0.3,0.4328453267094823,9,0.3636672670579554,False
3,9,Y,ctx_lh_entorhinal,-0.7166666666666667,0.029818035695845287,9,-1.5255209696876413,False
3,9,Y,ctx_lh_frontalpole,0.35,0.35581957250178897,9,0.44877016643833767,False
3,9,Y,ctx_lh_fusiform,-0.31666666666666665,0.4063970144863861,9,-0.3910494911691439,False
3,9,Y,ctx_lh_inferiorparietal,0.4666666666666666,0.20538635110581185,9,0.6874284207016689,False
3,9,Y,ctx_lh_inferiortemporal,-0.25,0.5164895523012263,9,-0.286938459088828,False
3,9,Y,ctx_lh_insula,-0.03333333333333333,0.932156735540504,9,-0.030511057970754027,False
3,9,Y,ctx_lh_isthmuscingulate,0.03333333333333333,0.932156735540504,9,0.030511057970754027,False
3,9,Y,ctx_lh_lateraloccipital,0.43333333333333335,0.2439524358800516,9,0.6126948410729962,False
3,9,Y,ctx_lh_lateralorbitofrontal,-0.18333333333333335,0.6368198117628943,9,-0.1959834339552791,False
3,9,Y,ctx_lh_lingual,0.6166666666666666,0.07692880993776309,9,1.1139109858965857,False
3,9,Y,ctx_lh_medialorbitofrontal,0.08333333333333334,0.831214097710308,9,0.08028709958721988,False
3,9,Y,ctx_lh_middletemporal,0.45,0.22421610749233659,9,0.649333191278238,False
3,9,Y,ctx_lh_paracentral,0.16666666666666669,0.668231040071504,9,0.1750733547699102,False
3,9,Y,ctx_lh_parahippocampal,0.03333333333333333,0.932156735540504,9,0.030511057970754027,False
3,9,Y,ctx_lh_parsopercularis,0.016666666666666666,0.9660548039946861,9,0.014998235492009888,False
3,9,Y,ctx_lh_parsorbitalis,0.11666666666666665,0.7650079429261462,9,0.11633405562927483,False
3,9,Y,ctx_lh_parstriangularis,0.5,0.17047066078705375,9,0.7683503554087576,False
3,9,Y,ctx_lh_pericalcarine,0.5333333333333333,0.13922686754397814,9,0.8562769479140179,False
3,9,Y,ctx_lh_postcentral,0.6166666666666666,0.07692880993776309,9,1.1139109858965857,False
3,9,Y,ctx_lh_posteriorcingulate,0.2333333333333333,0.5456987782182727,9,0.26304701857099777,False
3,9,Y,ctx_lh_precentral,0.39999999999999997,0.2861051019083129,9,0.5434743976618063,False
3,9,Y,ctx_lh_precuneus,-0.08333333333333334,0.831214097710308,9,-0.08028709958721988,False
3,9,Y,ctx_lh_rostralanteriorcingulate,0.3,0.4328453267094823,9,0.3636672670579554,False
3,9,Y,ctx_lh_rostralmiddlefrontal,0.2833333333333333,0.46003032896571994,9,0.3372135351265754,False
3,9,Y,ctx_lh_superiorfrontal,0.39999999999999997,0.2861051019083129,9,0.5434743976618063,False
3,9,Y,ctx_lh_superiorparietal,0.2833333333333333,0.46003032896571994,9,0.3372135351265754,False
3,9,Y,ctx_lh_superiortemporal,0.39999999999999997,0.2861051019083129,9,0.5434743976618063,False
3,9,Y,ctx_lh_supramarginal,0.2333333333333333,0.5456987782182727,9,0.26304701857099777,False
3,9,Y,ctx_lh_temporalpole,0.38333333333333336,0.30849527238037144,9,0.5107514870435415,False
3,9,Y,ctx_lh_transversetemporal,0.7666666666666667,0.01594401657897401,9,1.7974022627174293,False
3,9,Y,ctx_rh_bankssts,0.21666666666666667,0.5755148957119259,9,0.23994343130130588,False
3,9,Y,ctx_rh_caudalanteriorcingulate,-0.08333333333333334,0.831214097710308,9,-0.08028709958721988,False
3,9,Y,ctx_rh_caudalmiddlefrontal,0.19999999999999998,0.6059012741795533,9,0.21759813420330992,False
3,9,Y,ctx_rh_cuneus,0.5666666666666667,0.11163298761149111,9,0.9522074521662469,False
3,9,Y,ctx_rh_entorhinal,-0.26666666666666666,0.4879222748387009,9,-0.31164935483564815,False
3,9,Y,ctx_rh_frontalpole,0.45,0.22421610749233659,9,0.649333191278238,False
3,9,Y,ctx_rh_fusiform,-0.15,0.7000942309691419,9,-0.15484350107765069,False
3,9,Y,ctx_rh_inferiorparietal,0.6166666666666666,0.07692880993776309,9,1.1139109858965857,False
3,9,Y,ctx_rh_inferiortemporal,-0.2333333333333333,0.5456987782182727,9,-0.26304701857099777,False
3,9,Y,ctx_rh_insula,-0.03333333333333333,0.932156735540504,9,-0.030511057970754027,False
3,9,Y,ctx_rh_isthmuscingulate,0.5166666666666667,0.1543901209862251,9,0.8113804924616288,False
3,9,Y,ctx_rh_lateraloccipital,0.15,0.7000942309691419,9,0.15484350107765069,False
3,9,Y,ctx_rh_lateralorbitofrontal,0.03333333333333333,0.932156735540504,9,0.030511057970754027,False
3,9,Y,ctx_rh_lingual,0.4666666666666666,0.20538635110581185,9,0.6874284207016689,False
3,9,Y,ctx_rh_medialorbitofrontal,0.26666666666666666,0.4879222748387009,9,0.31164935483564815,False
3,9,Y,ctx_rh_middletemporal,0.19999999999999998,0.6059012741795533,9,0.21759813420330992,False
3,9,Y,ctx_rh_paracentral,0.5,0.17047066078705375,9,0.7683503554087576,False
3,9,Y,ctx_rh_parahippocampal,0.26666666666666666,0.4879222748387009,9,0.31164935483564815,False
3,9,Y,ctx_rh_parsopercularis,0.35,0.35581957250178897,9,0.44877016643833767,False
3,9,Y,ctx_rh_parsorbitalis,-0.03333333333333333,0.932156735540504,9,-0.030511057970754027,False
3,9,Y,ctx_rh_parstriangularis,-0.016666666666666666,0.9660548039946861,9,-0.014998235492009888,False
3,9,Y,ctx_rh_pericalcarine,0.21666666666666667,0.5755148957119259,9,0.23994343130130588,False
3,9,Y,ctx_rh_postcentral,0.5666666666666667,0.11163298761149111,9,0.9522074521662469,False
3,9,Y,ctx_rh_posteriorcingulate,-0.03333333333333333,0.932156735540504,9,-0.030511057970754027,False
3,9,Y,ctx_rh_precentral,0.39999999999999997,0.2861051019083129,9,0.5434743976618063,False
3,9,Y,ctx_rh_precuneus,0.3,0.4328453267094823,9,0.3636672670579554,False
3,9,Y,ctx_rh_rostralanteriorcingulate,0.5,0.17047066078705375,9,0.7683503554087576,False
3,9,Y,ctx_rh_rostralmiddlefrontal,0.21666666666666667,0.5755148957119259,9,0.23994343130130588,False
3,9,Y,ctx_rh_superiorfrontal,0.06666666666666667,0.8646897846262037,9,0.06313967171325949,False
3,9,Y,ctx_rh_superiorparietal,0.6,0.0876228290414024,9,1.0573827290483286,False
3,9,Y,ctx_rh_superiortemporal,0.38333333333333336,0.30849527238037144,9,0.5107514870435415,False
3,9,Y,ctx_rh_supramarginal,0.7333333333333334,0.02455415007146968,9,1.609875094139141,False
3,9,Y,ctx_rh_temporalpole,0.35,0.35581957250178897,9,0.44877016643833767,False
3,9,Y,ctx_rh_transversetemporal,0.6666666666666667,0.04986723056888511,9,1.302184750130315,False
unassigned,7,Y,Left_Accumbens_area,-0.14285714285714288,0.7599453002180929,7,-0.11921766649339006,True
unassigned,7,Y,Left_Amygdala,-0.8214285714285715,0.023448808345691505,7,-1.629879222971949,True
unassigned,7,Y,Left_Caudate,-0.3571428571428572,0.4316113520383278,7,-0.36490714123016355,True
unassigned,7,Y,Left_Cerebellum_Cortex,-0.5714285714285715,0.1802019889115274,7,-0.7442404199688618,True
unassigned,7,Y,Left_Hippocampus,-0.8214285714285715,0.023448808345691505,7,-1.629879222971949,True
unassigned,7,Y,Left_Pallidum,-0.6785714285714287,0.0937502539598313,7,-1.0280275471394011,True
unassigned,7,Y,Left_Putamen,-0.39285714285714296,0.38331687042697266,7,-0.4164420662867169,True
unassigned,7,Y,Left_Thalamus,-0.7857142857142859,0.03623846267982713,7,-1.4408302343900763,True
unassigned,7,Y,Left_VentralDC,-0.39285714285714296,0.38331687042697266,7,-0.4164420662867169,True
unassigned,7,Y,Right_Accumbens_area,-0.25,0.5887244480896833,7,-0.2300879287708473,True
unassigned,7,Y,Right_Amygdala,-0.3571428571428572,0.4316113520383278,7,-0.36490714123016355,True
unassigned,7,Y,Right_Caudate,-0.07142857142857144,0.8790481931481541,7,-0.05598731440909248,True
unassigned,7,Y,Right_Cerebellum_Cortex,-0.5357142857142858,0.21521745567801273,7,-0.6671225071822393,True
unassigned,7,Y,Right_Hippocampus,-0.7857142857142859,0.03623846267982713,7,-1.4408302343900763,True
unassigned,7,Y,Right_Pallidum,-0.39285714285714296,0.38331687042697266,7,-0.4164420662867169,True
unassigned,7,Y,Right_Putamen,-0.8214285714285715,0.023448808345691505,7,-1.629879222971949,True
unassigned,7,Y,Right_Thalamus,-0.3214285714285715,0.4820720382996776,7,-0.3168880582376563,True
unassigned,7,Y,Right_VentralDC,-0.3571428571428572,0.4316113520383278,7,-0.36490714123016355,True
unassigned,7,Y,ctx_lh_bankssts,-0.6071428571428572,0.1482311614811614,7,-0.829060488416604,False
unassigned,7,Y,ctx_lh_caudalanteriorcingulate,-0.5714285714285715,0.1802019889115274,7,-0.7442404199688618,False
unassigned,7,Y,ctx_lh_caudalmiddlefrontal,-0.1785714285714286,0.7016579425162729,7,-0.1538745543683028,False
unassigned,7,Y,ctx_lh_cuneus,-0.6071428571428572,0.1482311614811614,7,-0.829060488416604,False
unassigned,7,Y,ctx_lh_entorhinal,-0.6785714285714287,0.0937502539598313,7,-1.0280275471394011,False
unassigned,7,Y,ctx_lh_frontalpole,-0.03571428571428572,0.9394082054712856,7,-0.02714565069382036,False
unassigned,7,Y,ctx_lh_fusiform,-0.8214285714285715,0.023448808345691505,7,-1.629879222971949,False
unassigned,7,Y,ctx_lh_inferiorparietal,-0.5,0.25316999510032273,7,-0.5965877668005096,False
unassigned,7,Y,ctx_lh_inferiortemporal,-0.7500000000000002,0.05218140045705776,7,-1.2824842693789449,False
unassigned,7,Y,ctx_lh_insula,-0.8214285714285715,0.023448808345691505,7,-1.629879222971949,False
unassigned,7,Y,ctx_lh_isthmuscingulate,-0.4642857142857144,0.2939341076002517,7,-0.5317500162304679,False
unassigned,7,Y,ctx_lh_lateraloccipital,-0.3571428571428572,0.4316113520383278,7,-0.36490714123016355,False
unassigned,7,Y,ctx_lh_lateralorbitofrontal,-0.642857142857143,0.11939237342741094,7,-0.9230234142801593,False
unassigned,7,Y,ctx_lh_lingual,-0.25,0.5887244480896833,7,-0.2300879287708473,False
unassigned,7,Y,ctx_lh_medialorbitofrontal,-0.3571428571428572,0.4316113520383278,7,-0.36490714123016355,False
unassigned,7,Y,ctx_lh_middletemporal,-0.14285714285714288,0.7599453002180929,7,-0.11921766649339006,False
unassigned,7,Y,ctx_lh_paracentral,0.21428571428571433,0.6445115810207203,7,0.19076927454299716,False
unassigned,7,Y,ctx_lh_parahippocampal,-0.6785714285714287,0.0937502539598313,7,-1.0280275471394011,False
unassigned,7,Y,ctx_lh_parsopercularis,-0.6071428571428572,0.1482311614811614,7,-0.829060488416604,False
unassigned,7,Y,ctx_lh_parsorbitalis,-0.7857142857142859,0.03623846267982713,7,-1.4408302343900763,False
unassigned,7,Y,ctx_lh_parstriangularis,-0.8571428571428573,0.01369732661532562,7,-1.8633641882821128,False
unassigned,7,Y,ctx_lh_pericalcarine,-0.7142857142857144,0.07134356146753759,7,-1.1466452144945505,False
unassigned,7,Y,ctx_lh_postcentral,-0.5357142857142858,0.21521745567801273,7,-0.6671225071822393,False
unassigned,7,Y,ctx_lh_posteriorcingulate,-0.642857142857143,0.11939237342741094,7,-0.9230234142801593,False
unassigned,7,Y,ctx_lh_precentral,-0.25,0.5887244480896833,7,-0.2300879287708473,False
unassigned,7,Y,ctx_lh_precuneus,0.21428571428571433,0.6445115810207203,7,0.19076927454299716,False
unassigned,7,Y,ctx_lh_rostralanteriorcingulate,-0.3214285714285715,0.4820720382996776,7,-0.3168880582376563,False
unassigned,7,Y,ctx_lh_rostralmiddlefrontal,-0.5714285714285715,0.1802019889115274,7,-0.7442404199688618,False
unassigned,7,Y,ctx_lh_superiorfrontal,-0.25,0.5887244480896833,7,-0.2300879287708473,False
unassigned,7,Y,ctx_lh_superiorparietal,-0.3214285714285715,0.4820720382996776,7,-0.3168880582376563,False
unassigned,7,Y,ctx_lh_superiortemporal,-0.5,0.25316999510032273,7,-0.5965877668005096,False
unassigned,7,Y,ctx_lh_supramarginal,-0.5357142857142858,0.21521745567801273,7,-0.6671225071822393,False
unassigned,7,Y,ctx_lh_temporalpole,-0.7500000000000002,0.05218140045705776,7,-1.2824842693789449,False
unassigned,7,Y,ctx_lh_transversetemporal,-0.8214285714285715,0.023448808345691505,7,-1.629879222971949,False
unassigned,7,Y,ctx_rh_bankssts,-0.5714285714285715,0.1802019889115274,7,-0.7442404199688618,False
unassigned,7,Y,ctx_rh_caudalanteriorcingulate,-0.7857142857142859,0.03623846267982713,7,-1.4408302343900763,False
unassigned,7,Y,ctx_rh_caudalmiddlefrontal,-0.6785714285714287,0.0937502539598313,7,-1.0280275471394011,False
unassigned,7,Y,ctx_rh_cuneus,-0.6071428571428572,0.1482311614811614,7,-0.829060488416604,False
unassigned,7,Y,ctx_rh_entorhinal,-0.8214285714285715,0.023448808345691505,7,-1.629879222971949,False
unassigned,7,Y,ctx_rh_frontalpole,-0.14285714285714288,0.7599453002180929,7,-0.11921766649339006,False
unassigned,7,Y,ctx_rh_fusiform,-0.5357142857142858,0.21521745567801273,7,-0.6671225071822393,False
unassigned,7,Y,ctx_rh_inferiorparietal,-0.8571428571428573,0.01369732661532562,7,-1.8633641882821128,False
unassigned,7,Y,ctx_rh_inferiortemporal,-0.6071428571428572,0.1482311614811614,7,-0.829060488416604,False
unassigned,7,Y,ctx_rh_insula,-0.8571428571428573,0.01369732661532562,7,-1.8633641882821128,False
unassigned,7,Y,ctx_rh_isthmuscingulate,-0.5,0.25316999510032273,7,-0.5965877668005096,False
unassigned,7,Y,ctx_rh_lateraloccipital,-0.8214285714285715,0.023448808345691505,7,-1.629879222971949,False
unassigned,7,Y,ctx_rh_lateralorbitofrontal,-0.21428571428571433,0.6445115810207203,7,-0.19076927454299716,False
unassigned,7,Y,ctx_rh_lingual,-0.6071428571428572,0.1482311614811614,7,-0.829060488416604,False
unassigned,7,Y,ctx_rh_medialorbitofrontal,-0.42857142857142866,0.337368311085824,7,-0.471895712994343,False
unassigned,7,Y,ctx_rh_middletemporal,-0.5714285714285715,0.1802019889115274,7,-0.7442404199688618,False
unassigned,7,Y,ctx_rh_paracentral,-0.8571428571428573,0.01369732661532562,7,-1.8633641882821128,False
unassigned,7,Y,ctx_rh_parahippocampal,-0.8214285714285715,0.023448808345691505,7,-1.629879222971949,False
unassigned,7,Y,ctx_rh_parsopercularis,-0.8928571428571429,0.006807187408935392,7,-2.167032292652915,False
unassigned,7,Y,ctx_rh_parsorbitalis,-0.8214285714285715,0.023448808345691505,7,-1.629879222971949,False
unassigned,7,Y,ctx_rh_parstriangularis,-0.8214285714285715,0.023448808345691505,7,-1.629879222971949,False
unassigned,7,Y,ctx_rh_pericalcarine,-0.8571428571428573,0.01369732661532562,7,-1.8633641882821128,False
unassigned,7,Y,ctx_rh_postcentral,-0.7142857142857144,0.07134356146753759,7,-1.1466452144945505,False
unassigned,7,Y,ctx_rh_posteriorcingulate,-0.8928571428571429,0.006807187408935392,7,-2.167032292652915,False
unassigned,7,Y,ctx_rh_precentral,-0.642857142857143,0.11939237342741094,7,-0.9230234142801593,False
unassigned,7,Y,ctx_rh_precuneus,-0.6071428571428572,0.1482311614811614,7,-0.829060488416604,False
unassigned,7,Y,ctx_rh_rostralanteriorcingulate,-0.25,0.5887244480896833,7,-0.2300879287708473,False
unassigned,7,Y,ctx_rh_rostralmiddlefrontal,-0.42857142857142866,0.337368311085824,7,-0.471895712994343,False
unassigned,7,Y,ctx_rh_superiorfrontal,-0.7500000000000002,0.05218140045705776,7,-1.2824842693789449,False
unassigned,7,Y,ctx_rh_superiorparietal,-0.5357142857142858,0.21521745567801273,7,-0.6671225071822393,False
unassigned,7,Y,ctx_rh_superiortemporal,-1.0,0.0,7,-inf,False
unassigned,7,Y,ctx_rh_supramarginal,-0.7857142857142859,0.03623846267982713,7,-1.4408302343900763,False
unassigned,7,Y,ctx_rh_temporalpole,-0.4642857142857144,0.2939341076002517,7,-0.5317500162304679,False
unassigned,7,Y,ctx_rh_transversetemporal,-0.5357142857142858,0.21521745567801273,7,-0.6671225071822393,False
0,12,Z,Left_Accumbens_area,0.25874125874125875,0.41677476889913834,12,0.3800985806383651,True
0,12,Z,Left_Amygdala,0.16783216783216784,0.602099427786538,12,0.2203317855303825,True
0,12,Z,Left_Caudate,-0.2867132867132868,0.36625146058358227,12,-0.4362206347002906,True
0,12,Z,Left_Cerebellum_Cortex,-0.17482517482517487,0.5868236643627043,12,-0.2314923810337392,True
0,12,Z,Left_Hippocampus,0.18181818181818185,0.5717012385276553,12,0.24283086693363062,True
0,12,Z,Left_Pallidum,0.16783216783216784,0.602099427786538,12,0.2203317855303825,True
0,12,Z,Left_Putamen,0.2797202797202798,0.37856866966230307,12,0.4218553310901384,True
0,12,Z,Left_Thalamus,-0.027972027972027972,0.9312343512018808,12,-0.03094101222354234,True
0,12,Z,Left_VentralDC,0.11188811188811189,0.729194990751066,12,0.13715632341893025,True
0,12,Z,Right_Accumbens_area,-0.013986013986013986,0.9655902689187795,12,-0.01520711964659393,True
0,12,Z,Right_Amygdala,0.4545454545454546,0.13765791634772945,12,0.8611988084095694,True
0,12,Z,Right_Caudate,-0.07692307692307693,0.8121826980280591,12,-0.09034626654627316,True
0,12,Z,Right_Cerebellum_Cortex,-0.17482517482517487,0.5868236643627043,12,-0.2314923810337392,True
0,12,Z,Right_Hippocampus,0.3216783216783217,0.30790987618065263,12,0.5115763809182647,True
0,12,Z,Right_Pallidum,0.20979020979020982,0.5128409431818263,12,0.2900173097604524,True
0,12,Z,Right_Putamen,0.15384615384615385,0.6330906812462618,12,0.19853407901227083,True
0,12,Z,Right_Thalamus,-0.16083916083916086,0.6175234895401425,12,-0.20934651793284345,True
0,12,Z,Right_VentralDC,0.006993006993006993,0.9827917689028476,12,0.007538489488500038,True
0,12,Z,ctx_lh_bankssts,-0.013986013986013986,0.9655902689187795,12,-0.01520711964659393,False
0,12,Z,ctx_lh_caudalanteriorcingulate,-0.06293706293706294,0.8459309212287789,12,-0.07266510002722608,False
0,12,Z,ctx_lh_caudalmiddlefrontal,0.1258741258741259,0.6966831093957659,12,0.15696471850969104,False
0,12,Z,ctx_lh_cuneus,0.10489510489510491,0.7456094809807079,12,0.12748857824068238,False
0,12,Z,ctx_lh_entorhinal,0.3356643356643357,0.2861229029149875,12,0.5434473773869912,False
0,12,Z,ctx_lh_frontalpole,-0.2517482517482518,0.42991878503288405,12,-0.36661357824217705,False
0,12,Z,ctx_lh_fusiform,0.20979020979020982,0.5128409431818263,12,0.2900173097604524,False
0,12,Z,ctx_lh_inferiorparietal,-0.02097902097902098,0.9484022252365223,12,-0.023007435707336574,False
0,12,Z,ctx_lh_inferiortemporal,0.5524475524475525,0.06251148327961512,12,1.2040401959858655,False
0,12,Z,ctx_lh_insula,0.21678321678321683,0.49855598552418856,12,0.30228606535837504,False
0,12,Z,ctx_lh_isthmuscingulate,-0.18881118881118883,0.5567370561768314,12,-0.2543498712787897,False
0,12,Z,ctx_lh_lateraloccipital,-0.1258741258741259,0.6966831093957659,12,-0.15696471850969104,False
0,12,Z,ctx_lh_lateralorbitofrontal,0.2657342657342658,0.40383308831471165,12,0.3937980997465938,False
0,12,Z,ctx_lh_lingual,-0.18181818181818185,0.5717012385276553,12,-0.24283086693363062,False
0,12,Z,ctx_lh_medialorbitofrontal,0.18181818181818185,0.5717012385276553,12,0.24283086693363062,False
0,12,Z,ctx_lh_middletemporal,0.0979020979020979,0.762121655996299,12,0.11797569754396606,False
0,12,Z,ctx_lh_paracentral,-0.25874125874125875,0.41677476889913834,12,-0.3800985806383651,False
0,12,Z,ctx_lh_parahippocampal,-0.04195804195804196,0.8969858708195542,12,-0.04721439784044483,False
0,12,Z,ctx_lh_parsopercularis,-0.006993006993006993,0.9827917689028476,12,-0.007538489488500038,False
0,12,Z,ctx_lh_parsorbitalis,0.2517482517482518,0.42991878503288405,12,0.36661357824217705,False
0,12,Z,ctx_lh_parstriangularis,0.2027972027972028,0.5273023541661082,12,0.27794028973611035,False
0,12,Z,ctx_lh_pericalcarine,-0.30069930069930073,0.34225952894002465,12,-0.46564445171563235,False
0,12,Z,ctx_lh_postcentral,0.2657342657342658,0.40383308831471165,12,0.3937980997465938,False
0,12,Z,ctx_lh_posteriorcingulate,-0.2937062937062937,0.35414764123292175,12,-0.4508156464335365,False
0,12,Z,ctx_lh_precentral,0.07692307692307693,0.8121826980280591,12,0.09034626654627316,False
0,12,Z,ctx_lh_precuneus,-0.013986013986013986,0.9655902689187795,12,-0.01520711964659393,False
0,12,Z,ctx_lh_rostralanteriorcingulate,-0.04195804195804196,0.8969858708195542,12,-0.04721439784044483,False
0,12,Z,ctx_lh_rostralmiddlefrontal,-0.1958041958041958,0.5419358857313175,12,-0.26605209006699926,False
0,12,Z,ctx_lh_superiorfrontal,-0.06293706293706294,0.8459309212287789,12,-0.07266510002722608,False
0,12,Z,ctx_lh_superiorparietal,0.11188811188811189,0.729194990751066,12,0.13715632341893025,False
0,12,Z,ctx_lh_superiortemporal,0.37762237762237766,0.22620604493502663,12,0.6454957935447486,False
0,12,Z,ctx_lh_supramarginal,0.16083916083916086,0.6175234895401425,12,0.20934651793284345,False
0,12,Z,ctx_lh_temporalpole,0.31468531468531474,0.31913878550330455,12,0.49602041201939817,False
0,12,Z,ctx_lh_transversetemporal,0.2937062937062937,0.35414764123292175,12,0.4508156464335365,False
0,12,Z,ctx_rh_bankssts,0.0,1.0,12,-0.0,False
0,12,Z,ctx_rh_caudalanteriorcingulate,-0.10489510489510491,0.7456094809807079,12,-0.12748857824068238,False
0,12,Z,ctx_rh_caudalmiddlefrontal,-0.04895104895104895,0.8799185788786749,12,-0.05555751237217404,False
0,12,Z,ctx_rh_cuneus,0.3076923076923077,0.3305892594121097,12,0.4807112604252688,False
0,12,Z,ctx_rh_entorhinal,0.5524475524475525,0.06251148327961512,12,1.2040401959858655,False
0,12,Z,ctx_rh_frontalpole,0.4055944055944056,0.19083587400450033,12,0.7193399817402794,False
0,12,Z,ctx_rh_fusiform,0.10489510489510491,0.7456094809807079,12,0.12748857824068238,False
0,12,Z,ctx_rh_inferiorparietal,0.0,1.0,12,-0.0,False
0,12,Z,ctx_rh_inferiortemporal,0.25874125874125875,0.41677476889913834,12,0.3800985806383651,False
0,12,Z,ctx_rh_insula,0.15384615384615385,0.6330906812462618,12,0.19853407901227083,False
0,12,Z,ctx_rh_isthmuscingulate,-0.18881118881118883,0.5567370561768314,12,-0.2543498712787897,False
0,12,Z,ctx_rh_lateraloccipital,-0.1188811188811189,0.712884219214772,12,-0.14698099895484662,False
0,12,Z,ctx_rh_lateralorbitofrontal,0.44755244755244755,0.14458630130334754,12,0.8398728519252052,False
0,12,Z,ctx_rh_lingual,-0.034965034965034975,0.9140933424107598,12,-0.03900945413041206,False
0,12,Z,ctx_rh_medialorbitofrontal,0.1958041958041958,0.5419358857313175,12,0.26605209006699926,False
0,12,Z,ctx_rh_middletemporal,0.23076923076923078,0.470531995381542,12,0.3274108399408542,False
0,12,Z,ctx_rh_paracentral,0.07692307692307693,0.8121826980280591,12,0.09034626654627316,False
0,12,Z,ctx_rh_parahippocampal,0.06993006993006995,0.8290236405313092,12,0.0814330848828885,False
0,12,Z,ctx_rh_parsopercularis,0.14685314685314685,0.6487957097846664,12,0.18789203059561477,False
0,12,Z,ctx_rh_parsorbitalis,0.7902097902097903,0.0022231354099909208,12,2.6530340838503395,False
0,12,Z,ctx_rh_parstriangularis,0.43356643356643365,0.1591057694121953,12,0.7983140719030672,False
0,12,Z,ctx_rh_pericalcarine,-0.2027972027972028,0.5273023541661082,12,-0.27794028973611035,False
0,12,Z,ctx_rh_postcentral,0.15384615384615385,0.6330906812462618,12,0.19853407901227083,False
0,12,Z,ctx_rh_posteriorcingulate,-0.16783216783216784,0.602099427786538,12,-0.2203317855303825,False
0,12,Z,ctx_rh_precentral,-0.006993006993006993,0.9827917689028476,12,-0.007538489488500038,False
0,12,Z,ctx_rh_precuneus,0.1188811188811189,0.712884219214772,12,0.14698099895484662,False
0,12,Z,ctx_rh_rostralanteriorcingulate,-0.04895104895104895,0.8799185788786749,12,-0.05555751237217404,False
0,12,Z,ctx_rh_rostralmiddlefrontal,-0.14685314685314685,0.6487957097846664,12,-0.18789203059561477,False
0,12,Z,ctx_rh_superiorfrontal,-0.0979020979020979,0.762121655996299,12,-0.11797569754396606,False
0,12,Z,ctx_rh_superiorparietal,0.25874125874125875,0.41677476889913834,12,0.3800985806383651,False
0,12,Z,ctx_rh_superiortemporal,0.27272727272727276,0.3910967709418962,12,0.4077157697494941,False
0,12,Z,ctx_rh_supramarginal,0.23076923076923078,0.470531995381542,12,0.3274108399408542,False
0,12,Z,ctx_rh_temporalpole,0.5104895104895105,0.08991373630263913,12,1.0461739551552438,False
0,12,Z,ctx_rh_transversetemporal,0.034965034965034975,0.9140933424107598,12,0.03900945413041206,False
1,14,Z,Left_Accumbens_area,-0.0857142857142857,0.7707850311186757,14,-0.11306672806651169,True
1,14,Z,Left_Amygdala,-0.1032967032967033,0.725282211088945,14,-0.13949297429704627,True
1,14,Z,Left_Caudate,-0.14285714285714285,0.6261174762253241,14,-0.20334417399431506,True
1,14,Z,Left_Cerebellum_Cortex,-0.054945054945054944,0.8520077036323677,14,-0.06955647843763954,True
1,14,Z,Left_Hippocampus,-0.1824175824175824,0.5325088185186945,14,-0.27367319577223737,True
1,14,Z,Left_Pallidum,-0.24835164835164836,0.39191953893845743,14,-0.40680308446365054,True
1,14,Z,Left_Putamen,-0.1956043956043956,0.5027500912969567,14,-0.29864784186546034,True
1,14,Z,Left_Thalamus,0.16483516483516483,0.5733464050131383,14,0.2415829062533454,True
1,14,Z,Left_VentralDC,-0.02857142857142857,0.9227613765698746,14,-0.03491059175564594,True
1,14,Z,Right_Accumbens_area,-0.4021978021978022,0.15397442954140356,14,-0.8125513962487783,True
1,14,Z,Right_Amygdala,-0.1956043956043956,0.5027500912969567,14,-0.29864784186546034,True
1,14,Z,Right_Caudate,-0.27912087912087913,0.33384507719455425,14,-0.47645502339336615,True
1,14,Z,Right_Cerebellum_Cortex,-0.3406593406593406,0.23331605103682404,14,-0.6320553827796105,True
1,14,Z,Right_Hippocampus,-0.1824175824175824,0.5325088185186945,14,-0.27367319577223737,True
1,14,Z,Right_Pallidum,-0.2967032967032967,0.30296672383870205,14,-0.5186050693420703,True
1,14,Z,Right_Putamen,-0.1912087912087912,0.5125839704707784,14,-0.2902349791992541,True
1,14,Z,Right_Thalamus,-0.15164835164835166,0.6047905984521367,14,-0.21839496861811628,True
1,14,Z,Right_VentralDC,-0.2879120879120879,0.3181928710258003,14,-0.4973095547612142,True
1,14,Z,ctx_lh_bankssts,-0.1032967032967033,0.725282211088945,14,-0.13949297429704627,False
1,14,Z,ctx_lh_caudalanteriorcingulate,-0.07692307692307693,0.7938058883554533,14,-0.10028568387330485,False
1,14,Z,ctx_lh_caudalmiddlefrontal,-0.3010989010989011,0.2955144656072166,14,-0.529421255291602,False
1,14,Z,ctx_lh_cuneus,-0.16923076923076924,0.5630172739962107,14,-0.2494782803064714,False
1,14,Z,ctx_lh_entorhinal,-0.1076923076923077,0.7140308087262492,14,-0.14628304904855735,False
1,14,Z,ctx_lh_frontalpole,-0.059340659340659345,0.8403017626906826,14,-0.07556472544161545,False
1,14,Z,ctx_lh_fusiform,0.04175824175824176,0.8872869731890637,14,0.05193589458117909,False
1,14,Z,ctx_lh_inferiorparietal,-0.17362637362637365,0.5527669411422413,14,-0.2574579383343298,False
1,14,Z,ctx_lh_inferiortemporal,0.06813186813186813,0.8169838797817922,14,0.08778651261187237,False
1,14,Z,ctx_lh_insula,-0.15604395604395604,0.594234700580851,14,-0.2260419909861472,False
1,14,Z,ctx_lh_isthmuscingulate,-0.1164835164835165,0.6916912502331573,14,-0.16008771803173125,False
1,14,Z,ctx_lh_lateraloccipital,-0.03736263736263736,0.899093096973967,14,-0.04619533673311713,False
1,14,Z,ctx_lh_lateralorbitofrontal,0.18681318681318684,0.5225040123791591,14,0.2819103701978894,False
1,14,Z,ctx_lh_lingual,-0.3142857142857143,0.27380490296286775,14,-0.5625587793187067,False
1,14,Z,ctx_lh_medialorbitofrontal,0.054945054945054944,0.8520077036323677,14,0.06955647843763954,False
1,14,Z,ctx_lh_middletemporal,0.21318681318681318,0.4643028200397442,14,0.33319867854795404,False
1,14,Z,ctx_lh_paracentral,-0.7010989010989012,0.005211861769946939,14,-2.283007111252885,False
1,14,Z,ctx_lh_parahippocampal,-0.18681318681318684,0.5225040123791591,14,-0.2819103701978894,False
1,14,Z,ctx_lh_parsopercularis,0.002197802197802198,0.9940505286658998,14,0.002591539382322533,False
1,14,Z,ctx_lh_parsorbitalis,0.2571428571428571,0.3748119038799703,14,0.42618662454176137,False
1,14,Z,ctx_lh_parstriangularis,-0.0945054945054945,0.7479382611415478,14,-0.12613424966515466,False
1,14,Z,ctx_lh_pericalcarine,-0.02857142857142857,0.9227613765698746,14,-0.03491059175564594,False
1,14,Z,ctx_lh_postcentral,-0.16923076923076924,0.5630172739962107,14,-0.2494782803064714,False
1,14,Z,ctx_lh_posteriorcingulate,-0.5296703296703297,0.05141659813787076,14,-1.2888966608480508,False
1,14,Z,ctx_lh_precentral,-0.4945054945054946,0.07224967403413257,14,-1.1411641079554542,False
1,14,Z,ctx_lh_precuneus,0.13406593406593406,0.6477195279851131,14,0.18861300927877392,False
1,14,Z,ctx_lh_rostralanteriorcingulate,0.015384615384615385,0.9583697893719862,14,0.018466884975459116,False
1,14,Z,ctx_lh_rostralmiddlefrontal,0.3054945054945055,0.2881698858754571,14,0.5403514054840255,False
1,14,Z,ctx_lh_superiorfrontal,-0.4241758241758242,0.13063731043811047,14,-0.883932769437274,False
1,14,Z,ctx_lh_superiorparietal,0.1032967032967033,0.725282211088945,14,0.13949297429704627,False
1,14,Z,ctx_lh_superiortemporal,0.23956043956043957,0.4094298928517326,14,0.3878204522777646,False
1,14,Z,ctx_lh_supramarginal,-0.1164835164835165,0.6916912502331573,14,-0.16008771803173125,False
1,14,Z,ctx_lh_temporalpole,-0.06813186813186813,0.8169838797817922,14,-0.08778651261187237,False
1,14,Z,ctx_lh_transversetemporal,-0.4153846153846154,0.1396659475175257,14,-0.8549094679584339,False
1,14,Z,ctx_rh_bankssts,0.12087912087912088,0.6806070200628929,14,0.16710357572382126,False
1,14,Z,ctx_rh_caudalanteriorcingulate,-0.3538461538461538,0.21453987088124626,14,-0.6684919850894805,False
1,14,Z,ctx_rh_caudalmiddlefrontal,-0.4197802197802198,0.13510107382914271,14,-0.869341199044455,False
1,14,Z,ctx_rh_cuneus,-0.3406593406593406,0.23331605103682404,14,-0.6320553827796105,False
1,14,Z,ctx_rh_entorhinal,-0.01978021978021978,0.9464892274080114,14,-0.023884324651986533,False
1,14,Z,ctx_rh_frontalpole,-0.3758241758241759,0.185410028697123,14,-0.731866778875294,False
1,14,Z,ctx_rh_fusiform,0.04615384615384615,0.8755025376321142,14,0.0577425907821032,False
1,14,Z,ctx_rh_inferiorparietal,-0.24395604395604395,0.400624803916119,14,-0.39726216570039813,False
1,14,Z,ctx_rh_inferiortemporal,0.1956043956043956,0.5027500912969567,14,0.29864784186546034,False
1,14,Z,ctx_rh_insula,-0.3098901098901099,0.2809332808692584,14,-0.551396808887754,False
1,14,Z,ctx_rh_isthmuscingulate,-0.08131868131868132,0.7822747512440957,14,-0.10664068684757368,False
1,14,Z,ctx_rh_lateraloccipital,-0.5692307692307692,0.03361941707727023,14,-1.473409821007186,False
1,14,Z,ctx_rh_lateralorbitofrontal,0.05054945054945055,0.8637420361792153,14,0.06361594385434859,False
1,14,Z,ctx_rh_lingual,-0.3450549450549451,0.2269486800417005,14,-0.644072338817906,False
1,14,Z,ctx_rh_medialorbitofrontal,0.03736263736263736,0.899093096973967,14,0.04619533673311713,False
1,14,Z,ctx_rh_middletemporal,-0.02857142857142857,0.9227613765698746,14,-0.03491059175564594,False
1,14,Z,ctx_rh_paracentral,-0.6967032967032967,0.005628677002967549,14,-2.2495936722588943,False
1,14,Z,ctx_rh_parahippocampal,-0.2,0.49300373503999984,14,-0.3071497904568126,False
1,14,Z,ctx_rh_parsopercularis,-0.3450549450549451,0.2269486800417005,14,-0.644072338817906,False
1,14,Z,ctx_rh_parsorbitalis,0.13406593406593406,0.6477195279851131,14,0.18861300927877392,False
1,14,Z,ctx_rh_parstriangularis,-0.054945054945054944,0.8520077036323677,14,-0.06955647843763954,False
1,14,Z,ctx_rh_pericalcarine,-0.21318681318681318,0.4643028200397442,14,-0.33319867854795404,False
1,14,Z,ctx_rh_postcentral,-0.3494505494505495,0.22068999774644735,14,-0.6562173497652234,False
1,14,Z,ctx_rh_posteriorcingulate,-0.5252747252747253,0.05374750176788299,14,-1.2696417173405001,False
1,14,Z,ctx_rh_precentral,-0.5736263736263736,0.03197081397639698,14,-1.4952463064572001,False
1,14,Z,ctx_rh_precuneus,-0.1076923076923077,0.7140308087262492,14,-0.14628304904855735,False
1,14,Z,ctx_rh_rostralanteriorcingulate,-0.3054945054945055,0.2881698858754571,14,-0.5403514054840255,False
1,14,Z,ctx_rh_rostralmiddlefrontal,-0.07692307692307693,0.7938058883554533,14,-0.10028568387330485,False
1,14,Z,ctx_rh_superiorfrontal,-0.2923076923076923,0.3105263203858819,14,-0.5079015828822612,False
1,14,Z,ctx_rh_superiorparietal,-0.16923076923076924,0.5630172739962107,14,-0.2494782803064714,False
1,14,Z,ctx_rh_superiortemporal,-0.2175824175824176,0.4549193731700327,14,-0.34206556793661375,False
1,14,Z,ctx_rh_supramarginal,-0.2835164835164835,0.32596594744177265,14,-0.48682776683566786,False
1,14,Z,ctx_rh_temporalpole,-0.3802197802197802,0.17990614630608154,14,-0.7449539991824212,False
1,14,Z,ctx_rh_transversetemporal,-0.3010989010989011,0.2955144656072166,14,-0.529421255291602,False
2,10,Z,Left_Accumbens_area,-0.1515151515151515,0.6760651759978538,10,-0.17001143392259718,True
2,10,Z,Left_Amygdala,0.13939393939393938,0.7009318849100584,10,0.15432418380938717,True
2,10,Z,Left_Caudate,-0.11515151515151514,0.7514196523258483,10,-0.12411745076177128,True
2,10,Z,Left_Cerebellum_Cortex,0.18787878787878787,0.603217610029209,10,0.21952598838019957,True
2,10,Z,Left_Hippocampus,-0.17575757575757575,0.6271883447764844,10,-0.20260202086936144,True
2,10,Z,Left_Pallidum,0.16363636363636364,0.6514773427962428,10,0.18610068366539814,True
2,10,Z,Left_Putamen,0.28484848484848485,0.42503815489214547,10,0.3715720823841724,True
2,10,Z,Left_Thalamus,-0.09090909090909088,0.8027717312071619,10,-0.0954079291552768,True
2,10,Z,Left_VentralDC,-0.32121212121212117,0.3654683104386702,10,-0.43715027451535776,True
2,10,Z,Right_Accumbens_area,0.17575757575757575,0.6271883447764844,10,0.20260202086936144,True
2,10,Z,Right_Amygdala,-0.23636363636363633,0.5108853175152002,10,-0.29167657845642647,True
2,10,Z,Right_Caudate,-0.0303030303030303,0.9337729580941466,10,-0.029758707317340795,True
2,10,Z,Right_Cerebellum_Cortex,0.2727272727272727,0.44583834154275137,10,0.35082258546453154,True
2,10,Z,Right_Hippocampus,-0.32121212121212117,0.3654683104386702,10,-0.43715027451535776,True
2,10,Z,Right_Pallidum,0.6363636363636362,0.04791172612997547,10,1.3195581824038183,True
2,10,Z,Right_Putamen,0.309090909090909,0.3848412302612835,10,0.4147184056681695,True
2,10,Z,Right_Thalamus,-0.18787878787878787,0.603217610029209,10,-0.21952598838019957,True
2,10,Z,Right_VentralDC,-0.22424242424242422,0.5334005612725947,10,-0.272946531658024,True
2,10,Z,ctx_lh_bankssts,-0.34545454545454546,0.32822651147136733,10,-0.4838263430857458,False
2,10,Z,ctx_lh_caudalanteriorcingulate,-0.17575757575757575,0.6271883447764844,10,-0.20260202086936144,False
2,10,Z,ctx_lh_caudalmiddlefrontal,0.12727272727272726,0.7260570147627894,10,0.1390292743072959,False
2,10,Z,ctx_lh_cuneus,-0.4424242424242424,0.20042268671194224,10,-0.698053120348942,False
2,10,Z,ctx_lh_entorhinal,-0.22424242424242422,0.5334005612725947,10,-0.272946531658024,False
2,10,Z,ctx_lh_frontalpole,0.4545454545454545,0.186904810349332,10,0.7283795210861914,False
2,10,Z,ctx_lh_fusiform,-0.2727272727272727,0.44583834154275137,10,-0.35082258546453154,False
2,10,Z,ctx_lh_inferiorparietal,0.17575757575757575,0.6271883447764844,10,0.20260202086936144,False
2,10,Z,ctx_lh_inferiortemporal,-0.17575757575757575,0.6271883447764844,10,-0.20260202086936144,False
2,10,Z,ctx_lh_insula,-0.10303030303030303,0.7769984634438898,10,-0.1095798400388536,False
2,10,Z,ctx_lh_isthmuscingulate,-0.07878787878787878,0.8287173946974606,10,-0.08159354526172075,False
2,10,Z,ctx_lh_lateraloccipital,-0.1515151515151515,0.6760651759978538,10,-0.17001143392259718,False
2,10,Z,ctx_lh_lateralorbitofrontal,0.01818181818181818,0.9602404181286243,10,0.01762001779947147,False
2,10,Z,ctx_lh_lingual,-0.49090909090909085,0.14965567342083677,10,-0.8249068144826027,False
2,10,Z,ctx_lh_medialorbitofrontal,0.09090909090909088,0.8027717312071619,10,0.0954079291552768,False
2,10,Z,ctx_lh_middletemporal,0.10303030303030303,0.7769984634438898,10,0.1095798400388536,False
2,10,Z,ctx_lh_paracentral,0.09090909090909088,0.8027717312071619,10,0.0954079291552768,False
2,10,Z,ctx_lh_parahippocampal,-0.16363636363636364,0.6514773427962428,10,-0.18610068366539814,False
2,10,Z,ctx_lh_parsopercularis,0.19999999999999998,0.5795840000000001,10,0.23688361217191653,False
2,10,Z,ctx_lh_parsorbitalis,-0.19999999999999998,0.5795840000000001,10,-0.23688361217191653,False
2,10,Z,ctx_lh_parstriangularis,0.4545454545454545,0.186904810349332,10,0.7283795210861914,False
2,10,Z,ctx_lh_pericalcarine,-0.04242424242424241,0.907363817812816,10,-0.04221854272212306,False
2,10,Z,ctx_lh_postcentral,0.0303030303030303,0.9337729580941466,10,0.029758707317340795,False
2,10,Z,ctx_lh_posteriorcingulate,0.05454545454545454,0.8810361811618526,10,0.05500625622326251,False
2,10,Z,ctx_lh_precentral,0.34545454545454546,0.32822651147136733,10,0.4838263430857458,False
2,10,Z,ctx_lh_precuneus,-0.006060606060606061,0.9867429111949892,10,-0.005795984912135871,False
2,10,Z,ctx_lh_rostralanteriorcingulate,0.23636363636363633,0.5108853175152002,10,0.29167657845642647,False
2,10,Z,ctx_lh_rostralmiddlefrontal,0.19999999999999998,0.5795840000000001,10,0.23688361217191653,False
2,10,Z,ctx_lh_superiorfrontal,-0.1515151515151515,0.6760651759978538,10,-0.17001143392259718,False
2,10,Z,ctx_lh_superiorparietal,0.01818181818181818,0.9602404181286243,10,0.01762001779947147,False
2,10,Z,ctx_lh_superiortemporal,-0.6363636363636362,0.04791172612997547,10,-1.3195581824038183,False
2,10,Z,ctx_lh_supramarginal,-0.2121212121212121,0.5563057751029299,10,-0.25468643155240167,False
2,10,Z,ctx_lh_temporalpole,-0.41818181818181815,0.22911284098281892,10,-0.6399505694238794,False
2,10,Z,ctx_lh_transversetemporal,-0.18787878787878787,0.603217610029209,10,-0.21952598838019957,False
2,10,Z,ctx_rh_bankssts,-0.43030303030303024,0.21449233253280775,10,-0.6685882279464308,False
2,10,Z,ctx_rh_caudalanteriorcingulate,0.18787878787878787,0.603217610029209,10,0.21952598838019957,False
2,10,Z,ctx_rh_caudalmiddlefrontal,-0.2121212121212121,0.5563057751029299,10,-0.25468643155240167,False
2,10,Z,ctx_rh_cuneus,-0.3696969696969697,0.2930500752928223,10,-0.5330581626998575,False
2,10,Z,ctx_rh_entorhinal,-0.06666666666666665,0.8548130882487426,10,-0.06812883686981806,False
2,10,Z,ctx_rh_frontalpole,0.05454545454545454,0.8810361811618526,10,0.05500625622326251,False
2,10,Z,ctx_rh_fusiform,-0.4424242424242424,0.20042268671194224,10,-0.698053120348942,False
2,10,Z,ctx_rh_inferiorparietal,0.13939393939393938,0.7009318849100584,10,0.15432418380938717,False
2,10,Z,ctx_rh_inferiortemporal,-0.11515151515151514,0.7514196523258483,10,-0.12411745076177128,False
2,10,Z,ctx_rh_insula,-0.16363636363636364,0.6514773427962428,10,-0.18610068366539814,False
2,10,Z,ctx_rh_isthmuscingulate,-0.06666666666666665,0.8548130882487426,10,-0.06812883686981806,False
2,10,Z,ctx_rh_lateraloccipital,-0.1515151515151515,0.6760651759978538,10,-0.17001143392259718,False
2,10,Z,ctx_rh_lateralorbitofrontal,0.2121212121212121,0.5563057751029299,10,0.25468643155240167,False
2,10,Z,ctx_rh_lingual,-0.006060606060606061,0.9867429111949892,10,-0.005795984912135871,False
2,10,Z,ctx_rh_medialorbitofrontal,0.49090909090909085,0.14965567342083677,10,0.8249068144826027,False
2,10,Z,ctx_rh_middletemporal,-0.04242424242424241,0.907363817812816,10,-0.04221854272212306,False
2,10,Z,ctx_rh_paracentral,-0.3696969696969697,0.2930500752928223,10,-0.5330581626998575,False
2,10,Z,ctx_rh_parahippocampal,-0.49090909090909085,0.14965567342083677,10,-0.8249068144826027,False
2,10,Z,ctx_rh_parsopercularis,0.006060606060606061,0.9867429111949892,10,0.005795984912135871,False
2,10,Z,ctx_rh_parsorbitalis,0.11515151515151514,0.7514196523258483,10,0.12411745076177128,False
2,10,Z,ctx_rh_parstriangularis,0.38181818181818183,0.27625533338543595,10,0.5586893287366765,False
2,10,Z,ctx_rh_pericalcarine,-0.3696969696969697,0.2930500752928223,10,-0.5330581626998575,False
2,10,Z,ctx_rh_postcentral,0.07878787878787878,0.8287173946974606,10,0.08159354526172075,False
2,10,Z,ctx_rh_posteriorcingulate,-0.01818181818181818,0.9602404181286243,10,-0.01762001779947147,False
2,10,Z,ctx_rh_precentral,-0.07878787878787878,0.8287173946974606,10,-0.08159354526172075,False
2,10,Z,ctx_rh_precuneus,0.11515151515151514,0.7514196523258483,10,0.12411745076177128,False
2,10,Z,ctx_rh_rostralanteriorcingulate,0.13939393939393938,0.7009318849100584,10,0.15432418380938717,False
2,10,Z,ctx_rh_rostralmiddlefrontal,0.38181818181818183,0.27625533338543595,10,0.5586893287366765,False
2,10,Z,ctx_rh_superiorfrontal,0.13939393939393938,0.7009318849100584,10,0.15432418380938717,False
2,10,Z,ctx_rh_superiorparietal,0.16363636363636364,0.6514773427962428,10,0.18610068366539814,False
2,10,Z,ctx_rh_superiortemporal,-0.16363636363636364,0.6514773427962428,10,-0.18610068366539814,False
2,10,Z,ctx_rh_supramarginal,-0.41818181818181815,0.22911284098281892,10,-0.6399505694238794,False
2,10,Z,ctx_rh_temporalpole,-0.5636363636363636,0.08972402831709125,10,-1.047091236241426,False
2,10,Z,ctx_rh_transversetemporal,-0.5393939393939393,0.1075931877824148,10,-0.9682152249722612,False
3,9,Z,Left_Accumbens_area,0.08333333333333334,0.831214097710308,9,0.08028709958721988,True
3,9,Z,Left_Amygdala,-0.26666666666666666,0.4879222748387009,9,-0.31164935483564815,True
3,9,Z,Left_Caudate,0.16666666666666669,0.668231040071504,9,0.1750733547699102,True
3,9,Z,Left_Cerebellum_Cortex,0.33333333333333337,0.38071318167686347,9,0.41940208606869717,True
3,9,Z,Left_Hippocampus,0.15,0.7000942309691419,9,0.15484350107765069,True
3,9,Z,Left_Pallidum,0.13333333333333333,0.7323675052362975,9,0.13527093336220317,True
3,9,Z,Left_Putamen,0.16666666666666669,0.668231040071504,9,0.1750733547699102,True
3,9,Z,Left_Thalamus,-0.18333333333333335,0.6368198117628943,9,-0.1959834339552791,True
3,9,Z,Left_VentralDC,-0.41666666666666663,0.26458604674749614,9,-0.5774330625685861,True
3,9,Z,Right_Accumbens_area,0.0,1.0,9,-0.0,True
3,9,Z,Right_Amygdala,-0.38333333333333336,0.30849527238037144,9,-0.5107514870435415,True
3,9,Z,Right_Caudate,0.0,1.0,9,-0.0,True
3,9,Z,Right_Cerebellum_Cortex,0.09999999999999999,0.797971695234851,9,0.09801251318727557,True
3,9,Z,Right_Hippocampus,-0.19999999999999998,0.6059012741795533,9,-0.21759813420330992,True
3,9,Z,Right_Pallidum,-0.08333333333333334,0.831214097710308,9,-0.08028709958721988,True
3,9,Z,Right_Putamen,-0.09999999999999999,0.797971695234851,9,-0.09801251318727557,True
3,9,Z,Right_Thalamus,0.06666666666666667,0.8646897846262037,9,0.06313967171325949,True
3,9,Z,Right_VentralDC,-0.26666666666666666,0.4879222748387009,9,-0.31164935483564815,True
3,9,Z,ctx_lh_bankssts,0.6666666666666667,0.04986723056888511,9,1.302184750130315,False
3,9,Z,ctx_lh_caudalanteriorcingulate,0.25,0.5164895523012263,9,0.286938459088828,False
3,9,Z,ctx_lh_caudalmiddlefrontal,0.3,0.4328453267094823,9,0.3636672670579554,False
3,9,Z,ctx_lh_cuneus,0.03333333333333333,0.932156735540504,9,0.030511057970754027,False
3,9,Z,ctx_lh_entorhinal,-0.3666666666666667,0.33173980143301507,9,-0.479202419629907,False
3,9,Z,ctx_lh_frontalpole,-0.5,0.17047066078705375,9,-0.7683503554087576,False
3,9,Z,ctx_lh_fusiform,0.65,0.05807305801714863,9,1.2360253042403884,False
3,9,Z,ctx_lh_inferiorparietal,0.8333333333333333,0.005265691029161748,9,2.278544627240349,False
3,9,Z,ctx_lh_inferiortemporal,0.35,0.35581957250178897,9,0.44877016643833767,False
3,9,Z,ctx_lh_insula,0.5833333333333334,0.09918581647988323,9,1.0035504272906353,False
3,9,Z,ctx_lh_isthmuscingulate,0.16666666666666669,0.668231040071504,9,0.1750733547699102,False
3,9,Z,ctx_lh_lateraloccipital,0.38333333333333336,0.30849527238037144,9,0.5107514870435415,False
3,9,Z,ctx_lh_lateralorbitofrontal,-0.39999999999999997,0.2861051019083129,9,-0.5434743976618063,False
3,9,Z,ctx_lh_lingual,0.2333333333333333,0.5456987782182727,9,0.26304701857099777,False
3,9,Z,ctx_lh_medialorbitofrontal,-0.43333333333333335,0.2439524358800516,9,-0.6126948410729962,False
3,9,Z,ctx_lh_middletemporal,0.6333333333333333,0.06708578689234565,9,1.173369481739571,False
3,9,Z,ctx_lh_paracentral,0.7166666666666667,0.029818035695845287,9,1.5255209696876413,False
3,9,Z,ctx_lh_parahippocampal,0.049999999999999996,0.8983528043506301,9,0.04655307213895116,False
3,9,Z,ctx_lh_parsopercularis,0.38333333333333336,0.30849527238037144,9,0.5107514870435415,False
3,9,Z,ctx_lh_parsorbitalis,0.19999999999999998,0.6059012741795533,9,0.21759813420330992,False
3,9,Z,ctx_lh_parstriangularis,0.09999999999999999,0.797971695234851,9,0.09801251318727557,False
3,9,Z,ctx_lh_pericalcarine,0.3666666666666667,0.33173980143301507,9,0.479202419629907,False
3,9,Z,ctx_lh_postcentral,0.6333333333333333,0.06708578689234565,9,1.173369481739571,False
3,9,Z,ctx_lh_posteriorcingulate,0.8333333333333333,0.005265691029161748,9,2.278544627240349,False
3,9,Z,ctx_lh_precentral,0.6833333333333333,0.04244227208707231,9,1.3722013748068616,False
3,9,Z,ctx_lh_precuneus,0.6833333333333333,0.04244227208707231,9,1.3722013748068616,False
3,9,Z,ctx_lh_rostralanteriorcingulate,-0.11666666666666665,0.7650079429261462,9,-0.11633405562927483,False
3,9,Z,ctx_lh_rostralmiddlefrontal,0.16666666666666669,0.668231040071504,9,0.1750733547699102,False
3,9,Z,ctx_lh_superiorfrontal,0.33333333333333337,0.38071318167686347,9,0.41940208606869717,False
3,9,Z,ctx_lh_superiorparietal,0.7166666666666667,0.029818035695845287,9,1.5255209696876413,False
3,9,Z,ctx_lh_superiortemporal,0.33333333333333337,0.38071318167686347,9,0.41940208606869717,False
3,9,Z,ctx_lh_supramarginal,0.5333333333333333,0.13922686754397814,9,0.8562769479140179,False
3,9,Z,ctx_lh_temporalpole,0.049999999999999996,0.8983528043506301,9,0.04655307213895116,False
3,9,Z,ctx_lh_transversetemporal,0.5,0.17047066078705375,9,0.7683503554087576,False
3,9,Z,ctx_rh_bankssts,0.6333333333333333,0.06708578689234565,9,1.173369481739571,False
3,9,Z,ctx_rh_caudalanteriorcingulate,0.2833333333333333,0.46003032896571994,9,0.3372135351265754,False
3,9,Z,ctx_rh_caudalmiddlefrontal,0.5666666666666667,0.11163298761149111,9,0.9522074521662469,False
3,9,Z,ctx_rh_cuneus,0.38333333333333336,0.30849527238037144,9,0.5107514870435415,False
3,9,Z,ctx_rh_entorhinal,-0.016666666666666666,0.9660548039946861,9,-0.014998235492009888,False
3,9,Z,ctx_rh_frontalpole,0.016666666666666666,0.9660548039946861,9,0.014998235492009888,False
3,9,Z,ctx_rh_fusiform,0.3666666666666667,0.33173980143301507,9,0.479202419629907,False
3,9,Z,ctx_rh_inferiorparietal,0.38333333333333336,0.30849527238037144,9,0.5107514870435415,False
3,9,Z,ctx_rh_inferiortemporal,0.2333333333333333,0.5456987782182727,9,0.26304701857099777,False
3,9,Z,ctx_rh_insula,0.39999999999999997,0.2861051019083129,9,0.5434743976618063,False
3,9,Z,ctx_rh_isthmuscingulate,-0.3,0.4328453267094823,9,-0.3636672670579554,False
3,9,Z,ctx_rh_lateraloccipital,0.3666666666666667,0.33173980143301507,9,0.479202419629907,False
3,9,Z,ctx_rh_lateralorbitofrontal,-0.39999999999999997,0.2861051019083129,9,-0.5434743976618063,False
3,9,Z,ctx_rh_lingual,0.3,0.4328453267094823,9,0.3636672670579554,False
3,9,Z,ctx_rh_medialorbitofrontal,-0.18333333333333335,0.6368198117628943,9,-0.1959834339552791,False
3,9,Z,ctx_rh_middletemporal,0.21666666666666667,0.5755148957119259,9,0.23994343130130588,False
3,9,Z,ctx_rh_paracentral,0.6333333333333333,0.06708578689234565,9,1.173369481739571,False
3,9,Z,ctx_rh_parahippocampal,-0.15,0.7000942309691419,9,-0.15484350107765069,False
3,9,Z,ctx_rh_parsopercularis,0.6666666666666667,0.04986723056888511,9,1.302184750130315,False
3,9,Z,ctx_rh_parsorbitalis,-0.049999999999999996,0.8983528043506301,9,-0.04655307213895116,False
3,9,Z,ctx_rh_parstriangularis,0.2833333333333333,0.46003032896571994,9,0.3372135351265754,False
3,9,Z,ctx_rh_pericalcarine,0.26666666666666666,0.4879222748387009,9,0.31164935483564815,False
3,9,Z,ctx_rh_postcentral,0.48333333333333334,0.18746985521554207,9,0.7270685560218769,False
3,9,Z,ctx_rh_posteriorcingulate,0.6833333333333333,0.04244227208707231,9,1.3722013748068616,False
3,9,Z,ctx_rh_precentral,0.3666666666666667,0.33173980143301507,9,0.479202419629907,False
3,9,Z,ctx_rh_precuneus,0.3,0.4328453267094823,9,0.3636672670579554,False
3,9,Z,ctx_rh_rostralanteriorcingulate,-0.19999999999999998,0.6059012741795533,9,-0.21759813420330992,False
3,9,Z,ctx_rh_rostralmiddlefrontal,-0.18333333333333335,0.6368198117628943,9,-0.1959834339552791,False
3,9,Z,ctx_rh_superiorfrontal,0.6333333333333333,0.06708578689234565,9,1.173369481739571,False
3,9,Z,ctx_rh_superiorparietal,0.5,0.17047066078705375,9,0.7683503554087576,False
3,9,Z,ctx_rh_superiortemporal,0.16666666666666669,0.668231040071504,9,0.1750733547699102,False
3,9,Z,ctx_rh_supramarginal,0.6166666666666666,0.07692880993776309,9,1.1139109858965857,False
3,9,Z,ctx_rh_temporalpole,-0.2333333333333333,0.5456987782182727,9,-0.26304701857099777,False
3,9,Z,ctx_rh_transversetemporal,0.5166666666666667,0.1543901209862251,9,0.8113804924616288,False
unassigned,7,Z,Left_Accumbens_area,0.07142857142857144,0.8790481931481541,7,0.05598731440909248,True
unassigned,7,Z,Left_Amygdala,-0.21428571428571433,0.6445115810207203,7,-0.19076927454299716,True
unassigned,7,Z,Left_Caudate,-0.03571428571428572,0.9394082054712856,7,-0.02714565069382036,True
unassigned,7,Z,Left_Cerebellum_Cortex,0.07142857142857144,0.8790481931481541,7,0.05598731440909248,True
unassigned,7,Z,Left_Hippocampus,-0.4642857142857144,0.2939341076002517,7,-0.5317500162304679,True
unassigned,7,Z,Left_Pallidum,0.03571428571428572,0.9394082054712856,7,0.02714565069382036,True
unassigned,7,Z,Left_Putamen,-0.14285714285714288,0.7599453002180929,7,-0.11921766649339006,True
unassigned,7,Z,Left_Thalamus,-0.3571428571428572,0.4316113520383278,7,-0.36490714123016355,True
unassigned,7,Z,Left_VentralDC,-0.28571428571428575,0.5345092286010406,7,-0.27204479205313054,True
unassigned,7,Z,Right_Accumbens_area,0.5714285714285715,0.1802019889115274,7,0.7442404199688618,True
unassigned,7,Z,Right_Amygdala,0.3214285714285715,0.4820720382996776,7,0.3168880582376563,True
unassigned,7,Z,Right_Caudate,0.9642857142857145,0.0004541491691941689,7,3.3428014759591793,True
unassigned,7,Z,Right_Cerebellum_Cortex,-0.03571428571428572,0.9394082054712856,7,-0.02714565069382036,True
unassigned,7,Z,Right_Hippocampus,-0.21428571428571433,0.6445115810207203,7,-0.19076927454299716,True
unassigned,7,Z,Right_Pallidum,0.07142857142857144,0.8790481931481541,7,0.05598731440909248,True
unassigned,7,Z,Right_Putamen,0.07142857142857144,0.8790481931481541,7,0.05598731440909248,True
unassigned,7,Z,Right_Thalamus,-0.21428571428571433,0.6445115810207203,7,-0.19076927454299716,True
unassigned,7,Z,Right_VentralDC,-0.7142857142857144,0.07134356146753759,7,-1.1466452144945505,True
unassigned,7,Z,ctx_lh_bankssts,0.03571428571428572,0.9394082054712856,7,0.02714565069382036,False
unassigned,7,Z,ctx_lh_caudalanteriorcingulate,-0.03571428571428572,0.9394082054712856,7,-0.02714565069382036,False
unassigned,7,Z,ctx_lh_caudalmiddlefrontal,0.25,0.5887244480896833,7,0.2300879287708473,False
unassigned,7,Z,ctx_lh_cuneus,-0.07142857142857144,0.8790481931481541,7,-0.05598731440909248,False
unassigned,7,Z,ctx_lh_entorhinal,-0.42857142857142866,0.337368311085824,7,-0.471895712994343,False
unassigned,7,Z,ctx_lh_frontalpole,-0.10714285714285716,0.8191508555699912,7,-0.086636110805489,False
unassigned,7,Z,ctx_lh_fusiform,-0.14285714285714288,0.7599453002180929,7,-0.11921766649339006,False
unassigned,7,Z,ctx_lh_inferiorparietal,-0.25,0.5887244480896833,7,-0.2300879287708473,False
unassigned,7,Z,ctx_lh_inferiortemporal,0.07142857142857144,0.8790481931481541,7,0.05598731440909248,False
unassigned,7,Z,ctx_lh_insula,-0.1785714285714286,0.7016579425162729,7,-0.1538745543683028,False
unassigned,7,Z,ctx_lh_isthmuscingulate,-0.21428571428571433,0.6445115810207203,7,-0.19076927454299716,False
unassigned,7,Z,ctx_lh_lateraloccipital,-0.3214285714285715,0.4820720382996776,7,-0.3168880582376563,False
unassigned,7,Z,ctx_lh_lateralorbitofrontal,-0.07142857142857144,0.8790481931481541,7,-0.05598731440909248,False
unassigned,7,Z,ctx_lh_lingual,-0.10714285714285716,0.8191508555699912,7,-0.086636110805489,False
unassigned,7,Z,ctx_lh_medialorbitofrontal,0.03571428571428572,0.9394082054712856,7,0.02714565069382036,False
unassigned,7,Z,ctx_lh_middletemporal,-0.1785714285714286,0.7016579425162729,7,-0.1538745543683028,False
unassigned,7,Z,ctx_lh_paracentral,0.3571428571428572,0.4316113520383278,7,0.36490714123016355,False
unassigned,7,Z,ctx_lh_parahippocampal,0.21428571428571433,0.6445115810207203,7,0.19076927454299716,False
unassigned,7,Z,ctx_lh_parsopercularis,0.0,1.0,7,-0.0,False
unassigned,7,Z,ctx_lh_parsorbitalis,0.14285714285714288,0.7599453002180929,7,0.11921766649339006,False
unassigned,7,Z,ctx_lh_parstriangularis,0.14285714285714288,0.7599453002180929,7,0.11921766649339006,False
unassigned,7,Z,ctx_lh_pericalcarine,-0.07142857142857144,0.8790481931481541,7,-0.05598731440909248,False
unassigned,7,Z,ctx_lh_postcentral,-0.28571428571428575,0.5345092286010406,7,-0.27204479205313054,False
unassigned,7,Z,ctx_lh_posteriorcingulate,0.21428571428571433,0.6445115810207203,7,0.19076927454299716,False
unassigned,7,Z,ctx_lh_precentral,0.03571428571428572,0.9394082054712856,7,0.02714565069382036,False
unassigned,7,Z,ctx_lh_precuneus,0.3571428571428572,0.4316113520383278,7,0.36490714123016355,False
unassigned,7,Z,ctx_lh_rostralanteriorcingulate,0.03571428571428572,0.9394082054712856,7,0.02714565069382036,False
unassigned,7,Z,ctx_lh_rostralmiddlefrontal,0.3571428571428572,0.4316113520383278,7,0.36490714123016355,False
unassigned,7,Z,ctx_lh_superiorfrontal,-0.14285714285714288,0.7599453002180929,7,-0.11921766649339006,False
unassigned,7,Z,ctx_lh_superiorparietal,0.21428571428571433,0.6445115810207203,7,0.19076927454299716,False
unassigned,7,Z,ctx_lh_superiortemporal,-0.03571428571428572,0.9394082054712856,7,-0.02714565069382036,False
unassigned,7,Z,ctx_lh_supramarginal,-0.03571428571428572,0.9394082054712856,7,-0.02714565069382036,False
unassigned,7,Z,ctx_lh_temporalpole,0.5357142857142858,0.21521745567801273,7,0.6671225071822393,False
unassigned,7,Z,ctx_lh_transversetemporal,0.10714285714285716,0.8191508555699912,7,0.086636110805489,False
unassigned,7,Z,ctx_rh_bankssts,0.25,0.5887244480896833,7,0.2300879287708473,False
unassigned,7,Z,ctx_rh_caudalanteriorcingulate,0.25,0.5887244480896833,7,0.2300879287708473,False
unassigned,7,Z,ctx_rh_caudalmiddlefrontal,0.14285714285714288,0.7599453002180929,7,0.11921766649339006,False
unassigned,7,Z,ctx_rh_cuneus,0.07142857142857144,0.8790481931481541,7,0.05598731440909248,False
unassigned,7,Z,ctx_rh_entorhinal,-0.1785714285714286,0.7016579425162729,7,-0.1538745543683028,False
unassigned,7,Z,ctx_rh_frontalpole,0.21428571428571433,0.6445115810207203,7,0.19076927454299716,False
unassigned,7,Z,ctx_rh_fusiform,0.39285714285714296,0.38331687042697266,7,0.4164420662867169,False
unassigned,7,Z,ctx_rh_inferiorparietal,-0.10714285714285716,0.8191508555699912,7,-0.086636110805489,False
unassigned,7,Z,ctx_rh_inferiortemporal,0.28571428571428575,0.5345092286010406,7,0.27204479205313054,False
unassigned,7,Z,ctx_rh_insula,0.5714285714285715,0.1802019889115274,7,0.7442404199688618,False
unassigned,7,Z,ctx_rh_isthmuscingulate,0.0,1.0,7,-0.0,False
unassigned,7,Z,ctx_rh_lateraloccipital,0.28571428571428575,0.5345092286010406,7,0.27204479205313054,False
unassigned,7,Z,ctx_rh_lateralorbitofrontal,0.28571428571428575,0.5345092286010406,7,0.27204479205313054,False
unassigned,7,Z,ctx_rh_lingual,-0.07142857142857144,0.8790481931481541,7,-0.05598731440909248,False
unassigned,7,Z,ctx_rh_medialorbitofrontal,0.25,0.5887244480896833,7,0.2300879287708473,False
unassigned,7,Z,ctx_rh_middletemporal,0.3571428571428572,0.4316113520383278,7,0.36490714123016355,False
unassigned,7,Z,ctx_rh_paracentral,0.3214285714285715,0.4820720382996776,7,0.3168880582376563,False
unassigned,7,Z,ctx_rh_parahippocampal,0.3571428571428572,0.4316113520383278,7,0.36490714123016355,False
unassigned,7,Z,ctx_rh_parsopercularis,0.10714285714285716,0.8191508555699912,7,0.086636110805489,False
unassigned,7,Z,ctx_rh_parsorbitalis,0.03571428571428572,0.9394082054712856,7,0.02714565069382036,False
unassigned,7,Z,ctx_rh_parstriangularis,0.07142857142857144,0.8790481931481541,7,0.05598731440909248,False
unassigned,7,Z,ctx_rh_pericalcarine,-0.07142857142857144,0.8790481931481541,7,-0.05598731440909248,False
unassigned,7,Z,ctx_rh_postcentral,-0.21428571428571433,0.6445115810207203,7,-0.19076927454299716,False
unassigned,7,Z,ctx_rh_posteriorcingulate,0.03571428571428572,0.9394082054712856,7,0.02714565069382036,False
unassigned,7,Z,ctx_rh_precentral,0.25,0.5887244480896833,7,0.2300879287708473,False
unassigned,7,Z,ctx_rh_precuneus,0.5,0.25316999510032273,7,0.5965877668005096,False
unassigned,7,Z,ctx_rh_rostralanteriorcingulate,0.14285714285714288,0.7599453002180929,7,0.11921766649339006,False
unassigned,7,Z,ctx_rh_rostralmiddlefrontal,0.21428571428571433,0.6445115810207203,7,0.19076927454299716,False
unassigned,7,Z,ctx_rh_superiorfrontal,0.21428571428571433,0.6445115810207203,7,0.19076927454299716,False
unassigned,7,Z,ctx_rh_superiorparietal,0.3571428571428572,0.4316113520383278,7,0.36490714123016355,False
unassigned,7,Z,ctx_rh_superiortemporal,0.21428571428571433,0.6445115810207203,7,0.19076927454299716,False
unassigned,7,Z,ctx_rh_supramarginal,0.03571428571428572,0.9394082054712856,7,0.02714565069382036,False
unassigned,7,Z,ctx_rh_temporalpole,0.5,0.25316999510032273,7,0.5965877668005096,False
unassigned,7,Z,ctx_rh_transversetemporal,-0.21428571428571433,0.6445115810207203,7,-0.19076927454299716,False
