feature,group,basis,hour,rho,p,n,signed_log10p
Amp_Mean,all,interpolated,12,0.032442585161786046,0.819397603817358,52,0.08650531039803469
Amp_Mean,all,interpolated,13,0.03415008964398531,0.8100639588057509,52,0.0914806899364002
Amp_Mean,all,interpolated,14,0.05037138222487834,0.7228678335359807,52,0.14094110023385287
Amp_Mean,all,interpolated,15,0.047639375053359516,0.7373444946327468,52,0.1323295580534681
Amp_Mean,all,interpolated,16,0.04712712370869973,0.7400691322338244,52,0.13072770953210408
Amp_Mean,all,interpolated,17,0.028942200973277554,0.8386079796704035,52,0.0764410094374164
Amp_Mean,all,interpolated,18,0.030222829334927006,0.8315683469579802,52,0.08010205012834039
Amp_Mean,all,interpolated,19,0.013233159737044309,0.9258161817660111,52,0.033475232723363925
Amp_Mean,all,interpolated,20,0.02902757619738752,0.8381382746097132,52,0.07668432630279771
Amp_Mean,all,interpolated,21,0.034918466660974985,0.8058722657085159,52,0.09373379032166985
Amp_Mean,all,interpolated,22,0.048834628190898996,0.7309994924137663,52,0.13608292460435148
Amp_Mean,all,interpolated,23,0.0572014001536754,0.6871040890523463,52,0.1629774669043164
Amp_Mean,all,interpolated,24,0.0690685563049603,0.6265880407530673,52,0.20301789844971074
Amp_Mean,all,interpolated,25,0.08955861009135148,0.5277869238572703,52,0.27754137381089145
Amp_Mean,all,interpolated,26,0.11380517373858107,0.42178623606524734,52,0.3749075964752505
Amp_Mean,all,interpolated,27,0.10381627251771536,0.4639159932850321,52,0.33356065512575633
Amp_Mean,all,interpolated,28,0.12592845556219584,0.3737038756517014,52,0.42747239809518545
Amp_Mean,all,interpolated,29,0.14095449500554938,0.3189022981307185,52,0.49634235105527374
Amp_Mean,all,interpolated,30,0.165115683428669,0.24209264840334804,52,0.616018398523305
Amp_Mean,all,interpolated,31,0.17314095449500555,0.2196413661377263,52,0.6582858637050077
Amp_Mean,all,interpolated,32,0.1764705882352941,0.21076594955078892,52,0.6761995505594495
Amp_Mean,all,interpolated,33,0.20566891488090155,0.14353965729262658,52,0.8430280950000304
Amp_Mean,all,interpolated,34,0.19303338171262702,0.17034987283445083,52,0.7686581862952051
Amp_Mean,all,interpolated,35,0.19209425424741738,0.1724786732394258,52,0.7632645972111913
Amp_Mean,all,interpolated,36,0.18082472466490224,0.19954347841217732,52,0.6999624614950286
Amp_Mean,all,interpolated,37,0.174336207632545,0.21642587962180446,52,0.6646908086998051
Amp_Mean,all,interpolated,38,0.14974814308887557,0.28933207192234683,52,0.538603422947635
Amp_Mean,all,interpolated,39,0.1276359600443951,0.36720682411035543,52,0.4350892565396054
Amp_Mean,all,interpolated,40,0.13147784512934346,0.3528400489423167,52,0.45242212635336193
Amp_Mean,all,interpolated,41,0.10552377699991461,0.45655746445601464,52,0.3405045523563718
Amp_Mean,all,interpolated,42,0.09536412533082898,0.5012661791557189,52,0.29993159660686675
Amp_Mean,all,interpolated,43,0.11081704089473234,0.43415538539346465,52,0.3623548074890306
Amp_Mean,all,interpolated,44,0.10706053103389394,0.4499895606153639,52,0.34679756137961487
Amp_Mean,all,interpolated,45,0.11739093315119951,0.40721121744712074,52,0.3901802669967276
Amp_Mean,all,interpolated,46,0.16059079655084094,0.25541872420542877,52,0.5927472686974068
Amp_Mean,all,interpolated,47,0.15119952189874497,0.2846296804903202,52,0.5457198147188105
Amp_Mean,all,interpolated,48,0.14889439084777598,0.2921217498659971,52,0.5344361065145309
Amp_Mean,all,interpolated,49,0.10552377699991461,0.45655746445601464,52,0.3405045523563718
Amp_Mean,all,interpolated,50,0.0904977375565611,0.5234502789418363,52,0.281124564427773
Amp_Mean,all,interpolated,51,0.06983693332194997,0.6227471808448293,52,0.20568822982325927
Amp_Mean,all,interpolated,52,0.05822590284299496,0.6817953634415421,52,0.1663459565224989
Amp_Mean,all,interpolated,53,0.05634764791257577,0.6915394975941292,52,0.16018300991865908
Amp_Mean,all,interpolated,54,0.05353026551694697,0.7062486001907085,52,0.15104239995842153
Amp_Mean,all,interpolated,55,0.07256894049346879,0.609171778857504,52,0.21526022446001597
Amp_Mean,all,interpolated,56,0.07145906258003927,0.6146714064011018,52,0.211356989142115
Amp_Mean,all,interpolated,57,0.09177836591821052,0.5175653814026683,52,0.2860347801921303
Amp_Mean,all,interpolated,58,0.0922906172628703,0.5152207549420955,52,0.28800665035463285
Amp_Mean,all,interpolated,59,0.09271749338342013,0.5132709933200936,52,0.2896532784958649
Amp_Mean,all,interpolated,60,0.08691197814394262,0.5401031421985233,52,0.26752329608390535
Amp_Mean,all,interpolated,61,0.10526765132758474,0.45765717107711756,52,0.33945972824385046
Amp_Mean,all,interpolated,62,0.11611030478955008,0.41238282275255544,52,0.38469943295967785
Amp_Mean,all,interpolated,63,0.12003756509860837,0.3966428670167492,52,0.4016003513944928
Amp_Mean,all,interpolated,64,0.1276359600443951,0.36720682411035543,52,0.4350892565396054
Amp_Mean,all,interpolated,65,0.11628105523777,0.4116911023970736,52,0.385428519015654
Amp_Mean,all,interpolated,66,0.14804063860667632,0.29492888990926064,52,0.5302826838278427
Amp_Mean,all,interpolated,67,0.14710151114146675,0.29803691705740104,52,0.5257299376643448
Amp_Mean,all,interpolated,68,0.15188252369162467,0.28243423869291684,52,0.5490826561540126
Amp_Mean,all,interpolated,69,0.15435840519081362,0.27456929180134315,52,0.561348036461895
Amp_Mean,all,interpolated,70,0.1663109365662085,0.2386532404155327,52,0.6222326644402857
Amp_Mean,all,interpolated,71,0.14291812516007854,0.31213855645984506,52,0.505652582428811
Amp_Mean,all,interpolated,72,0.11389054896269102,0.42143580261340563,52,0.37526857215233195
BCI,all,interpolated,12,0.08341159395543413,0.5566034964548511,52,0.2544540698555895
BCI,all,interpolated,13,0.07666695125074703,0.5890521564694673,52,0.22984624975610793
BCI,all,interpolated,14,0.0858021002305131,0.5453091705264057,52,0.2633571986720177
BCI,all,interpolated,15,0.07803295483650645,0.58241234539732,52,0.23476942785520413
BCI,all,interpolated,16,0.072056689148809,0.6117074326351448,52,0.21345624251540915
BCI,all,interpolated,17,0.0546401434303765,0.700441040521739,52,0.15462841548700726
BCI,all,interpolated,18,0.039272603090583114,0.7822246431250756,52,0.1066685061994696
BCI,all,interpolated,19,0.014684538546913685,0.9177065418085671,52,0.037296172445995424
BCI,all,interpolated,20,0.028515324852727737,0.8409573382035759,52,0.07522603541816948
BCI,all,interpolated,21,0.04098010757278238,0.7730028095731468,52,0.11181892758245554
BCI,all,interpolated,22,0.05592077179202596,0.6937610676061002,52,0.15879007549172927
BCI,all,interpolated,23,0.0764962008025271,0.5898845085245139,52,0.22923300907015143
BCI,all,interpolated,24,0.08990011098779134,0.5262079097456174,52,0.2788426280613064
BCI,all,interpolated,25,0.07794757961239648,0.5828263392335251,52,0.2344608297138235
BCI,all,interpolated,26,0.11380517373858107,0.42178623606524734,52,0.3749075964752505
BCI,all,interpolated,27,0.11986681465038845,0.3973198123160191,52,0.40085977835015196
BCI,all,interpolated,28,0.14735763681379663,0.2971871771799169,52,0.5269699331353649
BCI,all,interpolated,29,0.15777341415521215,0.26396127672431413,52,0.57845977971519
BCI,all,interpolated,30,0.16272517715359003,0.24907250765719674,52,0.603674206753735
BCI,all,interpolated,31,0.18125160078545205,0.1984664727518867,52,0.7023128487429843
BCI,all,interpolated,32,0.183727482284641,0.19230106468056907,52,0.7160183112705366
BCI,all,interpolated,33,0.223256211047554,0.11162282433398027,52,0.9522469929540597
BCI,all,interpolated,34,0.21608469222231708,0.12390911309241981,52,0.9068967515722227
BCI,all,interpolated,35,0.1990950226244344,0.1570669876896238,52,0.8039150853025249
BCI,all,interpolated,36,0.16204217536071033,0.2510915569298707,52,0.6001678903950639
BCI,all,interpolated,37,0.12891658840604456,0.36237912439601705,52,0.4408368287125222
BCI,all,interpolated,38,0.12285494749423717,0.3855710083331705,52,0.41389562880001224
BCI,all,interpolated,39,0.11414667463502091,0.4203854964507908,52,0.37635227580279795
BCI,all,interpolated,40,0.09169299069410057,0.5179566723336808,52,0.2857065679640422
BCI,all,interpolated,41,0.08887560829847178,0.5309519620875967,52,0.27494476996188877
BCI,all,interpolated,42,0.11448817553146076,0.41898740983960603,52,0.3777990269605212
BCI,all,interpolated,43,0.10799965849910356,0.4460015462619181,52,0.35066363561105424
BCI,all,interpolated,44,0.11132929223939213,0.4320206455735287,52,0.36449549845264745
BCI,all,interpolated,45,0.12942883975070435,0.36045888897030687,52,0.4431442602412529
BCI,all,interpolated,46,0.10680440536156406,0.4510805915443685,52,0.34574585870702373
BCI,all,interpolated,47,0.09399812174506958,0.5074441455456241,52,0.2946117536438677
BCI,all,interpolated,48,0.08853410740203192,0.5325379749383004,52,0.2736494175265718
BCI,all,interpolated,49,0.018953299752411848,0.8939057657608225,52,0.04870826148054073
BCI,all,interpolated,50,0.024075813199009647,0.8654684355810102,52,0.0627487666135035
BCI,all,interpolated,51,0.011781780927174933,0.933933302733478,52,0.02968413799806829
BCI,all,interpolated,52,-0.015452915563903354,0.9134165091736813,52,-0.039331143179821795
BCI,all,interpolated,53,0.01434303765047383,0.9196139763050534,52,0.03639443693947328
BCI,all,interpolated,54,-0.008196021514556475,0.9540142279604464,52,-0.02044514827427665
BCI,all,interpolated,55,-0.0013660035857594125,0.992331700048306,52,-0.0033431348803866245
BCI,all,interpolated,56,-0.05327413984461708,0.7075911792788452,52,-0.15021758957576964
BCI,all,interpolated,57,-0.010501152565525484,0.9411010307218257,52,-0.026363750930104846
BCI,all,interpolated,58,0.029881328438487148,0.8334443255373433,52,0.07912340593733717
BCI,all,interpolated,59,0.034918466660974985,0.8058722657085159,52,0.09373379032166985
BCI,all,interpolated,60,0.04337061384786135,0.760144543634304,52,0.11910381754286718
BCI,all,interpolated,61,0.06471441987535217,0.6485363100587788,52,0.18806570374842127
BCI,all,interpolated,62,0.08315546828310424,0.5578201277715213,52,0.25350581918005205
BCI,all,interpolated,63,0.07598394945786732,0.5923847118193155,52,0.22739615821663847
BCI,all,interpolated,64,0.08725347904038248,0.5385061529891042,52,0.2688093300745442
BCI,all,interpolated,65,0.08281396738666438,0.5594442516523481,52,0.25224318421344616
BCI,all,interpolated,66,0.1169640570306497,0.40893090409476873,52,0.38835006731149063
BCI,all,interpolated,67,0.14257662426363865,0.3133082253099574,52,0.5040282033952329
BCI,all,interpolated,68,0.1408691197814394,0.3191984683502747,52,0.49593920124555574
BCI,all,interpolated,69,0.13882011440280032,0.32635888126420454,52,0.48630456427165364
BCI,all,interpolated,70,0.15205327413984462,0.2818871223940175,52,0.5499247637912674
BCI,all,interpolated,71,0.13284384871510288,0.347816135020967,52,0.45865027515666734
BCI,all,interpolated,72,0.125586954665756,0.3750115131092794,52,0.4259553989307455
PowerAbs_Alpha,all,interpolated,12,-0.003927260309058311,0.977956028521529,52,-0.009680671797031191
PowerAbs_Alpha,all,interpolated,13,-0.0038418850849483476,0.9784351308725872,52,-0.009467962277780101
PowerAbs_Alpha,all,interpolated,14,-0.008793648083326219,0.9506651045988526,52,-0.021972447142207602
PowerAbs_Alpha,all,interpolated,15,-0.011354904806625118,0.9363219964276532,52,-0.02857477388624269
PowerAbs_Alpha,all,interpolated,16,-0.00725689404934688,0.9592787052604644,52,-0.01805519619563884
PowerAbs_Alpha,all,interpolated,17,-0.04337061384786135,0.760144543634304,52,-0.11910381754286718
PowerAbs_Alpha,all,interpolated,18,-0.048834628190898996,0.7309994924137663,52,-0.13608292460435148
PowerAbs_Alpha,all,interpolated,19,-0.06915393152907028,0.6261607908739093,52,-0.20331413065112552
PowerAbs_Alpha,all,interpolated,20,-0.05028600700076837,0.7233188066985506,52,-0.14067024285363636
PowerAbs_Alpha,all,interpolated,21,-0.04926150431144882,0.7287377125210139,52,-0.13742875494896262
PowerAbs_Alpha,all,interpolated,22,-0.055835396567915994,0.6942056887390593,52,-0.15851183177976141
PowerAbs_Alpha,all,interpolated,23,-0.05335951506872705,0.7071435547208487,52,-0.1504924126607162
PowerAbs_Alpha,all,interpolated,24,-0.034918466660974985,0.8058722657085159,52,-0.09373379032166985
PowerAbs_Alpha,all,interpolated,25,-0.02936907709382737,0.8362600151242792,52,-0.0776586680436543
PowerAbs_Alpha,all,interpolated,26,-0.01195253137539486,0.93297798555896,52,-0.030128603695152925
PowerAbs_Alpha,all,interpolated,27,-0.005890890463587466,0.9669391415339119,52,-0.014600859244547518
PowerAbs_Alpha,all,interpolated,28,0.000597626568769743,0.99664507827617,52,0.0014594735729008396
PowerAbs_Alpha,all,interpolated,29,-0.002390506275078972,0.9865808882352718,52,-0.005867301821733134
PowerAbs_Alpha,all,interpolated,30,0.01297703406471442,0.9272480944704478,52,0.0328040504898564
PowerAbs_Alpha,all,interpolated,31,0.026124818577648767,0.8541385788113807,52,0.06847166194497449
PowerAbs_Alpha,all,interpolated,32,0.02083155468283104,0.8834614510535391,52,0.0538123957440616
PowerAbs_Alpha,all,interpolated,33,0.053786391189276875,0.7049069069041888,52,0.1518682340545106
PowerAbs_Alpha,all,interpolated,34,0.038162725177153585,0.7882348780345225,52,0.1033443522631003
PowerAbs_Alpha,all,interpolated,35,0.01664816870144284,0.9067480289700612,52,0.042513379787623394
PowerAbs_Alpha,all,interpolated,36,0.0046102621019380174,0.9741235013676512,52,0.011385978889047417
PowerAbs_Alpha,all,interpolated,37,-0.030991206351916673,0.8273508108068843,52,-0.08231030315306537
PowerAbs_Alpha,all,interpolated,38,-0.03269871083411594,0.8179959407092934,52,-0.08724885150218381
PowerAbs_Alpha,all,interpolated,39,-0.027149321266968326,0.848484422433068,52,-0.07135612660907766
PowerAbs_Alpha,all,interpolated,40,-0.024758814991889356,0.861688720663171,52,-0.06464959184705163
PowerAbs_Alpha,all,interpolated,41,-0.029539827542047297,0.8353212240473746,52,-0.07814648379280437
PowerAbs_Alpha,all,interpolated,42,-0.023990437974899685,0.8659411116073366,52,-0.0625116412084892
PowerAbs_Alpha,all,interpolated,43,-0.0218560573721506,0.8777727049448354,52,-0.05661792802071702
PowerAbs_Alpha,all,interpolated,44,-0.00648851703235721,0.9635872961094597,52,-0.016108934354401624
PowerAbs_Alpha,all,interpolated,45,0.005549389567147613,0.9688547397964556,52,0.013741331756063239
PowerAbs_Alpha,all,interpolated,46,0.030564330231366857,0.8296932983832335,52,0.08108241778733817
PowerAbs_Alpha,all,interpolated,47,0.03500384188508495,0.8054068534014132,52,0.09398467919623991
PowerAbs_Alpha,all,interpolated,48,0.03876035174592333,0.7849970544027929,52,0.10513197288406348
PowerAbs_Alpha,all,interpolated,49,-0.004183385981388201,0.9765187684026018,52,-0.010319405284110891
PowerAbs_Alpha,all,interpolated,50,-0.007427644497566805,0.9583213929325958,52,-0.018488816840925563
PowerAbs_Alpha,all,interpolated,51,-0.03141808247246649,0.8250098116930541,52,-0.08354088643333213
PowerAbs_Alpha,all,interpolated,52,-0.05455476820626654,0.7008871785572904,52,-0.15435188456310886
PowerAbs_Alpha,all,interpolated,53,-0.048151626398019294,0.7346230539429863,52,-0.1339354467460722
PowerAbs_Alpha,all,interpolated,54,-0.06659267480577136,0.6390306728727989,52,-0.19447829561359295
PowerAbs_Alpha,all,interpolated,55,-0.0639460428583625,0.6524411531247456,52,-0.18545865337775133
PowerAbs_Alpha,all,interpolated,56,-0.05626227268846581,0.6919836063984232,52,-0.15990419417768953
PowerAbs_Alpha,all,interpolated,57,-0.02655169469819858,0.8517817805268169,52,-0.06967165365096543
PowerAbs_Alpha,all,interpolated,58,-0.008366771962776402,0.9530572527044118,52,-0.02088100934410222
PowerAbs_Alpha,all,interpolated,59,-0.002732007171518825,0.9846640868843515,52,-0.006711901577203325
PowerAbs_Alpha,all,interpolated,60,-0.0029027576197387514,0.983705717728192,52,-0.007134804294019853
PowerAbs_Alpha,all,interpolated,61,0.016050542132673096,0.9100815012878646,52,0.04091971320128415
PowerAbs_Alpha,all,interpolated,62,0.018270297959532143,0.8977082201602024,52,0.04686479803826449
PowerAbs_Alpha,all,interpolated,63,0.020575429010501155,0.8848845599924782,52,0.05311338266755441
PowerAbs_Alpha,all,interpolated,64,0.025868692905318878,0.8555532652010012,52,0.06775294689113961
PowerAbs_Alpha,all,interpolated,65,0.02390506275078972,0.8664138341329425,52,0.062274621895625416
PowerAbs_Alpha,all,interpolated,66,0.03158883292068642,0.8240738332035303,52,0.0840338757830081
PowerAbs_Alpha,all,interpolated,67,0.046358746691710064,0.7441620153633997,52,0.12833250166074314
PowerAbs_Alpha,all,interpolated,68,0.061128660462733714,0.66683742877221,52,0.1759800317398977
PowerAbs_Alpha,all,interpolated,69,0.0858021002305131,0.5453091705264057,52,0.2633571986720177
PowerAbs_Alpha,all,interpolated,70,0.10057201400153674,0.47807188496923825,52,0.3205067960694219
PowerAbs_Alpha,all,interpolated,71,0.10526765132758474,0.45765717107711756,52,0.33945972824385046
PowerAbs_Alpha,all,interpolated,72,0.09971826176043712,0.4818347971490269,52,0.3171018393229217
PowerAbs_Beta,all,interpolated,12,-0.0286007000768377,0.840487355927145,52,-0.0754688155884293
PowerAbs_Beta,all,interpolated,13,0.00443951165371809,0.9750815822023189,52,0.010959046641918435
PowerAbs_Beta,all,interpolated,14,-0.01400153675403398,0.9215218594065273,52,-0.03549435842967682
PowerAbs_Beta,all,interpolated,15,-0.0202339281140613,0.8867825980984132,52,-0.05218283791206748
PowerAbs_Beta,all,interpolated,16,-0.029539827542047297,0.8353212240473746,52,-0.07814648379280437
PowerAbs_Beta,all,interpolated,17,-0.04115085802100231,0.7720823101121919,52,-0.11233639795181041
PowerAbs_Beta,all,interpolated,18,-0.05105438401775804,0.7192634194042817,52,-0.14311202666549458
PowerAbs_Beta,all,interpolated,19,-0.06693417570221122,0.637308477810143,52,-0.19565030426974253
PowerAbs_Beta,all,interpolated,20,-0.058140527618885,0.6822371786453975,52,-0.16606461732296343
PowerAbs_Beta,all,interpolated,21,-0.07145906258003927,0.6146714064011018,52,-0.211356989142115
PowerAbs_Beta,all,interpolated,22,-0.05489626910270639,0.6991032280664171,52,-0.155458692538142
PowerAbs_Beta,all,interpolated,23,-0.03577221890207461,0.8012211688192022,52,-0.09624758486533416
PowerAbs_Beta,all,interpolated,24,-0.015282165115683428,0.9143696427029802,52,-0.03887820105703859
PowerAbs_Beta,all,interpolated,25,-0.02014855288995133,0.8872572064534184,52,-0.05195046455265066
PowerAbs_Beta,all,interpolated,26,-0.005037138222487833,0.9717284605944253,52,-0.012455077193901492
PowerAbs_Beta,all,interpolated,27,0.009647400324425851,0.9458821222820294,52,0.02416298287119712
PowerAbs_Beta,all,interpolated,28,0.002817382395628788,0.984184899539998,52,0.006923302680075832
PowerAbs_Beta,all,interpolated,29,0.002988132843848715,0.9832265416165227,52,0.007346406441766504
PowerAbs_Beta,all,interpolated,30,0.009988901220865704,0.9439694494381924,52,0.025042060950989424
PowerAbs_Beta,all,interpolated,31,0.04191923503799197,0.7679439274994524,52,0.11467048943020619
PowerAbs_Beta,all,interpolated,32,0.04396824041663109,0.7569398435952511,52,0.1209386338853274
PowerAbs_Beta,all,interpolated,33,0.05131050969008793,0.717913318414442,52,0.14392798975055068
PowerAbs_Beta,all,interpolated,34,0.04089473234867242,0.7734631755319976,52,0.11156035816881611
PowerAbs_Beta,all,interpolated,35,0.022539059165030306,0.8739835868325937,52,0.05849672321796196
PowerAbs_Beta,all,interpolated,36,-0.016989669597882694,0.9048438988153493,52,-0.04342633762417057
PowerAbs_Beta,all,interpolated,37,-0.027149321266968326,0.848484422433068,52,-0.07135612660907766
PowerAbs_Beta,all,interpolated,38,-0.015709041236233245,0.9119870356754751,52,-0.04001133532796704
PowerAbs_Beta,all,interpolated,39,-0.0016221292580893025,0.9908939495604243,52,-0.003972823400955979
PowerAbs_Beta,all,interpolated,40,0.0036711346367284212,0.9793933580367848,52,0.00904284556770318
PowerAbs_Beta,all,interpolated,41,-0.009818150772645778,0.944925747378317,52,-0.024602317174166777
PowerAbs_Beta,all,interpolated,42,0.001195253137539486,0.9932902140670998,52,0.002923843192916518
PowerAbs_Beta,all,interpolated,43,0.02757619738751814,0.8461307362617853,52,0.07256252862711758
PowerAbs_Beta,all,interpolated,44,0.03047895500725689,0.8301619727886226,52,0.08083716421973608
PowerAbs_Beta,all,interpolated,45,0.06889780585674038,0.6274429049761823,52,0.20242578726832558
PowerAbs_Beta,all,interpolated,46,0.0762400751301972,0.5911340208880014,52,0.22831404545782347
PowerAbs_Beta,all,interpolated,47,0.059079655084094594,0.6773830501665172,52,0.1691656746994312
PowerAbs_Beta,all,interpolated,48,0.06104328523862375,0.6672755751290262,52,0.1756947717187209
PowerAbs_Beta,all,interpolated,49,-0.00751301972167677,0.9578427585400902,52,-0.0187057797557967
PowerAbs_Beta,all,interpolated,50,0.001195253137539486,0.9932902140670998,52,0.002923843192916518
PowerAbs_Beta,all,interpolated,51,-0.04098010757278238,0.7730028095731468,52,-0.11181892758245554
PowerAbs_Beta,all,interpolated,52,-0.04499274310595065,0.7514555159281097,52,-0.12409672333890176
PowerAbs_Beta,all,interpolated,53,-0.02390506275078972,0.8664138341329425,52,-0.062274621895625416
PowerAbs_Beta,all,interpolated,54,-0.0472124989328097,0.7396148052664271,52,-0.13099440392016967
PowerAbs_Beta,all,interpolated,55,-0.04951762998377871,0.7273817413966155,52,-0.13823760472510693
PowerAbs_Beta,all,interpolated,56,-0.0437121147443012,0.7583127938071176,52,-0.1201516167907521
PowerAbs_Beta,all,interpolated,57,-0.01664816870144284,0.9067480289700612,52,-0.042513379787623394
PowerAbs_Beta,all,interpolated,58,0.01903867497652181,0.8934306233800915,52,0.048939165657487495
PowerAbs_Beta,all,interpolated,59,0.032869461282335866,0.8170618116873087,52,0.08774508733627281
PowerAbs_Beta,all,interpolated,60,0.049688380431998636,0.7264782199976931,52,0.13877740143011236
PowerAbs_Beta,all,interpolated,61,0.06275078972082301,0.6585337222029097,52,0.18142198077561444
PowerAbs_Beta,all,interpolated,62,0.07589857423375736,0.5928018701995286,52,0.22709043489368422
PowerAbs_Beta,all,interpolated,63,0.08426534619653377,0.5525571423432772,52,0.2576228030344762
PowerAbs_Beta,all,interpolated,64,0.08861948262614189,0.5321412538540128,52,0.27397307141419447
PowerAbs_Beta,all,interpolated,65,0.08460684709297361,0.5509425288889713,52,0.2588937018526653
PowerAbs_Beta,all,interpolated,66,0.09194911636643045,0.5167832447945336,52,0.2866915755300753
PowerAbs_Beta,all,interpolated,67,0.10774353282677368,0.44708724640836095,52,0.34960771862105905
PowerAbs_Beta,all,interpolated,68,0.11201229403227184,0.4291835191226697,52,0.3673569635269315
PowerAbs_Beta,all,interpolated,69,0.10987791342952274,0.4380843827515327,52,0.3584422286883497
PowerAbs_Beta,all,interpolated,70,0.11653718091009989,0.41065477438633047,52,0.3865231235791869
PowerAbs_Beta,all,interpolated,71,0.11167079313583199,0.43060076760487254,52,0.36592520032241715
PowerAbs_Beta,all,interpolated,72,0.09476649876205925,0.5039642766934427,52,0.29760024725441014
PowerAbs_Delta,all,interpolated,12,0.027490822163408177,0.846601367687593,52,0.07232103425712452
PowerAbs_Delta,all,interpolated,13,0.03824810040126355,0.7877721131413665,52,0.10359939712827855
PowerAbs_Delta,all,interpolated,14,0.04465124220951079,0.7532822880345177,52,0.12304224403602734
PowerAbs_Delta,all,interpolated,15,0.04012635533168274,0.7776099291906903,52,0.1092382026018493
PowerAbs_Delta,all,interpolated,16,0.03961410398702296,0.7803778558145233,52,0.10769506274497978
PowerAbs_Delta,all,interpolated,17,0.026807820370528476,0.850368316004331,52,0.07039292962401981
PowerAbs_Delta,all,interpolated,18,0.02629556902586869,0.8531957068436622,52,0.0689513385235915
PowerAbs_Delta,all,interpolated,19,0.002988132843848715,0.9832265416165227,52,0.007346406441766504
PowerAbs_Delta,all,interpolated,20,0.0269785708187484,0.8494262650026589,52,0.07087431437269177
PowerAbs_Delta,all,interpolated,21,0.022539059165030306,0.8739835868325937,52,0.05849672321796196
PowerAbs_Delta,all,interpolated,22,0.0017075044821992656,0.9904147055458465,52,0.004182919929368123
PowerAbs_Delta,all,interpolated,23,0.03363783829932553,0.8128613661805547,52,0.08998351718174846
PowerAbs_Delta,all,interpolated,24,0.0353453427815248,0.8035458740974529,52,0.09498932450277581
PowerAbs_Delta,all,interpolated,25,0.03918722786647315,0.7826865264386639,52,0.10641214228041686
PowerAbs_Delta,all,interpolated,26,0.05515239477503628,0.6977663209185412,52,0.1562899964703376
PowerAbs_Delta,all,interpolated,27,0.06992230854605992,0.6223210299645863,52,0.20598552274483273
PowerAbs_Delta,all,interpolated,28,0.09544950055493896,0.5008813432415703,52,0.3002651445495259
PowerAbs_Delta,all,interpolated,29,0.10057201400153674,0.47807188496923825,52,0.3205067960694219
PowerAbs_Delta,all,interpolated,30,0.10663365491334413,0.4518087511969595,52,0.3450453613755009
PowerAbs_Delta,all,interpolated,31,0.13395372662853242,0.34376685670359075,52,0.4637359968886292
PowerAbs_Delta,all,interpolated,32,0.1327584734909929,0.34812883118125393,52,0.45826000801584826
PowerAbs_Delta,all,interpolated,33,0.144113378297618,0.3080667198446958,52,0.511355215569688
PowerAbs_Delta,all,interpolated,34,0.12917271407837447,0.3614182313881018,52,0.4419899436634542
PowerAbs_Delta,all,interpolated,35,0.12592845556219584,0.3737038756517014,52,0.42747239809518545
PowerAbs_Delta,all,interpolated,36,0.09937676086399727,0.48334432382469694,52,0.31574337719747575
PowerAbs_Delta,all,interpolated,37,0.06104328523862375,0.6672755751290262,52,0.1756947717187209
PowerAbs_Delta,all,interpolated,38,0.06462904465124221,0.6489697215155319,52,0.18777556527278902
PowerAbs_Delta,all,interpolated,39,0.033125586954665755,0.8156610908392268,52,0.08849025417788467
PowerAbs_Delta,all,interpolated,40,0.02390506275078972,0.8664138341329425,52,0.062274621895625416
PowerAbs_Delta,all,interpolated,41,0.017160420046102617,0.9038920319695511,52,0.04388344200271887
PowerAbs_Delta,all,interpolated,42,0.034235464868095276,0.8095979518817866,52,0.09173059917962623
PowerAbs_Delta,all,interpolated,43,0.01844104840775207,0.8967573896261982,52,0.04732503588348913
PowerAbs_Delta,all,interpolated,44,0.02552719200887902,0.8574402134187964,52,0.06679615220357721
PowerAbs_Delta,all,interpolated,45,0.03500384188508495,0.8054068534014132,52,0.09398467919623991
PowerAbs_Delta,all,interpolated,46,0.06343379151370272,0.6550495308483076,52,0.18372586006803496
PowerAbs_Delta,all,interpolated,47,0.06121403568684367,0.6663993925714655,52,0.1762654074640853
PowerAbs_Delta,all,interpolated,48,0.06147016135917356,0.6650859461776628,52,0.1771222290745492
PowerAbs_Delta,all,interpolated,49,-0.002988132843848715,0.9832265416165227,52,-0.007346406441766504
PowerAbs_Delta,all,interpolated,50,-0.0068300179287970626,0.9616722322833193,52,-0.016972923769049634
PowerAbs_Delta,all,interpolated,51,-0.009647400324425851,0.9458821222820294,52,-0.02416298287119712
PowerAbs_Delta,all,interpolated,52,-0.017843421838982326,0.900085916798349,52,-0.04571603343787236
PowerAbs_Delta,all,interpolated,53,-0.014599163322803723,0.9181833577974526,52,-0.037070583147250716
PowerAbs_Delta,all,interpolated,54,-0.032954836506445824,0.8165948415578986,52,-0.08799336784923988
PowerAbs_Delta,all,interpolated,55,-0.02083155468283104,0.8834614510535391,52,-0.0538123957440616
PowerAbs_Delta,all,interpolated,56,0.0038418850849483476,0.9784351308725872,52,0.009467962277780101
PowerAbs_Delta,all,interpolated,57,0.02834457440450781,0.8418974675026132,52,0.07474079687241027
PowerAbs_Delta,all,interpolated,58,0.03935797831469308,0.7817628342556052,52,0.10692498018335302
PowerAbs_Delta,all,interpolated,59,0.03013745411081704,0.8320372548081505,52,0.07985722756098812
PowerAbs_Delta,all,interpolated,60,0.03611371979851447,0.799362631642269,52,0.0972561578658634
PowerAbs_Delta,all,interpolated,61,0.059848032101084254,0.6734211190010935,52,0.17171326792740996
PowerAbs_Delta,all,interpolated,62,0.055493895671476126,0.6959851925881595,52,0.15740000011021665
PowerAbs_Delta,all,interpolated,63,0.07982583454281568,0.5737493987752327,52,0.24127775654616057
PowerAbs_Delta,all,interpolated,64,0.08153333902501494,0.5655544499280764,52,0.24752557612328194
PowerAbs_Delta,all,interpolated,65,0.08887560829847178,0.5309519620875967,52,0.27494476996188877
PowerAbs_Delta,all,interpolated,66,0.10757278237855375,0.44781185548594127,52,0.34890441298126496
PowerAbs_Delta,all,interpolated,67,0.11867156151284895,0.40207731378592815,52,0.39569043019361416
PowerAbs_Delta,all,interpolated,68,0.13702723469649106,0.3327065903975054,52,0.47793859635112834
PowerAbs_Delta,all,interpolated,69,0.15051652010586528,0.28683628784702025,52,0.5423659066485904
PowerAbs_Delta,all,interpolated,70,0.16853069239306753,0.2323548157830083,52,0.6338483219098275
PowerAbs_Delta,all,interpolated,71,0.16596943566976863,0.23963249804539638,52,0.6204542849274656
PowerAbs_Delta,all,interpolated,72,0.17126269956458637,0.2247611795583562,52,0.6482786973711361
PowerAbs_Gamma,all,interpolated,12,-0.04294373772731154,0.7624360652125514,52,-0.11779656862321197
PowerAbs_Gamma,all,interpolated,13,-0.022709809613250236,0.8730367416064819,52,-0.05896747869857735
PowerAbs_Gamma,all,interpolated,14,-0.011696405703064969,0.9344109960036215,52,-0.029462059491524813
PowerAbs_Gamma,all,interpolated,15,-0.03730897293605396,0.7928664885749144,52,-0.10079993772254359
PowerAbs_Gamma,all,interpolated,16,-0.04149235891744216,0.7702422451810952,52,-0.11337266547712029
PowerAbs_Gamma,all,interpolated,17,-0.0688124306326304,0.6278705190857172,52,-0.2021299082443648
PowerAbs_Gamma,all,interpolated,18,-0.07888670707760607,0.5782797489604199,52,-0.23786201618462463
PowerAbs_Gamma,all,interpolated,19,-0.09553487577904891,0.5004966592112179,52,-0.3005988170677306
PowerAbs_Gamma,all,interpolated,20,-0.08144796380090498,0.5659628990835164,52,-0.24721203745380368
PowerAbs_Gamma,all,interpolated,21,-0.08665585247161274,0.5413023899533749,52,-0.2665600554116703
PowerAbs_Gamma,all,interpolated,22,-0.06838555451208059,0.6300104049144698,52,-0.20065227791209497
PowerAbs_Gamma,all,interpolated,23,-0.06497054554768207,0.6472367686328353,52,-0.18893681902129855
PowerAbs_Gamma,all,interpolated,24,-0.0572014001536754,0.6871040890523463,52,-0.1629774669043164
PowerAbs_Gamma,all,interpolated,25,-0.06497054554768207,0.6472367686328353,52,-0.18893681902129855
PowerAbs_Gamma,all,interpolated,26,-0.04601724579527021,0.7459833338146418,52,-0.12727087509192656
PowerAbs_Gamma,all,interpolated,27,-0.02936907709382737,0.8362600151242792,52,-0.0776586680436543
PowerAbs_Gamma,all,interpolated,28,-0.004524886877828054,0.9746025373434626,52,-0.011172462282827998
PowerAbs_Gamma,all,interpolated,29,-0.0033296337402885677,0.9813098975227849,52,-0.008193820825331675
PowerAbs_Gamma,all,interpolated,30,-0.0012806283616494493,0.9928109558001236,52,-0.003133438985872126
PowerAbs_Gamma,all,interpolated,31,0.03252796038589601,0.8189303203787903,52,0.08675304910938865
PowerAbs_Gamma,all,interpolated,32,0.03739434816016392,0.7924030056631859,52,0.10105388580832593
PowerAbs_Gamma,all,interpolated,33,0.072142064372919,0.6112845091259604,52,0.2137566097498211
PowerAbs_Gamma,all,interpolated,34,0.04960300520788867,0.7269299346683811,52,0.13850744671083923
PowerAbs_Gamma,all,interpolated,35,0.05848202851532485,0.6804705529588355,52,0.16719066394219584
PowerAbs_Gamma,all,interpolated,36,0.020404678562281224,0.8858334996567632,52,0.05264789998151602
PowerAbs_Gamma,all,interpolated,37,0.001195253137539486,0.9932902140670998,52,0.002923843192916518
PowerAbs_Gamma,all,interpolated,38,0.012891658840604458,0.9277254497049492,52,0.0325805295135289
PowerAbs_Gamma,all,interpolated,39,0.01903867497652181,0.8934306233800915,52,0.048939165657487495
PowerAbs_Gamma,all,interpolated,40,0.04413899086485101,0.7560249561995144,52,0.12146386830719172
PowerAbs_Gamma,all,interpolated,41,0.03987022965935285,0.7789935527768476,52,0.1084661366856198
PowerAbs_Gamma,all,interpolated,42,0.05387176641338684,0.7044598732887493,52,0.15214373968107983
PowerAbs_Gamma,all,interpolated,43,0.05925040553231452,0.6765018681982282,52,0.16973099973589065
PowerAbs_Gamma,all,interpolated,44,0.07641082557841714,0.5903008815151223,52,0.228926568232528
PowerAbs_Gamma,all,interpolated,45,0.11269529582515155,0.4263569239938555,52,0.37022667972440815
PowerAbs_Gamma,all,interpolated,46,0.11491505165201057,0.4172435370804324,52,0.3796103816278486
PowerAbs_Gamma,all,interpolated,47,0.08016733543925553,0.5721060519431156,52,0.24252345808715808
PowerAbs_Gamma,all,interpolated,48,0.05848202851532485,0.6804705529588355,52,0.16719066394219584
PowerAbs_Gamma,all,interpolated,49,0.0031588832920686413,0.9822682071639204,52,0.007769912429582256
PowerAbs_Gamma,all,interpolated,50,0.019550926321181595,0.8905805535584441,52,0.050326792221263614
PowerAbs_Gamma,all,interpolated,51,0.02083155468283104,0.8834614510535391,52,0.0538123957440616
PowerAbs_Gamma,all,interpolated,52,0.017075044821992656,0.9043679487361789,52,0.043654837673065605
PowerAbs_Gamma,all,interpolated,53,0.03218645948945616,0.8207998266796643,52,0.0857627439380013
PowerAbs_Gamma,all,interpolated,54,0.023563561854349865,0.8683051860051171,52,0.06132760511957626
PowerAbs_Gamma,all,interpolated,55,0.004866387774267907,0.9726864484128634,52,0.012027134726463213
PowerAbs_Gamma,all,interpolated,56,-0.0030735080679586777,0.982747371372573,52,-0.0075581091460449725
PowerAbs_Gamma,all,interpolated,57,0.009476649876205924,0.9468385728166144,52,0.023724057861483284
PowerAbs_Gamma,all,interpolated,58,0.055237769999146244,0.6973208870100978,52,0.15656732607950302
PowerAbs_Gamma,all,interpolated,59,0.04746862460513959,0.738252353474461,52,0.1317951598734257
PowerAbs_Gamma,all,interpolated,60,0.07427644497566806,0.6007525552380768,52,0.22130437329403874
PowerAbs_Gamma,all,interpolated,61,0.10612140356868437,0.4539970921754072,52,0.3429469287645244
PowerAbs_Gamma,all,interpolated,62,0.11901306240928881,0.40071465866948697,52,0.39716477021310204
PowerAbs_Gamma,all,interpolated,63,0.11047553999829249,0.43558182218067043,52,0.36093025263378753
PowerAbs_Gamma,all,interpolated,64,0.12123281823614787,0.3919231784979389,52,0.40679905140813005
PowerAbs_Gamma,all,interpolated,65,0.10373089729360539,0.46428559269189573,52,0.33321479277468075
PowerAbs_Gamma,all,interpolated,66,0.11508580210023049,0.41654715136295595,52,0.38033583118945047
PowerAbs_Gamma,all,interpolated,67,0.13301459916332278,0.34719126244111165,52,0.45943121299254824
PowerAbs_Gamma,all,interpolated,68,0.1439426278493981,0.30864631490749483,52,0.510538903938713
PowerAbs_Gamma,all,interpolated,69,0.13352685050798258,0.3453208039980191,52,0.46177725660746666
PowerAbs_Gamma,all,interpolated,70,0.1420643729189789,0.31506796669615705,52,0.5015957497751927
PowerAbs_Gamma,all,interpolated,71,0.1332707248356527,0.3462552532101606,52,0.4606036289805535
PowerAbs_Gamma,all,interpolated,72,0.1127806710492615,0.4260043414074306,52,0.37058597498253115
PowerAbs_Theta,all,interpolated,12,0.01400153675403398,0.9215218594065273,52,0.03549435842967682
PowerAbs_Theta,all,interpolated,13,0.0218560573721506,0.8777727049448354,52,0.05661792802071702
PowerAbs_Theta,all,interpolated,14,0.012635533168274565,0.9291576660869684,52,0.0319105855739701
PowerAbs_Theta,all,interpolated,15,0.005378639118927687,0.9698126049472633,52,0.013312175527294105
PowerAbs_Theta,all,interpolated,16,-0.004012635533168274,0.9774769338811792,52,-0.009893482122700456
PowerAbs_Theta,all,interpolated,17,-0.016306667805002988,0.9086526789719263,52,-0.04160208864881102
PowerAbs_Theta,all,interpolated,18,-0.032869461282335866,0.8170618116873087,52,-0.08774508733627281
PowerAbs_Theta,all,interpolated,19,-0.044309741313070944,0.7551104003631599,52,-0.12198954802197057
PowerAbs_Theta,all,interpolated,20,-0.030991206351916673,0.8273508108068843,52,-0.08231030315306537
PowerAbs_Theta,all,interpolated,21,-0.019892427217621446,0.8886812660990182,52,-0.05125397490720711
PowerAbs_Theta,all,interpolated,22,-0.009220524203876035,0.9482733875103171,52,-0.02306643737663827
PowerAbs_Theta,all,interpolated,23,-0.01946555109707163,0.891055470989844,52,-0.050095258931792695
PowerAbs_Theta,all,interpolated,24,-0.012037906599504824,0.9325003619867023,52,-0.03035099093075274
PowerAbs_Theta,all,interpolated,25,-0.0068300179287970626,0.9616722322833193,52,-0.016972923769049634
PowerAbs_Theta,all,interpolated,26,0.0030735080679586777,0.982747371372573,52,0.0075581091460449725
PowerAbs_Theta,all,interpolated,27,-0.002988132843848715,0.9832265416165227,52,-0.007346406441766504
PowerAbs_Theta,all,interpolated,28,0.008110646290446511,0.9544927397810679,52,0.020227370659535282
PowerAbs_Theta,all,interpolated,29,0.02757619738751814,0.8461307362617853,52,0.07256252862711758
PowerAbs_Theta,all,interpolated,30,0.022795184837360198,0.8725633850291283,52,0.05920301506388735
PowerAbs_Theta,all,interpolated,31,0.050969008793648074,0.7197136421177,52,0.14284026521540102
PowerAbs_Theta,all,interpolated,32,0.05054213267309826,0.7219661673048507,52,0.14148315381136498
PowerAbs_Theta,all,interpolated,33,0.06155553658328353,0.6646483518726788,52,0.1774080678306163
PowerAbs_Theta,all,interpolated,34,0.06343379151370272,0.6550495308483076,52,0.18372586006803496
PowerAbs_Theta,all,interpolated,35,0.046870998036369835,0.741432640244698,52,0.12992829884849624
PowerAbs_Theta,all,interpolated,36,0.03005207888670708,0.8325062206263619,52,0.07961251268817754
PowerAbs_Theta,all,interpolated,37,-0.016306667805002988,0.9086526789719263,52,-0.04160208864881102
PowerAbs_Theta,all,interpolated,38,-0.014684538546913685,0.9177065418085671,52,-0.037296172445995424
PowerAbs_Theta,all,interpolated,39,-0.028173823956287886,0.8428378154066649,52,-0.07425598723809969
PowerAbs_Theta,all,interpolated,40,-0.024417314095449498,0.8635781996892209,52,-0.06369832960109643
PowerAbs_Theta,all,interpolated,41,-0.05131050969008793,0.717913318414442,52,-0.14392798975055068
PowerAbs_Theta,all,interpolated,42,-0.05182276103474772,0.7152156810926311,52,-0.14556297220802455
PowerAbs_Theta,all,interpolated,43,-0.05335951506872705,0.7071435547208487,52,-0.1504924126607162
PowerAbs_Theta,all,interpolated,44,-0.06155553658328353,0.6646483518726788,52,-0.1774080678306163
PowerAbs_Theta,all,interpolated,45,-0.06872705540852045,0.6282982543707658,52,-0.20183414690223203
PowerAbs_Theta,all,interpolated,46,-0.03321096217877572,0.8151943105605712,52,-0.08873886003790515
PowerAbs_Theta,all,interpolated,47,-0.022282933492700416,0.875404182422698,52,-0.05779138278715012
PowerAbs_Theta,all,interpolated,48,-0.012037906599504824,0.9325003619867023,52,-0.03035099093075274
PowerAbs_Theta,all,interpolated,49,-0.0430291129514215,0.761977598631224,52,-0.11805779629012833
PowerAbs_Theta,all,interpolated,50,-0.059762656876974296,0.6738609023574665,52,-0.17142974081332177
PowerAbs_Theta,all,interpolated,51,-0.07393494407922821,0.6024323177284652,52,-0.22009173827703438
PowerAbs_Theta,all,interpolated,52,-0.08050883633569537,0.5704648771746554,52,-0.24377108940317344
PowerAbs_Theta,all,interpolated,53,-0.0764962008025271,0.5898845085245139,52,-0.22923300907015143
PowerAbs_Theta,all,interpolated,54,-0.08204559036967472,0.5631066430976832,52,-0.24940934915757296
PowerAbs_Theta,all,interpolated,55,-0.07145906258003927,0.6146714064011018,52,-0.211356989142115
PowerAbs_Theta,all,interpolated,56,-0.05942115598053444,0.6756211155502916,52,-0.17029678564977185
PowerAbs_Theta,all,interpolated,57,-0.04533424400239051,0.7496300933417425,52,-0.12515298734182675
PowerAbs_Theta,all,interpolated,58,-0.02757619738751814,0.8461307362617853,52,-0.07256252862711758
PowerAbs_Theta,all,interpolated,59,-0.014428412874583796,0.9191370752109513,52,-0.03661971541646502
PowerAbs_Theta,all,interpolated,60,-0.007427644497566805,0.9583213929325958,52,-0.018488816840925563
PowerAbs_Theta,all,interpolated,61,-0.005634764791257576,0.9683758234749571,52,-0.013956061715316196
PowerAbs_Theta,all,interpolated,62,0.0008537522410996328,0.9952072689332404,52,0.0020864605812440018
PowerAbs_Theta,all,interpolated,63,-0.008708272859216255,0.9511435004057796,52,-0.02175395547806274
PowerAbs_Theta,all,interpolated,64,-0.006403141808247245,0.9640660943129963,52,-0.015893190774097697
PowerAbs_Theta,all,interpolated,65,-0.01844104840775207,0.8967573896261982,52,-0.04732503588348913
PowerAbs_Theta,all,interpolated,66,-0.009476649876205924,0.9468385728166144,52,-0.023724057861483284
PowerAbs_Theta,all,interpolated,67,-0.018611798855971997,0.8958067028417986,52,-0.047785692286156325
PowerAbs_Theta,all,interpolated,68,0.01451378809869376,0.9186602023199946,52,0.03684509747823205
PowerAbs_Theta,all,interpolated,69,0.03389396397165542,0.8114623707427027,52,0.09073161454102412
PowerAbs_Theta,all,interpolated,70,0.051481260138307866,0.7170137251009254,52,0.14447253097300208
PowerAbs_Theta,all,interpolated,71,0.06292154016904294,0.65766199652825,52,0.18199725343484893
PowerAbs_Theta,all,interpolated,72,0.05643302313668573,0.6910954916551739,52,0.16046194013140272
PowerRel_Alpha,all,interpolated,12,-0.04960300520788867,0.7269299346683811,52,-0.13850744671083923
PowerRel_Alpha,all,interpolated,13,-0.053188764620507124,0.7080389018502102,52,-0.14994288017075966
PowerRel_Alpha,all,interpolated,14,-0.06317766584137284,0.6563552543746191,52,-0.1828610337136601
PowerRel_Alpha,all,interpolated,15,-0.0799965849910356,0.5729274542576898,52,-0.2419003661830308
PowerRel_Alpha,all,interpolated,16,-0.09527875010671903,0.5016511668752013,52,-0.2995981732175
PowerRel_Alpha,all,interpolated,17,-0.10031588832920685,0.47919912020366395,52,-0.3194839879706747
PowerRel_Alpha,all,interpolated,18,-0.10082813967386664,0.4769460568507524,52,-0.32153073738929305
PowerRel_Alpha,all,interpolated,19,-0.10970716298130283,0.43880086975070254,52,-0.3577325202779181
PowerRel_Alpha,all,interpolated,20,-0.12234269614957739,0.38757033547588804,52,-0.4116494711263121
PowerRel_Alpha,all,interpolated,21,-0.12780671049261502,0.36656089521949864,52,-0.4358538675140906
PowerRel_Alpha,all,interpolated,22,-0.12550157944164603,0.3753388503527796,52,-0.4255764805627024
PowerRel_Alpha,all,interpolated,23,-0.12336719883889695,0.3835778038418365,52,-0.4161465317096889
PowerRel_Alpha,all,interpolated,24,-0.13882011440280032,0.32635888126420454,52,-0.48630456427165364
PowerRel_Alpha,all,interpolated,25,-0.13933236574746008,0.3245593619865389,52,-0.48870585903184793
PowerRel_Alpha,all,interpolated,26,-0.13540510543840178,0.33851588953782397,52,-0.47042094122805955
PowerRel_Alpha,all,interpolated,27,-0.13899086485102025,0.32575834429224704,52,-0.4871044510300666
PowerRel_Alpha,all,interpolated,28,-0.14419875352172798,0.30777718432097606,52,-0.5117635777818671
PowerRel_Alpha,all,interpolated,29,-0.16272517715359003,0.24907250765719674,52,-0.603674206753735
PowerRel_Alpha,all,interpolated,30,-0.17015282165115683,0.227825087618326,52,-0.6423984540308822
PowerRel_Alpha,all,interpolated,31,-0.17800734226927345,0.2067556261566705,52,-0.6845426637558197
PowerRel_Alpha,all,interpolated,32,-0.18833774438657902,0.1811868439183232,52,-0.7418733398882624
PowerRel_Alpha,all,interpolated,33,-0.18423973362930074,0.19104269939287438,52,-0.718869554018337
PowerRel_Alpha,all,interpolated,34,-0.1888499957312388,0.17998108773041585,52,-0.7447731278180232
PowerRel_Alpha,all,interpolated,35,-0.18475198497396053,0.18979022110317278,52,-0.7217261682540375
PowerRel_Alpha,all,interpolated,36,-0.16835994194484757,0.23283520863918564,52,-0.6329513463523377
PowerRel_Alpha,all,interpolated,37,-0.16844531716895758,0.23259492688746192,52,-0.6333997618724387
PowerRel_Alpha,all,interpolated,38,-0.1575172884828823,0.26474723424737523,52,-0.5771685681699668
PowerRel_Alpha,all,interpolated,39,-0.11517117732434047,0.41619920799117904,52,-0.3806987505669383
PowerRel_Alpha,all,interpolated,40,-0.11593955434133016,0.4130752106962553,52,-0.38397086694754423
PowerRel_Alpha,all,interpolated,41,-0.12550157944164603,0.3753388503527796,52,-0.4255764805627024
PowerRel_Alpha,all,interpolated,42,-0.10851190984376333,0.4438345202613996,52,-0.3527789225276082
PowerRel_Alpha,all,interpolated,43,-0.10979253820541278,0.4384425446753456,52,-0.3580873103146416
PowerRel_Alpha,all,interpolated,44,-0.08930248441902158,0.5289727194154519,52,-0.27656672515354613
PowerRel_Alpha,all,interpolated,45,-0.09331511995218987,0.5105476002416243,52,-0.2919637608081055
PowerRel_Alpha,all,interpolated,46,-0.09177836591821052,0.5175653814026683,52,-0.2860347801921303
PowerRel_Alpha,all,interpolated,47,-0.08563134978229318,0.5461122358071558,52,-0.26271809285834286
PowerRel_Alpha,all,interpolated,48,-0.08699735336805259,0.5397036795921145,52,-0.26784462099147793
PowerRel_Alpha,all,interpolated,49,-0.08238709126611457,0.5614775297173211,52,-0.25066761948274285
PowerRel_Alpha,all,interpolated,50,-0.09801075727823784,0.4894072396653998,52,-0.3103296105390343
PowerRel_Alpha,all,interpolated,51,-0.11141466746350208,0.4316654297516781,52,-0.36485273074901053
PowerRel_Alpha,all,interpolated,52,-0.11150004268761206,0.4313103781143073,52,-0.36521009181103753
PowerRel_Alpha,all,interpolated,53,-0.10296252027661573,0.4676191280067784,52,-0.3301077322880243
PowerRel_Alpha,all,interpolated,54,-0.08443609664475368,0.551749554265992,52,-0.25825800901342694
PowerRel_Alpha,all,interpolated,55,-0.0909246136771109,0.5214849543302597,52,-0.28275821714273436
PowerRel_Alpha,all,interpolated,56,-0.10057201400153674,0.47807188496923825,52,-0.3205067960694219
PowerRel_Alpha,all,interpolated,57,-0.10612140356868437,0.4539970921754072,52,-0.3429469287645244
PowerRel_Alpha,all,interpolated,58,-0.11030478955007256,0.43629602234659726,52,-0.3602187464007533
PowerRel_Alpha,all,interpolated,59,-0.12985571587125416,0.35886343250950903,52,-0.44507079318092685
PowerRel_Alpha,all,interpolated,60,-0.1318193460257833,0.3515799171752896,52,-0.45397594050683093
PowerRel_Alpha,all,interpolated,61,-0.14103987022965936,0.3186063024053392,52,-0.4967456375970661
PowerRel_Alpha,all,interpolated,62,-0.12968496542303423,0.3595010978119453,52,-0.44429977906985507
PowerRel_Alpha,all,interpolated,63,-0.12183044480491761,0.3895757776499771,52,-0.40940805374409567
PowerRel_Alpha,all,interpolated,64,-0.11645180568598992,0.4110000499933144,52,-0.38615812529711996
PowerRel_Alpha,all,interpolated,65,-0.11150004268761206,0.4313103781143073,52,-0.36521009181103753
PowerRel_Alpha,all,interpolated,66,-0.11935456330572866,0.3993546974390608,52,-0.39864120278061477
PowerRel_Alpha,all,interpolated,67,-0.0922906172628703,0.5152207549420955,52,-0.28800665035463285
PowerRel_Alpha,all,interpolated,68,-0.09843763339878768,0.48750832443222947,52,-0.31201796412110394
PowerRel_Alpha,all,interpolated,69,-0.09015623666012122,0.5250251871899871,52,-0.2798198615554905
PowerRel_Alpha,all,interpolated,70,-0.06812942883975069,0.6312957843964933,52,-0.1997671107509824
PowerRel_Alpha,all,interpolated,71,-0.0546401434303765,0.700441040521739,52,-0.15462841548700726
PowerRel_Alpha,all,interpolated,72,-0.0462733714676001,0.7446172153514474,52,-0.12806692722894905
PowerRel_Beta,all,interpolated,12,-0.03987022965935285,0.7789935527768476,52,-0.1084661366856198
PowerRel_Beta,all,interpolated,13,-0.03961410398702296,0.7803778558145233,52,-0.10769506274497978
PowerRel_Beta,all,interpolated,14,-0.011354904806625118,0.9363219964276532,52,-0.02857477388624269
PowerRel_Beta,all,interpolated,15,-0.0073422692734568425,0.9588000418950715,52,-0.018271955661748426
PowerRel_Beta,all,interpolated,16,-0.006403141808247245,0.9640660943129963,52,-0.015893190774097697
PowerRel_Beta,all,interpolated,17,-0.026380944249978652,0.852724347026991,52,-0.0691913368425237
PowerRel_Beta,all,interpolated,18,-0.03321096217877572,0.8151943105605712,52,-0.08873886003790515
PowerRel_Beta,all,interpolated,19,-0.020404678562281224,0.8858334996567632,52,-0.05264789998151602
PowerRel_Beta,all,interpolated,20,-0.03252796038589601,0.8189303203787903,52,-0.08675304910938865
PowerRel_Beta,all,interpolated,21,-0.053188764620507124,0.7080389018502102,52,-0.14994288017075966
PowerRel_Beta,all,interpolated,22,-0.07615469990608724,0.5915507870561052,52,-0.22800796347667726
PowerRel_Beta,all,interpolated,23,-0.05848202851532485,0.6804705529588355,52,-0.16719066394219584
PowerRel_Beta,all,interpolated,24,-0.06514129599590199,0.6463709863618856,52,-0.1895181459613897
PowerRel_Beta,all,interpolated,25,-0.072056689148809,0.6117074326351448,52,-0.21345624251540915
PowerRel_Beta,all,interpolated,26,-0.07871595662938616,0.5791051978324748,52,-0.23724253698368544
PowerRel_Beta,all,interpolated,27,-0.0909246136771109,0.5214849543302597,52,-0.28275821714273436
PowerRel_Beta,all,interpolated,28,-0.1095364125330829,0.43951800913299677,52,-0.35702332512526047
PowerRel_Beta,all,interpolated,29,-0.12379407495944675,0.3819214825012226,52,-0.4180259125370201
PowerRel_Beta,all,interpolated,30,-0.13284384871510288,0.347816135020967,52,-0.45865027515666734
PowerRel_Beta,all,interpolated,31,-0.19115512678220778,0.17462669996295715,52,-0.7578893530699553
PowerRel_Beta,all,interpolated,32,-0.19636301545291554,0.16295614538417982,52,-0.7879292568244087
PowerRel_Beta,all,interpolated,33,-0.20780329548365065,0.13933965204257112,52,-0.855925278315444
PowerRel_Beta,all,interpolated,34,-0.20609579100145137,0.14269221399095647,52,-0.845599723542786
PowerRel_Beta,all,interpolated,35,-0.22914710151114143,0.10224646216752487,52,-0.9903517100952232
PowerRel_Beta,all,interpolated,36,-0.2227439597028942,0.11246825146913461,52,-0.9489700567322573
PowerRel_Beta,all,interpolated,37,-0.22923247673525143,0.10211518799928151,52,-0.9909096587580916
PowerRel_Beta,all,interpolated,38,-0.1741654571843251,0.2168832121696222,52,-0.6637740632198467
PowerRel_Beta,all,interpolated,39,-0.153504652949714,0.2772647890479319,52,-0.557105279694174
PowerRel_Beta,all,interpolated,40,-0.1057799026722445,0.45545919961716586,52,-0.34155052137980524
PowerRel_Beta,all,interpolated,41,-0.039699479211132926,0.7799163462237784,52,-0.10795197720917409
PowerRel_Beta,all,interpolated,42,-0.00017075044821992656,0.9990414484208014,52,-0.000416493308530419
PowerRel_Beta,all,interpolated,43,-0.001195253137539486,0.9932902140670998,52,-0.002923843192916518
PowerRel_Beta,all,interpolated,44,-0.01434303765047383,0.9196139763050534,52,-0.03639443693947328
PowerRel_Beta,all,interpolated,45,-0.0043541364296081275,0.975560635776769,52,-0.010745731943625903
PowerRel_Beta,all,interpolated,46,0.013403910185264238,0.9248617024525716,52,0.033923203857839666
PowerRel_Beta,all,interpolated,47,0.00648851703235721,0.9635872961094597,52,0.016108934354401624
PowerRel_Beta,all,interpolated,48,0.01878254930419192,0.8948561611169011,52,0.04824676742545296
PowerRel_Beta,all,interpolated,49,0.04098010757278238,0.7730028095731468,52,0.11181892758245554
PowerRel_Beta,all,interpolated,50,0.010501152565525484,0.9411010307218257,52,0.026363750930104846
PowerRel_Beta,all,interpolated,51,-0.028429949628617772,0.8414273754482127,52,-0.07498336252024107
PowerRel_Beta,all,interpolated,52,0.0004268761205498164,0.9976036239864622,52,0.00104198186866345
PowerRel_Beta,all,interpolated,53,0.007939895842226586,0.955449810972943,52,0.019792121157349025
PowerRel_Beta,all,interpolated,54,0.02518569111243917,0.8593279518965115,52,0.06584106141015382
PowerRel_Beta,all,interpolated,55,0.022026807820370527,0.8768251674274528,52,0.05708699316855358
PowerRel_Beta,all,interpolated,56,0.011269529582515153,0.9367998025387745,52,0.028353209477462785
PowerRel_Beta,all,interpolated,57,0.03218645948945616,0.8207998266796643,52,0.0857627439380013
PowerRel_Beta,all,interpolated,58,0.024758814991889356,0.861688720663171,52,0.06464959184705163
PowerRel_Beta,all,interpolated,59,0.039016477418253225,0.7836105157966327,52,0.10589974454840036
PowerRel_Beta,all,interpolated,60,0.05387176641338684,0.7044598732887493,52,0.15214373968107983
PowerRel_Beta,all,interpolated,61,0.059762656876974296,0.6738609023574665,52,0.17142974081332177
PowerRel_Beta,all,interpolated,62,0.08383847007598394,0.5545785693374726,52,0.25603691694046327
PowerRel_Beta,all,interpolated,63,0.09758388115768803,0.49131000927895063,52,0.3086443880525665
PowerRel_Beta,all,interpolated,64,0.0774353282677367,0.5853130930858873,52,0.23261176088265445
PowerRel_Beta,all,interpolated,65,0.05950653120464441,0.6751809005452416,52,0.17057985149070842
PowerRel_Beta,all,interpolated,66,0.03671134636728421,0.7961128475235199,52,0.09902536745940958
PowerRel_Beta,all,interpolated,67,0.0269785708187484,0.8494262650026589,52,0.07087431437269177
PowerRel_Beta,all,interpolated,68,0.0176726713907624,0.901037240132261,52,0.045257259132235016
PowerRel_Beta,all,interpolated,69,0.016221292580893023,0.9091289214645097,52,0.04137452611736124
PowerRel_Beta,all,interpolated,70,0.008281396738666439,0.9535357322125946,52,0.020663027828263236
PowerRel_Beta,all,interpolated,71,-0.01485528899513361,0.9167529960925882,52,-0.03774766202255238
PowerRel_Beta,all,interpolated,72,-0.021599931699820715,0.8791943292489852,52,-0.05591512174905212
PowerRel_Delta,all,interpolated,12,0.0546401434303765,0.700441040521739,52,0.15462841548700726
PowerRel_Delta,all,interpolated,13,0.0504567574489883,0.7224169536915428,52,0.1412120705457577
PowerRel_Delta,all,interpolated,14,0.07854520618116623,0.5799311827434503,52,0.23662353872666564
PowerRel_Delta,all,interpolated,15,0.08768035516093228,0.5365131515031275,52,0.2704196277423318
PowerRel_Delta,all,interpolated,16,0.08802185605737214,0.5349213454091922,52,0.27171007174703643
PowerRel_Delta,all,interpolated,17,0.10663365491334413,0.4518087511969595,52,0.3450453613755009
PowerRel_Delta,all,interpolated,18,0.11841543584051908,0.4031010714000345,52,0.39458604753659277
PowerRel_Delta,all,interpolated,19,0.1234525740630069,0.38324619887639877,52,0.4165221438843936
PowerRel_Delta,all,interpolated,20,0.14462562964227782,0.30633212687390654,52,0.5138074537569575
PowerRel_Delta,all,interpolated,21,0.14727226158968665,0.2974702491231803,52,0.5265564628353603
PowerRel_Delta,all,interpolated,22,0.16460343208400924,0.24357697986715368,52,0.6133637586872693
PowerRel_Delta,all,interpolated,23,0.16460343208400924,0.24357697986715368,52,0.6133637586872693
PowerRel_Delta,all,interpolated,24,0.17749509092461366,0.2080863875325752,52,0.6817563292686775
PowerRel_Delta,all,interpolated,25,0.1923503799197473,0.1718961875867435,52,0.7647337552408158
PowerRel_Delta,all,interpolated,26,0.1945701357466063,0.16690766371500007,52,0.7775237218424843
PowerRel_Delta,all,interpolated,27,0.19576538888414582,0.16426564247184983,52,0.784453263377076
PowerRel_Delta,all,interpolated,28,0.20583966532912149,0.14320023195425763,52,0.8440562785618745
PowerRel_Delta,all,interpolated,29,0.2010586527789635,0.1529318263998293,52,0.8155021248461195
PowerRel_Delta,all,interpolated,30,0.2051566635362418,0.14456152308457734,52,0.8399472847433141
PowerRel_Delta,all,interpolated,31,0.2194997011867156,0.11793673556691896,52,0.9283508974577751
PowerRel_Delta,all,interpolated,32,0.22769572270127209,0.10449810005889326,52,0.980891605643259
PowerRel_Delta,all,interpolated,33,0.2259882182190728,0.10719574675478379,52,0.9698224459638863
PowerRel_Delta,all,interpolated,34,0.22428071373687355,0.10994656510942635,52,0.9588183340824006
PowerRel_Delta,all,interpolated,35,0.20080252710663365,0.15346659365318852,52,0.8139861463824005
PowerRel_Delta,all,interpolated,36,0.20199778024417314,0.150982771015184,52,0.8210726082031083
PowerRel_Delta,all,interpolated,37,0.21523093998121742,0.12543735637066622,52,0.9015731074476644
PowerRel_Delta,all,interpolated,38,0.18261760437121144,0.1950477661359465,52,0.7098590192583025
PowerRel_Delta,all,interpolated,39,0.15188252369162467,0.28243423869291684,52,0.5490826561540126
PowerRel_Delta,all,interpolated,40,0.1311363442329036,0.3541029473375019,52,0.450870458423797
PowerRel_Delta,all,interpolated,41,0.10919491163664305,0.4409542432549014,52,0.3556064738720705
PowerRel_Delta,all,interpolated,42,0.0909246136771109,0.5214849543302597,52,0.28275821714273436
PowerRel_Delta,all,interpolated,43,0.06539742166823188,0.645073183422211,52,0.190391011948502
PowerRel_Delta,all,interpolated,44,0.06360454196192265,0.6541796160630742,52,0.18430299241716203
PowerRel_Delta,all,interpolated,45,0.0539571416374968,0.7040129386399053,52,0.15241935914158367
PowerRel_Delta,all,interpolated,46,0.05822590284299496,0.6817953634415421,52,0.1663459565224989
PowerRel_Delta,all,interpolated,47,0.08409459574831384,0.5533652923577552,52,0.2569880837389854
PowerRel_Delta,all,interpolated,48,0.06386066763425254,0.6528755977201148,52,0.1851695635498513
PowerRel_Delta,all,interpolated,49,0.03483309143686502,0.8063377447004534,52,0.09348301038363156
PowerRel_Delta,all,interpolated,50,0.07470332109621787,0.5986557431709699,52,0.22282284676006714
PowerRel_Delta,all,interpolated,51,0.08639972679928286,0.5425029256840028,52,0.26559791535041527
PowerRel_Delta,all,interpolated,52,0.0871681038162725,0.5389051848961279,52,0.2684876379646626
PowerRel_Delta,all,interpolated,53,0.10210876803551608,0.47133808889246775,52,0.326667463428503
PowerRel_Delta,all,interpolated,54,0.08520447366174334,0.5481223823029518,52,0.26112246336805617
PowerRel_Delta,all,interpolated,55,0.08307009305899427,0.5582259501370441,52,0.2531899784182124
PowerRel_Delta,all,interpolated,56,0.10287714505250577,0.4679903130165791,52,0.32976313634251336
PowerRel_Delta,all,interpolated,57,0.0986083838470076,0.48674983964150587,52,0.31269418288511736
PowerRel_Delta,all,interpolated,58,0.10407239819004524,0.4628081488535629,52,0.33459900285127403
PowerRel_Delta,all,interpolated,59,0.07478869632032784,0.5982367673279452,52,0.2231268989661133
PowerRel_Delta,all,interpolated,60,0.07777682916417655,0.5836547260165947,52,0.23384399352168017
PowerRel_Delta,all,interpolated,61,0.07470332109621787,0.5986557431709699,52,0.22282284676006714
PowerRel_Delta,all,interpolated,62,0.07171518825236915,0.6134003810915817,52,0.2122559585362532
PowerRel_Delta,all,interpolated,63,0.04217536071032186,0.766565884528339,52,0.1154505126198566
PowerRel_Delta,all,interpolated,64,0.04926150431144882,0.7287377125210139,52,0.13742875494896262
PowerRel_Delta,all,interpolated,65,0.07726457781951677,0.5861430716879978,52,0.23199636408310442
PowerRel_Delta,all,interpolated,66,0.07436182019977802,0.6003329354764309,52,0.2216078297187542
PowerRel_Delta,all,interpolated,67,0.08315546828310424,0.5578201277715213,52,0.25350581918005205
PowerRel_Delta,all,interpolated,68,0.06992230854605992,0.6223210299645863,52,0.20598552274483273
PowerRel_Delta,all,interpolated,69,0.07513019721676768,0.5965621561685893,52,0.2243443002338388
PowerRel_Delta,all,interpolated,70,0.08648510202339281,0.5421026041520187,52,0.26591850645093995
PowerRel_Delta,all,interpolated,71,0.08691197814394262,0.5401031421985233,52,0.26752329608390535
PowerRel_Delta,all,interpolated,72,0.08452147186886365,0.5513459711923363,52,0.2585757945644579
PowerRel_Gamma,all,interpolated,12,-0.0704345598907197,0.619766705279146,52,-0.20777175836768497
PowerRel_Gamma,all,interpolated,13,-0.056774524033125585,0.689320499210681,52,-0.16157880613992703
PowerRel_Gamma,all,interpolated,14,-0.05054213267309826,0.7219661673048507,52,-0.14148315381136498
PowerRel_Gamma,all,interpolated,15,-0.0388457269700333,0.7845348011256577,52,-0.10538778681048858
PowerRel_Gamma,all,interpolated,16,-0.03944335353880304,0.7813010999805519,52,-0.10718156425416671
PowerRel_Gamma,all,interpolated,17,-0.03201570904123623,0.8217349508182453,52,-0.08526824080452562
PowerRel_Gamma,all,interpolated,18,-0.045590369674720396,0.7482619176058009,52,-0.12594635740227902
PowerRel_Gamma,all,interpolated,19,-0.02885682574916759,0.8390777404906865,52,-0.07619779995551716
PowerRel_Gamma,all,interpolated,20,-0.03747972338427388,0.7919395938707077,52,-0.10130794347252152
PowerRel_Gamma,all,interpolated,21,-0.0353453427815248,0.8035458740974529,52,-0.09498932450277581
PowerRel_Gamma,all,interpolated,22,-0.04260223683087167,0.7642707384557992,52,-0.11675276787865622
PowerRel_Gamma,all,interpolated,23,-0.0337232135234355,0.8123949697923383,52,-0.09023277433443126
PowerRel_Gamma,all,interpolated,24,-0.031076581576026635,0.8268824912801174,52,-0.0825562038871632
PowerRel_Gamma,all,interpolated,25,-0.04448049176129087,0.7541961772529935,52,-0.12251567320610547
PowerRel_Gamma,all,interpolated,26,-0.062067787927943305,0.662025117091374,52,-0.17912553320795124
PowerRel_Gamma,all,interpolated,27,-0.041065482796892344,0.772542521050277,52,-0.11207760750275936
PowerRel_Gamma,all,interpolated,28,-0.06078715956629386,0.668590673861805,52,-0.17483968565341745
PowerRel_Gamma,all,interpolated,29,-0.09032698710834117,0.5242374391834002,52,-0.28047196650627987
PowerRel_Gamma,all,interpolated,30,-0.12072056689148809,0.39394184293316536,52,-0.4045678877111445
PowerRel_Gamma,all,interpolated,31,-0.14146674635020917,0.31712894143432513,52,-0.4987641221114318
PowerRel_Gamma,all,interpolated,32,-0.14727226158968665,0.2974702491231803,52,-0.5265564628353603
PowerRel_Gamma,all,interpolated,33,-0.1311363442329036,0.3541029473375019,52,-0.450870458423797
PowerRel_Gamma,all,interpolated,34,-0.14940664219243574,0.2904458479343702,52,-0.5369348275956726
PowerRel_Gamma,all,interpolated,35,-0.13660035857594124,0.334229266032538,52,-0.47595552475992964
PowerRel_Gamma,all,interpolated,36,-0.14454025441816784,0.3066207889999425,52,-0.513398403161086
PowerRel_Gamma,all,interpolated,37,-0.1462477589003671,0.30088073810162536,52,-0.5216056142005543
PowerRel_Gamma,all,interpolated,38,-0.11986681465038845,0.3973198123160191,52,-0.40085977835015196
PowerRel_Gamma,all,interpolated,39,-0.07939895842226585,0.5758066268509215,52,-0.2397233412150984
PowerRel_Gamma,all,interpolated,40,-0.030820455903696743,0.8282876283194807,52,-0.08181882541242251
PowerRel_Gamma,all,interpolated,41,-0.001195253137539486,0.9932902140670998,52,-0.002923843192916518
PowerRel_Gamma,all,interpolated,42,0.03005207888670708,0.8325062206263619,52,0.07961251268817754
PowerRel_Gamma,all,interpolated,43,0.010586527789635446,0.9406230319697667,52,0.026584391383141337
PowerRel_Gamma,all,interpolated,44,0.02595406812942884,0.8550816528259522,52,0.0679924119635661
PowerRel_Gamma,all,interpolated,45,0.008708272859216255,0.9511435004057796,52,0.02175395547806274
PowerRel_Gamma,all,interpolated,46,-0.015452915563903354,0.9134165091736813,52,-0.039331143179821795
PowerRel_Gamma,all,interpolated,47,-0.03227183471356612,0.820332357123595,52,-0.0860101578345212
PowerRel_Gamma,all,interpolated,48,-0.017245795270212583,0.9034161486797772,52,-0.044112150635555306
PowerRel_Gamma,all,interpolated,49,0.029539827542047297,0.8353212240473746,52,0.07814648379280437
PowerRel_Gamma,all,interpolated,50,0.026466319474088618,0.8522530382014731,52,0.06943144187756017
PowerRel_Gamma,all,interpolated,51,0.04516349355417058,0.7505426353646313,52,0.12462463216466246
PowerRel_Gamma,all,interpolated,52,0.07615469990608724,0.5915507870561052,52,0.22800796347667726
PowerRel_Gamma,all,interpolated,53,0.07581319900964739,0.5932191591020162,52,0.22678483107940006
PowerRel_Gamma,all,interpolated,54,0.09894988474344744,0.4852347269602518,52,0.3140481253909589
PowerRel_Gamma,all,interpolated,55,0.0948518739861692,0.5035783797971226,52,0.29793292379127095
PowerRel_Gamma,all,interpolated,56,0.07513019721676768,0.5965621561685893,52,0.2243443002338388
PowerRel_Gamma,all,interpolated,57,0.08657047724750278,0.5417024255444376,52,0.2662392197973155
PowerRel_Gamma,all,interpolated,58,0.11500042687612054,0.4168952610751322,52,0.3799730415506456
PowerRel_Gamma,all,interpolated,59,0.12063519166737813,0.39427887928783933,52,0.4041964865697385
PowerRel_Gamma,all,interpolated,60,0.10475539998292495,0.45986090288591286,52,0.3373735123278683
PowerRel_Gamma,all,interpolated,61,0.09476649876205925,0.5039642766934427,52,0.29760024725441014
PowerRel_Gamma,all,interpolated,62,0.08861948262614189,0.5321412538540128,52,0.27397307141419447
PowerRel_Gamma,all,interpolated,63,0.11662255613420985,0.4103096659026053,52,0.38688825198576066
PowerRel_Gamma,all,interpolated,64,0.13088021856057372,0.3550519358998043,52,0.44970811504365327
PowerRel_Gamma,all,interpolated,65,0.10834115939554341,0.44455621367426024,52,0.3520733151325614
PowerRel_Gamma,all,interpolated,66,0.0764962008025271,0.5898845085245139,52,0.22923300907015143
PowerRel_Gamma,all,interpolated,67,0.07060531033893963,0.6189162495753504,52,0.20836811480554526
PowerRel_Gamma,all,interpolated,68,0.06292154016904294,0.65766199652825,52,0.18199725343484893
PowerRel_Gamma,all,interpolated,69,0.058652778963544774,0.6795878765508019,52,0.16775437729276785
PowerRel_Gamma,all,interpolated,70,0.037906599504823696,0.7896236070103577,52,0.10257987624384582
PowerRel_Gamma,all,interpolated,71,0.021258430803380857,0.8810904151574463,52,0.05497952315530408
PowerRel_Gamma,all,interpolated,72,0.009562025100315888,0.9463603381787694,52,0.02394346921597172
PowerRel_Theta,all,interpolated,12,-0.002817382395628788,0.984184899539998,52,-0.006923302680075832
PowerRel_Theta,all,interpolated,13,-0.009988901220865704,0.9439694494381924,52,-0.025042060950989424
PowerRel_Theta,all,interpolated,14,-0.025100315888329207,0.859800008791842,52,-0.06560255477815534
PowerRel_Theta,all,interpolated,15,-0.029881328438487148,0.8334443255373433,52,-0.07912340593733717
PowerRel_Theta,all,interpolated,16,-0.03679672159139418,0.7956488710355163,52,-0.09927854911572186
PowerRel_Theta,all,interpolated,17,-0.0504567574489883,0.7224169536915428,52,-0.1412120705457577
PowerRel_Theta,all,interpolated,18,-0.06830017928797062,0.6304387443123713,52,-0.20035710464919015
PowerRel_Theta,all,interpolated,19,-0.07641082557841714,0.5903008815151223,52,-0.228926568232528
PowerRel_Theta,all,interpolated,20,-0.0811918381285751,0.5671890697313902,52,-0.2462721470088436
PowerRel_Theta,all,interpolated,21,-0.08358234440365404,0.555793106363061,52,-0.25508684418522054
PowerRel_Theta,all,interpolated,22,-0.0951079996584991,0.5024215974156536,52,-0.2989317000096356
PowerRel_Theta,all,interpolated,23,-0.10458464953470502,0.4605967578753063,52,-0.33667912334490896
PowerRel_Theta,all,interpolated,24,-0.11295142149748143,0.4252996713337911,52,-0.3713049529031318
PowerRel_Theta,all,interpolated,25,-0.11517117732434047,0.41619920799117904,52,-0.3806987505669383
PowerRel_Theta,all,interpolated,26,-0.11884231196106888,0.40139564965604846,52,-0.39642733872598923
PowerRel_Theta,all,interpolated,27,-0.12396482540766669,0.38126014687638765,52,-0.4187785891565474
PowerRel_Theta,all,interpolated,28,-0.13438060274908223,0.3422172464219666,52,-0.46569810748587304
PowerRel_Theta,all,interpolated,29,-0.12567232988986596,0.3746843469869774,52,-0.42633444984502694
PowerRel_Theta,all,interpolated,30,-0.12703833347562538,0.36947298600126566,52,-0.43241730952752466
PowerRel_Theta,all,interpolated,31,-0.13036796721591393,0.35695457696601574,52,-0.4473870450309488
PowerRel_Theta,all,interpolated,32,-0.11448817553146076,0.41898740983960603,52,-0.3777990269605212
PowerRel_Theta,all,interpolated,33,-0.10782890805088363,0.4467251845046918,52,-0.3499595631245209
PowerRel_Theta,all,interpolated,34,-0.10706053103389394,0.4499895606153639,52,-0.34679756137961487
PowerRel_Theta,all,interpolated,35,-0.10279176982839579,0.4683616562225217,52,-0.3294186669143791
PowerRel_Theta,all,interpolated,36,-0.10245026893195593,0.46984860967063813,52,-0.3280420539278476
PowerRel_Theta,all,interpolated,37,-0.11482967642790061,0.4175919793314443,52,-0.3792478513983871
PowerRel_Theta,all,interpolated,38,-0.11056091522240245,0.435224967459087,52,-0.3612861985151108
PowerRel_Theta,all,interpolated,39,-0.11218304448049177,0.42847588198809794,52,-0.36807361858154564
PowerRel_Theta,all,interpolated,40,-0.12507470332109621,0.3769781023109827,52,-0.4236838761117359
PowerRel_Theta,all,interpolated,41,-0.1376248612652608,0.3305821541898699,52,-0.48072059464253253
PowerRel_Theta,all,interpolated,42,-0.151114146674635,0.28490489571485306,52,-0.5453000879185514
PowerRel_Theta,all,interpolated,43,-0.18569111243917014,0.18750926701981832,52,-0.726977263850302
PowerRel_Theta,all,interpolated,44,-0.1623836762571502,0.2500806523310384,52,-0.6019199064737972
PowerRel_Theta,all,interpolated,45,-0.18150772645778196,0.19782225103894624,52,-0.7037248605652532
PowerRel_Theta,all,interpolated,46,-0.1775804661487236,0.20786417682488192,52,-0.6822203502443468
PowerRel_Theta,all,interpolated,47,-0.1748484589772048,0.21505792152406214,52,-0.6674445558495894
PowerRel_Theta,all,interpolated,48,-0.18287373004354135,0.1944114495816544,52,-0.7112781615100224
PowerRel_Theta,all,interpolated,49,-0.17177495090924616,0.22335674041170483,52,-0.6510009369488534
PowerRel_Theta,all,interpolated,50,-0.18014172287202254,0.20127528680592904,52,-0.6962095458400661
PowerRel_Theta,all,interpolated,51,-0.1978997694868949,0.15962394544093217,52,-0.7969019588949925
PowerRel_Theta,all,interpolated,52,-0.21138905489626908,0.13249116868653021,52,-0.8778130690368389
PowerRel_Theta,all,interpolated,53,-0.20925467429352,0.1365364999646567,52,-0.8647512342331232
PowerRel_Theta,all,interpolated,54,-0.2171091949116366,0.12209386649223904,52,-0.9133061527257336
PowerRel_Theta,all,interpolated,55,-0.19747289336634508,0.16054450218443217,52,-0.794404562173753
PowerRel_Theta,all,interpolated,56,-0.18423973362930074,0.19104269939287438,52,-0.718869554018337
PowerRel_Theta,all,interpolated,57,-0.18680099035259964,0.18483897352016115,52,-0.7332064519460595
PowerRel_Theta,all,interpolated,58,-0.19747289336634508,0.16054450218443217,52,-0.794404562173753
PowerRel_Theta,all,interpolated,59,-0.20199778024417314,0.150982771015184,52,-0.8210726082031083
PowerRel_Theta,all,interpolated,60,-0.1992657730726543,0.1567041797409397,52,-0.8049194195223676
PowerRel_Theta,all,interpolated,61,-0.18850849483479892,0.18078428095680668,52,-0.7428393337638565
PowerRel_Theta,all,interpolated,62,-0.18859387005890887,0.1805832411392591,52,-0.7433225564503058
PowerRel_Theta,all,interpolated,63,-0.19354563305728675,0.1691967868563194,52,-0.7716078887191002
PowerRel_Theta,all,interpolated,64,-0.1978997694868949,0.15962394544093217,52,-0.7969019588949925
PowerRel_Theta,all,interpolated,65,-0.19943652352087424,0.1563419883013053,52,-0.8059243691424014
PowerRel_Theta,all,interpolated,66,-0.21480406386066764,0.12620679854288286,52,-0.8989172497659522
PowerRel_Theta,all,interpolated,67,-0.19960727396909417,0.15598041289367945,52,-0.8069299343780503
PowerRel_Theta,all,interpolated,68,-0.19405788440194655,0.16804938779636577,52,-0.7745630653256816
PowerRel_Theta,all,interpolated,69,-0.20498591308802183,0.1449033433103505,52,-0.838921594069986
PowerRel_Theta,all,interpolated,70,-0.1864594894561598,0.18565767968174088,52,-0.7312870815877218
PowerRel_Theta,all,interpolated,71,-0.18193460257833174,0.19675184718663996,52,-0.706081181615917
PowerRel_Theta,all,interpolated,72,-0.14530863143515751,0.30402911867485455,52,-0.5170848194366566
X,all,interpolated,12,0.05438401775804661,0.7017797546440544,52,0.1537991647230563
X,all,interpolated,13,0.052676513275847346,0.7107272879054349,52,0.14829700978728294
X,all,interpolated,14,0.06753180227098096,0.6342992057858501,52,0.19770583238787237
X,all,interpolated,15,0.07991120976692563,0.5733383587920081,52,0.2415890010922189
X,all,interpolated,16,0.08059421155980533,0.5700549236279902,52,0.24408329892499978
X,all,interpolated,17,0.09587637667548876,0.49895944349233634,52,0.3019347533411284
X,all,interpolated,18,0.11303679672159139,0.42494758394807775,52,0.37166463561084634
X,all,interpolated,19,0.12729445914795526,0.36850074347100337,52,0.43356163159046973
X,all,interpolated,20,0.13241697259455304,0.3493813478373383,52,0.4567002840913369
X,all,interpolated,21,0.1272090839238453,0.36882465264572195,52,0.4331800579270417
X,all,interpolated,22,0.13053871766413386,0.35631967253369745,52,0.4481601994368712
X,all,interpolated,23,0.14573550755570733,0.3025954161246721,52,0.5191376551854
X,all,interpolated,24,0.17749509092461366,0.2080863875325752,52,0.6817563292686775
X,all,interpolated,25,0.16989669597882692,0.22853622156149725,52,0.641044957180128
X,all,interpolated,26,0.17194570135746606,0.22288994969252707,52,0.6519095138054584
X,all,interpolated,27,0.1838982327328609,0.1918809548521961,52,0.7169681290324486
X,all,interpolated,28,0.1914112524545377,0.17403896366954147,52,0.7593535114166658
X,all,interpolated,29,0.1923503799197473,0.1718961875867435,52,0.7647337552408158
X,all,interpolated,30,0.1748484589772048,0.21505792152406214,52,0.6674445558495894
X,all,interpolated,31,0.17399470673610518,0.2173412184608609,52,0.6628579025218504
X,all,interpolated,32,0.18355673183642104,0.19272182973559573,52,0.7150690897204836
X,all,interpolated,33,0.1655425595492188,0.24086042825372125,52,0.6182345457996047
X,all,interpolated,34,0.1972167676940152,0.16109870013169653,52,0.7929079637887826
X,all,interpolated,35,0.22820797404593188,0.1036990856666712,52,0.9842250728459631
X,all,interpolated,36,0.25202766157261164,0.07147670976907101,52,1.145835447241163
X,all,interpolated,37,0.2667122001195253,0.0559638853623907,52,1.252092141698607
X,all,interpolated,38,0.2848117476308375,0.0407092568760151,52,1.390306825343314
X,all,interpolated,39,0.30624092888243826,0.027244236378725285,52,1.5647253603109277
X,all,interpolated,40,0.30547255186544864,0.02765265141672296,52,1.5582632209435192
X,all,interpolated,41,0.3065824297788781,0.02706434521802622,52,1.5676024755612061
X,all,interpolated,42,0.3088021856057372,0.025919121371608688,52,1.5863797246351456
X,all,interpolated,43,0.3188764620507129,0.021219152137787238,52,1.6732719733676147
X,all,interpolated,44,0.3151199521898745,0.022879745587644308,52,1.6405488090091052
X,all,interpolated,45,0.3364637582173653,0.014733446551211365,52,1.8316956480598854
X,all,interpolated,46,0.30863143515751723,0.026005748903709443,52,1.5849306350610273
X,all,interpolated,47,0.32912148894390847,0.0171988900430981,52,1.764499580052461
X,all,interpolated,48,0.3436352770426022,0.012623405777049962,52,1.8988234572447746
X,all,interpolated,49,0.3128148211389055,0.023951941991078047,52,1.6206592688123627
X,all,interpolated,50,0.2936053957141638,0.03463873568868345,52,1.4604379680821973
X,all,interpolated,51,0.2793477332877999,0.04490336224926717,52,1.347721138915744
X,all,interpolated,52,0.27439597028942203,0.049003330829315725,52,1.3097743993260083
X,all,interpolated,53,0.274481345513532,0.04893014629053528,52,1.3104234857917223
X,all,interpolated,54,0.2706394604285836,0.052312691533146216,52,1.2813929345716497
X,all,interpolated,55,0.2413557585588662,0.08475884188716877,52,1.07181498595662
X,all,interpolated,56,0.23076923076923075,0.09977442602727517,52,1.0009807619042914
X,all,interpolated,57,0.2373431230256979,0.09022654872401432,52,1.0446656546104245
X,all,interpolated,58,0.24041663109365663,0.08601461733796045,52,1.0654277384101971
X,all,interpolated,59,0.21864594894561598,0.11940888174711235,52,0.9229633687652561
X,all,interpolated,60,0.20421753607103216,0.14644896661464354,52,0.834313688476349
X,all,interpolated,61,0.2006317766584137,0.15382387027857294,52,0.8129762657967906
X,all,interpolated,62,0.2213779561171348,0.11474665389923643,52,0.9402599699674804
X,all,interpolated,63,0.22607359344318279,0.10705960652161237,52,0.9703743571211518
X,all,interpolated,64,0.23000085375224108,0.10093956566890394,52,0.9959385683164617
X,all,interpolated,65,0.2362332451122684,0.09178646330682017,52,1.0372213639473593
X,all,interpolated,66,0.22351233671988388,0.11120193811083406,52,0.9538876434778325
X,all,interpolated,67,0.22735422180483222,0.10503340416702109,52,0.9786725586608388
X,all,interpolated,68,0.23657474600870826,0.0913042680882586,52,1.0395089205614934
X,all,interpolated,69,0.21702381968752665,0.12224436285182823,52,0.9127711586975222
X,all,interpolated,70,0.21454793818833773,0.12667017142060183,52,0.8973256417272942
X,all,interpolated,71,0.22564671732263294,0.10774163772958736,52,0.9676164272352386
X,all,interpolated,72,0.223256211047554,0.11162282433398027,52,0.9522469929540597
Y,all,interpolated,12,-0.017501920942542475,0.9019887013141896,52,-0.04479890257738573
Y,all,interpolated,13,-0.02014855288995133,0.8872572064534184,52,-0.05195046455265066
Y,all,interpolated,14,-0.019124050200631775,0.8929555180822931,52,-0.04917017463055635
Y,all,interpolated,15,-0.028515324852727737,0.8409573382035759,52,-0.07522603541816948
Y,all,interpolated,16,-0.029198326645607446,0.8371990323995023,52,-0.07717128227291117
Y,all,interpolated,17,-0.05284726372406727,0.7098307695368349,52,-0.14884517891005836
Y,all,interpolated,18,-0.06539742166823188,0.645073183422211,52,-0.190391011948502
Y,all,interpolated,19,-0.08349696917954409,0.5561982315991687,52,-0.25477039628441545
Y,all,interpolated,20,-0.09152224024588064,0.5187396990287789,52,-0.28505051427865086
Y,all,interpolated,21,-0.10356014684538546,0.4650252680088308,52,-0.3325234482742207
Y,all,interpolated,22,-0.10970716298130283,0.43880086975070254,52,-0.3577325202779181
Y,all,interpolated,23,-0.10347477162127551,0.46539534378797576,52,-0.3321779660800246
Y,all,interpolated,24,-0.1002305131050969,0.47957517764536106,52,-0.31914330366040633
Y,all,interpolated,25,-0.09374199607273967,0.5086068142939539,52,-0.2936178254610627
Y,all,interpolated,26,-0.13711260992060104,0.3324025773132656,52,-0.4783356175335643
Y,all,interpolated,27,-0.17322632971911547,0.21941059206521166,52,-0.6587424106517494
Y,all,interpolated,28,-0.19072825066165797,0.17560945083262505,52,-0.755452115229396
Y,all,interpolated,29,-0.18961837274822843,0.17818330995430598,52,-0.7491329778199508
Y,all,interpolated,30,-0.17962947152736275,0.20258110014384598,52,-0.6934010747018643
Y,all,interpolated,31,-0.16221292580893024,0.25058575955087836,52,-0.6010436130074704
Y,all,interpolated,32,-0.1421497481430889,0.3147742399931925,52,-0.5020008159780542
Y,all,interpolated,33,-0.11875693673695893,0.40173639759870405,52,-0.3960588191018488
Y,all,interpolated,34,-0.08853410740203192,0.5325379749383004,52,-0.2736494175265718
Y,all,interpolated,35,-0.06676342525399129,0.6381693386927705,52,-0.1950640656336113
Y,all,interpolated,36,-0.06104328523862375,0.6672755751290262,52,-0.1756947717187209
Y,all,interpolated,37,-0.03201570904123623,0.8217349508182453,52,-0.08526824080452562
Y,all,interpolated,38,-0.006061640911807393,0.9659814110990568,52,-0.015031230866888526
Y,all,interpolated,39,0.023307436182019976,0.869724180252329,52,0.0606184554120875
Y,all,interpolated,40,0.026466319474088618,0.8522530382014731,52,0.06943144187756017
Y,all,interpolated,41,0.022026807820370527,0.8768251674274528,52,0.05708699316855358
Y,all,interpolated,42,-0.007598394945786732,0.9573641388845935,52,-0.018922844428986115
Y,all,interpolated,43,-0.0218560573721506,0.8777727049448354,52,-0.05661792802071702
Y,all,interpolated,44,-0.0472124989328097,0.7396148052664271,52,-0.13099440392016967
Y,all,interpolated,45,-0.09340049517629982,0.5101591429612351,52,-0.29229432561057517
Y,all,interpolated,46,-0.1273798343720652,0.3681770060023316,52,-0.43394333826039644
Y,all,interpolated,47,-0.14103987022965936,0.3186063024053392,52,-0.4967456375970661
Y,all,interpolated,48,-0.1710919491163664,0.22523068249075665,52,-0.647372447174345
Y,all,interpolated,49,-0.1978143942627849,0.15980774641153683,52,-0.7964021728177337
Y,all,interpolated,50,-0.1943993852983864,0.16728760859637726,52,-0.7765362271040884
Y,all,interpolated,51,-0.19499701186715612,0.1659605533568684,52,-0.7799951257867026
Y,all,interpolated,52,-0.176726713907624,0.2100938014705086,52,-0.6775867606681327
Y,all,interpolated,53,-0.16725006403141807,0.23597441366238528,52,-0.6271350843504235
Y,all,interpolated,54,-0.1513702723469649,0.28407977342113633,52,-0.5465596870947451
Y,all,interpolated,55,-0.14727226158968665,0.2974702491231803,52,-0.5265564628353603
Y,all,interpolated,56,-0.1937163835055067,0.16881368921093204,52,-0.7725923390627636
Y,all,interpolated,57,-0.19013062409288822,0.17699201293294572,52,-0.7520463314766876
Y,all,interpolated,58,-0.18902074617945872,0.17958045665194508,52,-0.7457409284150571
Y,all,interpolated,59,-0.18219072825066165,0.1961115823310582,52,-0.7074967561847231
Y,all,interpolated,60,-0.19363100828139673,0.1690051590760974,52,-0.7721000378473758
Y,all,interpolated,61,-0.19918039784854433,0.1568855066218751,52,-0.8044171755008824
Y,all,interpolated,62,-0.19533851276359598,0.16520569183625788,52,-0.7819749939981099
Y,all,interpolated,63,-0.18312985571587123,0.19377661140786842,52,-0.7126986429172374
Y,all,interpolated,64,-0.20293690770938275,0.14905213045244634,52,-0.8266618120692641
Y,all,interpolated,65,-0.19431401007427643,0.1674778171331478,52,-0.7760427082370208
Y,all,interpolated,66,-0.1969606420216853,0.16165429792352884,52,-0.7914127442558975
Y,all,interpolated,67,-0.17869034406215314,0.20499061191695192,52,-0.688266028144367
Y,all,interpolated,68,-0.1775804661487236,0.20786417682488192,52,-0.6822203502443468
Y,all,interpolated,69,-0.17851959361393324,0.20543086635136754,52,-0.6873343023212333
Y,all,interpolated,70,-0.183727482284641,0.19230106468056907,52,-0.7160183112705366
Y,all,interpolated,71,-0.20379065995048237,0.14731291319381953,52,-0.831759181989596
Y,all,interpolated,72,-0.14172287202253905,0.31624461921529307,52,-0.49997685511252626
Z,all,interpolated,12,0.018953299752411848,0.8939057657608225,52,0.04870826148054073
Z,all,interpolated,13,0.02706394604285836,0.8489553175841729,52,0.07111516704379259
Z,all,interpolated,14,0.033125586954665755,0.8156610908392268,52,0.08849025417788467
Z,all,interpolated,15,0.031759583368906344,0.8231380972520099,52,0.08452729742046039
Z,all,interpolated,16,0.03799197472893366,0.7891606251203659,52,0.10283459184299648
Z,all,interpolated,17,0.04413899086485101,0.7560249561995144,52,0.12146386830719172
Z,all,interpolated,18,0.049090753863228885,0.7296421509798766,52,0.13689008502887867
Z,all,interpolated,19,0.01946555109707163,0.891055470989844,52,0.050095258931792695
Z,all,interpolated,20,0.008964398531546144,0.9497083648739268,52,0.02240973678546173
Z,all,interpolated,21,0.02501494066421924,0.8602721142766994,52,0.06536415452813257
Z,all,interpolated,22,0.00520788867070776,0.9707705123262118,52,0.012883424067037385
Z,all,interpolated,23,0.015709041236233245,0.9119870356754751,52,0.04001133532796704
Z,all,interpolated,24,-0.009818150772645778,0.944925747378317,52,-0.024602317174166777
Z,all,interpolated,25,-0.012037906599504824,0.9325003619867023,52,-0.03035099093075274
Z,all,interpolated,26,-0.031503457696576455,0.824541792209223,52,-0.08378732708329341
Z,all,interpolated,27,-0.03773584905660377,0.7905497867272089,52,-0.10207077415677748
Z,all,interpolated,28,-0.06044565866985401,0.6703456732854947,52,-0.1737011894081464
Z,all,interpolated,29,-0.0797404593187057,0.5741605741053728,52,-0.2409666325227956
Z,all,interpolated,30,-0.08844873217792196,0.5329348411220906,52,-0.2733258864161633
Z,all,interpolated,31,-0.10740203193033382,0.44853711119648765,52,-0.3482016183476958
Z,all,interpolated,32,-0.10492615043114487,0.45912568641778617,52,-0.3380684093523749
Z,all,interpolated,33,-0.08947323486724151,0.5281820430011372,52,-0.2772163679115332
Z,all,interpolated,34,-0.11551267822078032,0.4148090988488151,52,-0.3821517259172957
Z,all,interpolated,35,-0.14676001024502688,0.2991723491668687,52,-0.5240785483716673
Z,all,interpolated,36,-0.15640741056945276,0.268171108851661,52,-0.5715880122493671
Z,all,interpolated,37,-0.17723896525228378,0.2087540215228422,52,-0.6803651493372647
Z,all,interpolated,38,-0.14991889353709553,0.2887762313758166,52,-0.5394385555869197
Z,all,interpolated,39,-0.11611030478955008,0.41238282275255544,52,-0.38469943295967785
Z,all,interpolated,40,-0.0799965849910356,0.5729274542576898,52,-0.2419003661830308
Z,all,interpolated,41,-0.023648937078459834,0.8678322790940303,52,-0.06156420028689119
Z,all,interpolated,42,0.04533424400239051,0.7496300933417425,52,0.12515298734182675
Z,all,interpolated,43,0.08281396738666438,0.5594442516523481,52,0.25224318421344616
Z,all,interpolated,44,0.10219414325962604,0.470965482531847,52,0.32701092152349676
Z,all,interpolated,45,0.1353197302142918,0.338823380631754,52,0.470026628657142
Z,all,interpolated,46,0.12089131733970802,0.39326827774217676,52,0.4053110837381081
Z,all,interpolated,47,0.09263211815931016,0.513660647361649,52,0.28932370522824685
Z,all,interpolated,48,0.0904977375565611,0.5234502789418363,52,0.281124564427773
Z,all,interpolated,49,0.08563134978229318,0.5461122358071558,52,0.26271809285834286
Z,all,interpolated,50,0.08298471783488431,0.558631911637279,52,0.25287425901789096
Z,all,interpolated,51,0.060018782549304185,0.672541877121358,52,0.17228066829732008
Z,all,interpolated,52,0.05054213267309826,0.7219661673048507,52,0.14148315381136498
Z,all,interpolated,53,0.05506701955092631,0.6982118558203874,52,0.1560127810250519
Z,all,interpolated,54,0.07009305899427985,0.6214690963976789,52,0.20658046251332757
Z,all,interpolated,55,0.08768035516093228,0.5365131515031275,52,0.2704196277423318
Z,all,interpolated,56,0.047639375053359516,0.7373444946327468,52,0.1323295580534681
Z,all,interpolated,57,0.04217536071032186,0.766565884528339,52,0.1154505126198566
Z,all,interpolated,58,0.028515324852727737,0.8409573382035759,52,0.07522603541816948
Z,all,interpolated,59,0.03346708785110561,0.813794351909642,52,0.08948532866679348
Z,all,interpolated,60,0.032869461282335866,0.8170618116873087,52,0.08774508733627281
Z,all,interpolated,61,0.04661487236403995,0.7427969359117781,52,0.12912989642303732
Z,all,interpolated,62,0.07734995304362674,0.5857280162192129,52,0.23230400254124983
Z,all,interpolated,63,0.11115854179117218,0.43273156955798353,52,0.36378142006659137
Z,all,interpolated,64,0.12524545376931615,0.3763218885033459,52,0.42444052050618325
Z,all,interpolated,65,0.11303679672159139,0.42494758394807775,52,0.37166463561084634
Z,all,interpolated,66,0.09766925638179799,0.4909291474528916,52,0.30898118219599063
Z,all,interpolated,67,0.0809357124562452,0.5684164730529949,52,0.2453333444455726
Z,all,interpolated,68,0.06437291897891231,0.6502706471101433,52,0.1869058493840789
Z,all,interpolated,69,0.060018782549304185,0.672541877121358,52,0.17228066829732008
Z,all,interpolated,70,0.029795953214377183,0.8339134643151871,52,0.07887901401488236
Z,all,interpolated,71,0.01844104840775207,0.8967573896261982,52,0.04732503588348913
Z,all,interpolated,72,-0.004012635533168274,0.9774769338811792,52,-0.009893482122700456
ap_exp_1to20_fixed,all,interpolated,12,0.02117305557927089,0.8815645403441248,52,0.054745887007027726
ap_exp_1to20_fixed,all,interpolated,13,0.023563561854349865,0.8683051860051171,52,0.06132760511957626
ap_exp_1to20_fixed,all,interpolated,14,0.028771450525057623,0.8395475569123954,52,0.07595469783487233
ap_exp_1to20_fixed,all,interpolated,15,0.04413899086485101,0.7560249561995144,52,0.12146386830719172
ap_exp_1to20_fixed,all,interpolated,16,0.055493895671476126,0.6959851925881595,52,0.15740000011021665
ap_exp_1to20_fixed,all,interpolated,17,0.06275078972082301,0.6585337222029097,52,0.18142198077561444
ap_exp_1to20_fixed,all,interpolated,18,0.07273969094168872,0.6083275695815828,52,0.21586250073939692
ap_exp_1to20_fixed,all,interpolated,19,0.09357124562451975,0.5093826783738974,52,0.29295582736325076
ap_exp_1to20_fixed,all,interpolated,20,0.10475539998292495,0.45986090288591286,52,0.3373735123278683
ap_exp_1to20_fixed,all,interpolated,21,0.0887902330743618,0.5313482473398481,52,0.2746207476096976
ap_exp_1to20_fixed,all,interpolated,22,0.09169299069410057,0.5179566723336808,52,0.2857065679640422
ap_exp_1to20_fixed,all,interpolated,23,0.10304789550072568,0.4672481012597359,52,0.3304524547733031
ap_exp_1to20_fixed,all,interpolated,24,0.11252454537693161,0.42706258401113883,52,0.3695084764994418
ap_exp_1to20_fixed,all,interpolated,25,0.12635533168274568,0.3720731820049571,52,0.42937163158284924
ap_exp_1to20_fixed,all,interpolated,26,0.11525655254845042,0.4158514310069412,52,0.38106179970578624
ap_exp_1to20_fixed,all,interpolated,27,0.1272090839238453,0.36882465264572195,52,0.4331800579270417
ap_exp_1to20_fixed,all,interpolated,28,0.14078374455732948,0.31949481305680666,52,0.4955361881443682
ap_exp_1to20_fixed,all,interpolated,29,0.15956629386152138,0.2585032805754276,52,0.587533941054506
ap_exp_1to20_fixed,all,interpolated,30,0.16750618970374795,0.235247418227581,52,0.6284751341309617
ap_exp_1to20_fixed,all,interpolated,31,0.16998207120293687,0.2282990068277702,52,0.6414959778227616
ap_exp_1to20_fixed,all,interpolated,32,0.18466660974985058,0.18999855909452684,52,0.7212496926243753
ap_exp_1to20_fixed,all,interpolated,33,0.1655425595492188,0.24086042825372125,52,0.6182345457996047
ap_exp_1to20_fixed,all,interpolated,34,0.19602151455647568,0.16370349148519112,52,0.7859420578111387
ap_exp_1to20_fixed,all,interpolated,35,0.19328950738495687,0.16977261823796555,52,0.7701323535919753
ap_exp_1to20_fixed,all,interpolated,36,0.21079142832749936,0.1336146762329558,52,0.8741458363445629
ap_exp_1to20_fixed,all,interpolated,37,0.23068385554512078,0.09990337003373702,52,1.0004198615000437
ap_exp_1to20_fixed,all,interpolated,38,0.2378553743703577,0.08951360092948202,52,1.0481109718365782
ap_exp_1to20_fixed,all,interpolated,39,0.23051310509690084,0.10016164455877061,52,0.9992985533735039
ap_exp_1to20_fixed,all,interpolated,40,0.21727994535985656,0.12179329507400448,52,0.9143766196876492
ap_exp_1to20_fixed,all,interpolated,41,0.17937334585503287,0.2032362462537827,52,0.6919988350485143
ap_exp_1to20_fixed,all,interpolated,42,0.14513788098693758,0.30460382257039575,52,0.5162646508659879
ap_exp_1to20_fixed,all,interpolated,43,0.11047553999829249,0.43558182218067043,52,0.36093025263378753
ap_exp_1to20_fixed,all,interpolated,44,0.0871681038162725,0.5389051848961279,52,0.2684876379646626
ap_exp_1to20_fixed,all,interpolated,45,0.06693417570221122,0.637308477810143,52,0.19565030426974253
ap_exp_1to20_fixed,all,interpolated,46,0.07444719542388799,0.5999134442791656,52,0.22191140525569428
ap_exp_1to20_fixed,all,interpolated,47,0.10364552206949544,0.46465535095496013,52,0.33286905716497134
ap_exp_1to20_fixed,all,interpolated,48,0.08563134978229318,0.5461122358071558,52,0.26271809285834286
ap_exp_1to20_fixed,all,interpolated,49,0.08366771962776402,0.55538812084312,52,0.25540341358009966
ap_exp_1to20_fixed,all,interpolated,50,0.07111756168359941,0.616367852933982,52,0.21016002027395386
ap_exp_1to20_fixed,all,interpolated,51,0.08870485785025185,0.5317446779582359,52,0.27429684810118493
ap_exp_1to20_fixed,all,interpolated,52,0.08469222231708357,0.5505392274509626,52,0.2592117309001547
ap_exp_1to20_fixed,all,interpolated,53,0.05540852044736617,0.6964303227107072,52,0.1571223278774488
ap_exp_1to20_fixed,all,interpolated,54,0.02945445231793733,0.835790591232114,52,0.07790252215981815
ap_exp_1to20_fixed,all,interpolated,55,0.023819687526679758,0.8668866029967103,52,0.06203770865260827
ap_exp_1to20_fixed,all,interpolated,56,0.038333475625373516,0.7873094208830657,52,0.10385455179302289
ap_exp_1to20_fixed,all,interpolated,57,0.017075044821992656,0.9043679487361789,52,0.043654837673065605
ap_exp_1to20_fixed,all,interpolated,58,-0.0007683770169896694,0.9956865372609778,52,-0.0018773649544853472
ap_exp_1to20_fixed,all,interpolated,59,-0.020404678562281224,0.8858334996567632,52,-0.05264789998151602
ap_exp_1to20_fixed,all,interpolated,60,-0.03560146845385469,0.8021508473425184,52,-0.09574395340139726
ap_exp_1to20_fixed,all,interpolated,61,-0.04251686160676171,0.764729607760031,52,-0.1164920950629583
ap_exp_1to20_fixed,all,interpolated,62,-0.042089985486211894,0.7670251528702301,52,-0.11519039410364876
ap_exp_1to20_fixed,all,interpolated,63,-0.0443951165371809,0.7546532471444287,52,-0.12225255491934131
ap_exp_1to20_fixed,all,interpolated,64,-0.022795184837360198,0.8725633850291283,52,-0.05920301506388735
ap_exp_1to20_fixed,all,interpolated,65,0.00751301972167677,0.9578427585400902,52,0.0187057797557967
ap_exp_1to20_fixed,all,interpolated,66,0.029283701869717408,0.836729495566038,52,0.07741492142209251
ap_exp_1to20_fixed,all,interpolated,67,0.0360283445744045,0.799827163069949,52,0.0970038508013068
ap_exp_1to20_fixed,all,interpolated,68,0.0276615726116281,0.8456601580583477,52,0.07280413002480055
ap_exp_1to20_fixed,all,interpolated,69,0.016562793477332877,0.9072241431461094,52,0.042285400806092825
ap_exp_1to20_fixed,all,interpolated,70,0.008281396738666439,0.9535357322125946,52,0.020663027828263236
ap_exp_1to20_fixed,all,interpolated,71,0.02501494066421924,0.8602721142766994,52,0.06536415452813257
ap_exp_1to20_fixed,all,interpolated,72,0.02501494066421924,0.8602721142766994,52,0.06536415452813257
ap_exp_1to30_knee,all,interpolated,12,0.11952531375394859,0.39867572784614536,52,0.39938020422564857
ap_exp_1to30_knee,all,interpolated,13,0.0899854862119013,0.5258135222698962,52,0.27916824939799945
ap_exp_1to30_knee,all,interpolated,14,0.09007086143601127,0.5254192813890894,52,0.2794939938886699
ap_exp_1to30_knee,all,interpolated,15,0.08691197814394262,0.5401031421985233,52,0.26752329608390535
ap_exp_1to30_knee,all,interpolated,16,0.0764962008025271,0.5898845085245139,52,0.22923300907015143
ap_exp_1to30_knee,all,interpolated,17,0.07880133185349611,0.5786924063397674,52,0.23755221645513971
ap_exp_1to30_knee,all,interpolated,18,0.06121403568684367,0.6663993925714655,52,0.1762654074640853
ap_exp_1to30_knee,all,interpolated,19,0.07145906258003927,0.6146714064011018,52,0.211356989142115
ap_exp_1to30_knee,all,interpolated,20,0.06377529241014257,0.6533101564909392,52,0.18488059012844282
ap_exp_1to30_knee,all,interpolated,21,0.059762656876974296,0.6738609023574665,52,0.17142974081332177
ap_exp_1to30_knee,all,interpolated,22,0.06778792794331084,0.6330113064050754,52,0.19858853284918218
ap_exp_1to30_knee,all,interpolated,23,0.0690685563049603,0.6265880407530673,52,0.20301789844971074
ap_exp_1to30_knee,all,interpolated,24,0.07547169811320754,0.5948896177779227,52,0.22556361046838444
ap_exp_1to30_knee,all,interpolated,25,0.06761717749509091,0.6338697864323579,52,0.19799994849371672
ap_exp_1to30_knee,all,interpolated,26,0.04960300520788867,0.7269299346683811,52,0.13850744671083923
ap_exp_1to30_knee,all,interpolated,27,0.03201570904123623,0.8217349508182453,52,0.08526824080452562
ap_exp_1to30_knee,all,interpolated,28,0.035174592333304874,0.8044762294570651,52,0.09448678384356488
ap_exp_1to30_knee,all,interpolated,29,0.03525996755741484,0.8040110181273308,52,0.09473799966061211
ap_exp_1to30_knee,all,interpolated,30,0.04098010757278238,0.7730028095731468,52,0.11181892758245554
ap_exp_1to30_knee,all,interpolated,31,0.058823529411764705,0.678705625824515,52,0.16831855090516387
ap_exp_1to30_knee,all,interpolated,32,0.08238709126611457,0.5614775297173211,52,0.25066761948274285
ap_exp_1to30_knee,all,interpolated,33,0.10236489370784597,0.4702207428532995,52,0.32769821675079064
ap_exp_1to30_knee,all,interpolated,34,0.12422095107999657,0.3802694223916748,52,0.41990859496828453
ap_exp_1to30_knee,all,interpolated,35,0.10543840177580466,0.45692387321503036,52,0.3401561504698014
ap_exp_1to30_knee,all,interpolated,36,0.10748740715444378,0.4481744025417135,52,0.3485529517999475
ap_exp_1to30_knee,all,interpolated,37,0.11722018270297958,0.40789858971601334,52,0.3894477962264507
ap_exp_1to30_knee,all,interpolated,38,0.10236489370784597,0.4702207428532995,52,0.32769821675079064
ap_exp_1to30_knee,all,interpolated,39,0.07393494407922821,0.6024323177284652,52,0.22009173827703438
ap_exp_1to30_knee,all,interpolated,40,0.04516349355417058,0.7505426353646313,52,0.12462463216466246
ap_exp_1to30_knee,all,interpolated,41,-0.023051310509690087,0.8711435813807502,52,-0.05991025892770758
ap_exp_1to30_knee,all,interpolated,42,-0.0832408435072142,0.5574144446379367,52,-0.2538217813255004
ap_exp_1to30_knee,all,interpolated,43,-0.07803295483650645,0.58241234539732,52,-0.23476942785520413
ap_exp_1to30_knee,all,interpolated,44,-0.061128660462733714,0.66683742877221,52,-0.1759800317398977
ap_exp_1to30_knee,all,interpolated,45,-0.061640911807393485,0.6642108683589762,52,-0.1776940223996123
ap_exp_1to30_knee,all,interpolated,46,-0.013062409288824383,0.9267707646253097,52,-0.03302767466860133
ap_exp_1to30_knee,all,interpolated,47,0.001195253137539486,0.9932902140670998,52,0.002923843192916518
ap_exp_1to30_knee,all,interpolated,48,-0.022539059165030306,0.8739835868325937,52,-0.05849672321796196
ap_exp_1to30_knee,all,interpolated,49,-0.0443951165371809,0.7546532471444287,52,-0.12225255491934131
ap_exp_1to30_knee,all,interpolated,50,-0.056859899257235544,0.6888770095910065,52,-0.16185830904139642
ap_exp_1to30_knee,all,interpolated,51,-0.04985913088021856,0.725575067390567,52,-0.13931764915735276
ap_exp_1to30_knee,all,interpolated,52,-0.06155553658328353,0.6646483518726788,52,-0.1774080678306163
ap_exp_1to30_knee,all,interpolated,53,-0.07564244856142746,0.5940541280426985,52,-0.22617398188872492
ap_exp_1to30_knee,all,interpolated,54,-0.08819260650559206,0.5341263093784441,52,-0.27235602952670407
ap_exp_1to30_knee,all,interpolated,55,-0.06770255271920089,0.6334404865991099,52,-0.19829418197348975
ap_exp_1to30_knee,all,interpolated,56,-0.04012635533168274,0.7776099291906903,52,-0.1092382026018493
ap_exp_1to30_knee,all,interpolated,57,-0.044309741313070944,0.7551104003631599,52,-0.12198954802197057
ap_exp_1to30_knee,all,interpolated,58,-0.07419106975155809,0.601172303454193,52,-0.22100103595952794
ap_exp_1to30_knee,all,interpolated,59,-0.08341159395543413,0.5566034964548511,52,-0.2544540698555895
ap_exp_1to30_knee,all,interpolated,60,-0.0855459745581832,0.5465139814884841,52,-0.26239872299950145
ap_exp_1to30_knee,all,interpolated,61,-0.08272859216255442,0.5598506299720983,52,-0.2519278287651461
ap_exp_1to30_knee,all,interpolated,62,-0.09007086143601127,0.5254192813890894,52,-0.2794939938886699
ap_exp_1to30_knee,all,interpolated,63,-0.0799965849910356,0.5729274542576898,52,-0.2419003661830308
ap_exp_1to30_knee,all,interpolated,64,-0.09203449159054042,0.5163923992853428,52,-0.28702015868432984
ap_exp_1to30_knee,all,interpolated,65,-0.06249466404849313,0.6598421545696151,52,-0.1805599426370473
ap_exp_1to30_knee,all,interpolated,66,-0.03193033381712627,0.8222026050887895,52,-0.08502115152320272
ap_exp_1to30_knee,all,interpolated,67,-0.01690429437377273,0.9053198820427173,52,-0.043197941833607624
ap_exp_1to30_knee,all,interpolated,68,-0.012123281823614785,0.9320227619791508,52,-0.030573481121093607
ap_exp_1to30_knee,all,interpolated,69,-0.0234781866302399,0.8687781386094349,52,-0.06109111593287819
ap_exp_1to30_knee,all,interpolated,70,-0.017843421838982326,0.900085916798349,52,-0.04571603343787236
ap_exp_1to30_knee,all,interpolated,71,-0.009049773755656108,0.9492300212894735,52,-0.02262853480975743
ap_exp_1to30_knee,all,interpolated,72,-0.009049773755656108,0.9492300212894735,52,-0.02262853480975743
ap_exp_1to40_fixed,all,interpolated,12,0.04593187057116025,0.7464388789887628,52,0.12700574802557027
ap_exp_1to40_fixed,all,interpolated,13,0.03867497652181337,0.7854593812207187,52,0.10487626888985271
ap_exp_1to40_fixed,all,interpolated,14,0.03841885084948348,0.786846801410789,52,0.10410981627944359
ap_exp_1to40_fixed,all,interpolated,15,0.05728677537778536,0.6866611190638183,52,0.1632575430442526
ap_exp_1to40_fixed,all,interpolated,16,0.05224963715529753,0.7129702798952705,52,0.14692857329890757
ap_exp_1to40_fixed,all,interpolated,17,0.055664646119696064,0.695095237067627,52,0.15795568735330862
ap_exp_1to40_fixed,all,interpolated,18,0.053786391189276875,0.7049069069041888,52,0.1518682340545106
ap_exp_1to40_fixed,all,interpolated,19,0.06608042346111158,0.6416175055677068,52,0.19272379549112428
ap_exp_1to40_fixed,all,interpolated,20,0.06855630496030052,0.6291540879973062,52,0.20124297717547268
ap_exp_1to40_fixed,all,interpolated,21,0.06667805002988132,0.6385999466806969,52,0.19477112205758254
ap_exp_1to40_fixed,all,interpolated,22,0.06949543242551012,0.6244530089695339,52,0.20450023737483436
ap_exp_1to40_fixed,all,interpolated,23,0.08417997097242379,0.5529611471561389,52,0.25730538256234936
ap_exp_1to40_fixed,all,interpolated,24,0.09177836591821052,0.5175653814026683,52,0.2860347801921303
ap_exp_1to40_fixed,all,interpolated,25,0.08699735336805259,0.5397036795921145,52,0.26784462099147793
ap_exp_1to40_fixed,all,interpolated,26,0.09459574831383934,0.5047365241636601,52,0.2969352673511141
ap_exp_1to40_fixed,all,interpolated,27,0.07367881840689831,0.6036934841247341,52,0.21918351161371977
ap_exp_1to40_fixed,all,interpolated,28,0.08776573038504226,0.536114983450626,52,0.27074205485454184
ap_exp_1to40_fixed,all,interpolated,29,0.09715700503713821,0.4932166239335145,52,0.3069622938749245
ap_exp_1to40_fixed,all,interpolated,30,0.11158541791172202,0.4309554907144171,52,0.3655675816613115
ap_exp_1to40_fixed,all,interpolated,31,0.12678220780329547,0.37044677312621976,52,0.43127418390108824
ap_exp_1to40_fixed,all,interpolated,32,0.14223512336719882,0.31448068787203265,52,0.5024060192429745
ap_exp_1to40_fixed,all,interpolated,33,0.1400153675403398,0.32216976607897907,52,0.4919152182344815
ap_exp_1to40_fixed,all,interpolated,34,0.13173397080167334,0.3518946906710043,52,0.45358728567881856
ap_exp_1to40_fixed,all,interpolated,35,0.11645180568598992,0.4110000499933144,52,0.38615812529711996
ap_exp_1to40_fixed,all,interpolated,36,0.12362332451122683,0.38258349992396856,52,0.4172737641741036
ap_exp_1to40_fixed,all,interpolated,37,0.13096559378468367,0.3547354335881603,52,0.45009542882937525
ap_exp_1to40_fixed,all,interpolated,38,0.10697515580978399,0.4503530763712752,52,0.34644686623541027
ap_exp_1to40_fixed,all,interpolated,39,0.09792538205412789,0.4897874855353308,52,0.30999231564328317
ap_exp_1to40_fixed,all,interpolated,40,0.05592077179202596,0.6937610676061002,52,0.15879007549172927
ap_exp_1to40_fixed,all,interpolated,41,0.0030735080679586777,0.982747371372573,52,0.0075581091460449725
ap_exp_1to40_fixed,all,interpolated,42,-0.017245795270212583,0.9034161486797772,52,-0.044112150635555306
ap_exp_1to40_fixed,all,interpolated,43,-0.0360283445744045,0.799827163069949,52,-0.0970038508013068
ap_exp_1to40_fixed,all,interpolated,44,0.028515324852727737,0.8409573382035759,52,0.07522603541816948
ap_exp_1to40_fixed,all,interpolated,45,0.03201570904123623,0.8217349508182453,52,0.08526824080452562
ap_exp_1to40_fixed,all,interpolated,46,0.01980705199351148,0.8891560302974797,52,0.05102202176175754
ap_exp_1to40_fixed,all,interpolated,47,0.012208657047724749,0.931545185702305,52,0.030796074288700428
ap_exp_1to40_fixed,all,interpolated,48,-0.00623239136002732,0.9650237282460941,52,-0.015462007982993633
ap_exp_1to40_fixed,all,interpolated,49,-0.03201570904123623,0.8217349508182453,52,-0.08526824080452562
ap_exp_1to40_fixed,all,interpolated,50,-0.02902757619738752,0.8381382746097132,52,-0.07668432630279771
ap_exp_1to40_fixed,all,interpolated,51,-0.025356441560659092,0.8583839845161959,52,-0.06631839390921507
ap_exp_1to40_fixed,all,interpolated,52,-0.03457696576453514,0.8077345802457403,52,-0.092731323967214
ap_exp_1to40_fixed,all,interpolated,53,-0.04874925296678903,0.7314521213260967,52,-0.13581409622958027
ap_exp_1to40_fixed,all,interpolated,54,-0.04951762998377871,0.7273817413966155,52,-0.13823760472510693
ap_exp_1to40_fixed,all,interpolated,55,-0.03688209681550414,0.795184964601656,52,-0.0995318401955852
ap_exp_1to40_fixed,all,interpolated,56,-0.03269871083411594,0.8179959407092934,52,-0.08724885150218381
ap_exp_1to40_fixed,all,interpolated,57,-0.028942200973277554,0.8386079796704035,52,-0.0764410094374164
ap_exp_1to40_fixed,all,interpolated,58,-0.07026380944249978,0.6206176545275861,52,-0.20717587432894619
ap_exp_1to40_fixed,all,interpolated,59,-0.09877913429522753,0.48599197362203606,52,-0.31337090324890854
ap_exp_1to40_fixed,all,interpolated,60,-0.08622897635106293,0.5433039971520724,52,-0.2649570997984113
ap_exp_1to40_fixed,all,interpolated,61,-0.050712883121318185,0.721064875462705,52,-0.14202565929174116
ap_exp_1to40_fixed,all,interpolated,62,-0.07111756168359941,0.616367852933982,52,-0.21016002027395386
ap_exp_1to40_fixed,all,interpolated,63,-0.1025356441560659,0.46947663434900344,52,-0.3283860175103514
ap_exp_1to40_fixed,all,interpolated,64,-0.08657047724750278,0.5417024255444376,52,-0.2662392197973155
ap_exp_1to40_fixed,all,interpolated,65,-0.07231281482113891,0.6104390392248265,52,-0.2143576998602456
ap_exp_1to40_fixed,all,interpolated,66,-0.04644412191582002,0.7437069020316298,52,-0.12859818798899675
ap_exp_1to40_fixed,all,interpolated,67,-0.024331938871339533,0.8640506881081852,52,-0.06346077960446833
ap_exp_1to40_fixed,all,interpolated,68,-0.025100315888329207,0.859800008791842,52,-0.06560255477815534
ap_exp_1to40_fixed,all,interpolated,69,-0.023392811406129938,0.8692511367456364,52,-0.06085473270448607
ap_exp_1to40_fixed,all,interpolated,70,-0.014769913771023649,0.917229754518551,52,-0.03752186539693892
ap_exp_1to40_fixed,all,interpolated,71,0.015282165115683428,0.9143696427029802,52,0.03887820105703859
ap_exp_1to40_fixed,all,interpolated,72,0.015282165115683428,0.9143696427029802,52,0.03887820105703859
ap_exp_20to40_fixed,all,interpolated,12,0.09476649876205925,0.5039642766934427,52,0.29760024725441014
ap_exp_20to40_fixed,all,interpolated,13,0.08844873217792196,0.5329348411220906,52,0.2733258864161633
ap_exp_20to40_fixed,all,interpolated,14,0.0735080679586784,0.6045349003154111,52,0.2185786218886061
ap_exp_20to40_fixed,all,interpolated,15,0.060616409118073936,0.6694679547929957,52,0.1742702063885663
ap_exp_20to40_fixed,all,interpolated,16,0.05353026551694697,0.7062486001907085,52,0.15104239995842153
ap_exp_20to40_fixed,all,interpolated,17,0.05668914880901562,0.6897640923595589,52,0.16129941782018295
ap_exp_20to40_fixed,all,interpolated,18,0.037906599504823696,0.7896236070103577,52,0.10257987624384582
ap_exp_20to40_fixed,all,interpolated,19,0.03500384188508495,0.8054068534014132,52,0.09398467919623991
ap_exp_20to40_fixed,all,interpolated,20,0.02518569111243917,0.8593279518965115,52,0.06584106141015382
ap_exp_20to40_fixed,all,interpolated,21,0.0202339281140613,0.8867825980984132,52,0.05218283791206748
ap_exp_20to40_fixed,all,interpolated,22,0.03688209681550414,0.795184964601656,52,0.0995318401955852
ap_exp_20to40_fixed,all,interpolated,23,0.024758814991889356,0.861688720663171,52,0.06464959184705163
ap_exp_20to40_fixed,all,interpolated,24,0.007854520618116622,0.9559283700103179,52,0.019574649224680198
ap_exp_20to40_fixed,all,interpolated,25,0.023392811406129938,0.8692511367456364,52,0.06085473270448607
ap_exp_20to40_fixed,all,interpolated,26,0.04115085802100231,0.7720823101121919,52,0.11233639795181041
ap_exp_20to40_fixed,all,interpolated,27,0.0353453427815248,0.8035458740974529,52,0.09498932450277581
ap_exp_20to40_fixed,all,interpolated,28,0.03013745411081704,0.8320372548081505,52,0.07985722756098812
ap_exp_20to40_fixed,all,interpolated,29,0.03577221890207461,0.8012211688192022,52,0.09624758486533416
ap_exp_20to40_fixed,all,interpolated,30,0.03841885084948348,0.786846801410789,52,0.10410981627944359
ap_exp_20to40_fixed,all,interpolated,31,0.03747972338427388,0.7919395938707077,52,0.10130794347252152
ap_exp_20to40_fixed,all,interpolated,32,0.06497054554768207,0.6472367686328353,52,0.18893681902129855
ap_exp_20to40_fixed,all,interpolated,33,0.06275078972082301,0.6585337222029097,52,0.18142198077561444
ap_exp_20to40_fixed,all,interpolated,34,0.08571672500640314,0.5457106321219959,52,0.26303758474180877
ap_exp_20to40_fixed,all,interpolated,35,0.07026380944249978,0.6206176545275861,52,0.20717587432894619
ap_exp_20to40_fixed,all,interpolated,36,0.07299581661401862,0.6070622043656138,52,0.21676680541798166
ap_exp_20to40_fixed,all,interpolated,37,0.072056689148809,0.6117074326351448,52,0.21345624251540915
ap_exp_20to40_fixed,all,interpolated,38,0.06428754375480235,0.6507045189728875,52,0.18661617719395412
ap_exp_20to40_fixed,all,interpolated,39,0.03064970545547682,0.8292246827319036,52,0.08132777916051775
ap_exp_20to40_fixed,all,interpolated,40,0.024075813199009647,0.8654684355810102,52,0.0627487666135035
ap_exp_20to40_fixed,all,interpolated,41,0.038333475625373516,0.7873094208830657,52,0.10385455179302289
ap_exp_20to40_fixed,all,interpolated,42,0.0013660035857594125,0.992331700048306,52,0.0033431348803866245
ap_exp_20to40_fixed,all,interpolated,43,-0.035174592333304874,0.8044762294570651,52,-0.09448678384356488
ap_exp_20to40_fixed,all,interpolated,44,-0.02962520276615726,0.834851913727837,52,-0.07839055296483206
ap_exp_20to40_fixed,all,interpolated,45,-0.00990352599675574,0.9444475887045236,52,-0.024822137867060286
ap_exp_20to40_fixed,all,interpolated,46,0.027490822163408177,0.846601367687593,52,0.07232103425712452
ap_exp_20to40_fixed,all,interpolated,47,0.0688124306326304,0.6278705190857172,52,0.2021299082443648
ap_exp_20to40_fixed,all,interpolated,48,0.04729787415691967,0.739160566388827,52,0.13126121042505676
ap_exp_20to40_fixed,all,interpolated,49,0.04183385981388201,0.7684034334909465,52,0.11441070322882357
ap_exp_20to40_fixed,all,interpolated,50,0.0,1.0,52,-0.0
ap_exp_20to40_fixed,all,interpolated,51,-0.05335951506872705,0.7071435547208487,52,-0.1504924126607162
ap_exp_20to40_fixed,all,interpolated,52,-0.08400922052420387,0.5537695778524239,52,-0.25667090654228314
ap_exp_20to40_fixed,all,interpolated,53,-0.09587637667548876,0.49895944349233634,52,-0.3019347533411284
ap_exp_20to40_fixed,all,interpolated,54,-0.10646290446512421,0.4525375548445064,52,-0.3443453740610676
ap_exp_20to40_fixed,all,interpolated,55,-0.07991120976692563,0.5733383587920081,52,-0.2415890010922189
ap_exp_20to40_fixed,all,interpolated,56,-0.0353453427815248,0.8035458740974529,52,-0.09498932450277581
ap_exp_20to40_fixed,all,interpolated,57,-0.009476649876205924,0.9468385728166144,52,-0.023724057861483284
ap_exp_20to40_fixed,all,interpolated,58,-0.01246478272005464,0.930112600915639,52,-0.031464471880338685
ap_exp_20to40_fixed,all,interpolated,59,-0.009562025100315888,0.9463603381787694,52,-0.02394346921597172
ap_exp_20to40_fixed,all,interpolated,60,-0.001195253137539486,0.9932902140670998,52,-0.002923843192916518
ap_exp_20to40_fixed,all,interpolated,61,-0.013916161529924016,0.9219988990363218,52,-0.035269597539359474
ap_exp_20to40_fixed,all,interpolated,62,-0.03304021173055579,0.8161279345567598,52,-0.0882417567890532
ap_exp_20to40_fixed,all,interpolated,63,-0.031332707248356524,0.8254778914985863,52,-0.08329455381093222
ap_exp_20to40_fixed,all,interpolated,64,-0.046358746691710064,0.7441620153633997,52,-0.12833250166074314
ap_exp_20to40_fixed,all,interpolated,65,0.0031588832920686413,0.9822682071639204,52,0.007769912429582256
ap_exp_20to40_fixed,all,interpolated,66,0.02902757619738752,0.8381382746097132,52,0.07668432630279771
ap_exp_20to40_fixed,all,interpolated,67,0.03730897293605396,0.7928664885749144,52,0.10079993772254359
ap_exp_20to40_fixed,all,interpolated,68,0.0388457269700333,0.7845348011256577,52,0.10538778681048858
ap_exp_20to40_fixed,all,interpolated,69,0.03210108426534619,0.8212673579631988,52,0.08551543826873045
ap_exp_20to40_fixed,all,interpolated,70,0.01664816870144284,0.9067480289700612,52,0.042513379787623394
ap_exp_20to40_fixed,all,interpolated,71,0.009135148979766071,0.9487516954460273,52,0.022847434999286816
ap_exp_20to40_fixed,all,interpolated,72,0.009135148979766071,0.9487516954460273,52,0.022847434999286816
Amp_Mean,good,interpolated,12,0.11172161172161171,0.5790350711765903,27,0.23729513099243757
Amp_Mean,good,interpolated,13,0.1172161172161172,0.5603878927573667,27,0.2515112562653981
Amp_Mean,good,interpolated,14,0.11843711843711843,0.556281499934205,27,0.2547053830037848
Amp_Mean,good,interpolated,15,0.10012210012210011,0.6192709894236109,27,0.20811926461879884
Amp_Mean,good,interpolated,16,0.08058608058608058,0.6894700135854597,27,0.1614846174033735
Amp_Mean,good,interpolated,17,0.08547008547008547,0.6716549658583326,27,0.17285376996078122
Amp_Mean,good,interpolated,18,0.0873015873015873,0.6650180851088354,27,0.1771665439357332
Amp_Mean,good,interpolated,19,0.09218559218559218,0.6474409189284991,27,0.18879985621044246
Amp_Mean,good,interpolated,20,0.08608058608058607,0.6694399713006685,27,0.17428836010334686
Amp_Mean,good,interpolated,21,0.07326007326007326,0.7164956295371385,27,0.14478645435762483
Amp_Mean,good,interpolated,22,0.10866910866910866,0.5895112601110184,27,0.2295078951365302
Amp_Mean,good,interpolated,23,0.10378510378510379,0.6064413278962114,27,0.21721120997217536
Amp_Mean,good,interpolated,24,0.1111111111111111,0.5811237318667098,27,0.23573138852903916
Amp_Mean,good,interpolated,25,0.11477411477411475,0.5686417622422089,27,0.24516124797777297
Amp_Mean,good,interpolated,26,0.1221001221001221,0.5440456923915593,27,0.2643646239779495
Amp_Mean,good,interpolated,27,0.14346764346764346,0.4752822632600837,27,0.3230483925472397
Amp_Mean,good,interpolated,28,0.15934065934065933,0.42726988049484715,27,0.36929772079367257
Amp_Mean,good,interpolated,29,0.20695970695970692,0.3003066832164705,27,0.5224350026270682
Amp_Mean,good,interpolated,30,0.27777777777777773,0.16065751401715717,27,0.7940989575082039
Amp_Mean,good,interpolated,31,0.2863247863247863,0.14764396414532255,27,0.8307843027927796
Amp_Mean,good,interpolated,32,0.28327228327228327,0.1522017866712559,27,0.8175802494254127
Amp_Mean,good,interpolated,33,0.3162393162393162,0.10804879186592134,27,0.9663800847631286
Amp_Mean,good,interpolated,34,0.3235653235653235,0.09968754979440658,27,1.0013590783305055
Amp_Mean,good,interpolated,35,0.30219780219780223,0.12551305442699884,27,0.9013111015075373
Amp_Mean,good,interpolated,36,0.2667887667887668,0.1785571784154984,27,0.7482226854679923
Amp_Mean,good,interpolated,37,0.24114774114774112,0.2256157517624116,27,0.6466305825934596
Amp_Mean,good,interpolated,38,0.23931623931623933,0.22926741975528095,27,0.6396576566778707
Amp_Mean,good,interpolated,39,0.22405372405372403,0.26123149134747714,27,0.5829744702221759
Amp_Mean,good,interpolated,40,0.26190476190476186,0.18694314385930166,27,0.7282904579699019
Amp_Mean,good,interpolated,41,0.21001221001221002,0.29307437592659935,27,0.5330221511287988
Amp_Mean,good,interpolated,42,0.16361416361416362,0.41481347756533815,27,0.38214714153765644
Amp_Mean,good,interpolated,43,0.14041514041514042,0.484822759456197,27,0.3144170008998765
Amp_Mean,good,interpolated,44,0.1758241758241758,0.3803557694636974,27,0.41980999172066524
Amp_Mean,good,interpolated,45,0.16666666666666663,0.40604089740418425,27,0.39143022104733727
Amp_Mean,good,interpolated,46,0.15445665445665446,0.4417527030638726,27,0.3548207843856975
Amp_Mean,good,interpolated,47,0.10256410256410256,0.6107054894969162,27,0.21416817620930192
Amp_Mean,good,interpolated,48,0.10073260073260072,0.617125003486356,27,0.2096268573189303
Amp_Mean,good,interpolated,49,0.05128205128205128,0.7994744542691842,27,0.09719540877475422
Amp_Mean,good,interpolated,50,0.04456654456654456,0.8253056892113714,27,0.08338516108889855
Amp_Mean,good,interpolated,51,0.05067155067155067,0.8018146854204942,27,0.0959259938092696
Amp_Mean,good,interpolated,52,0.04212454212454213,0.8347445487300413,27,0.07844640840919234
Amp_Mean,good,interpolated,53,0.014041514041514042,0.9445815905072581,27,0.02476052289125078
Amp_Mean,good,interpolated,54,0.07448107448107448,0.7119671176176191,27,0.14754006390105404
Amp_Mean,good,interpolated,55,0.051892551892551896,0.7971359120987014,27,0.09846762484951835
Amp_Mean,good,interpolated,56,0.06105006105006105,0.7622732628344434,27,0.11788931308724994
Amp_Mean,good,interpolated,57,0.09462759462759461,0.6387203234110184,27,0.19468926482708668
Amp_Mean,good,interpolated,58,0.09523809523809523,0.6365474242754927,27,0.19616923484786425
Amp_Mean,good,interpolated,59,0.0811965811965812,0.6872340406111993,27,0.16289533683184787
Amp_Mean,good,interpolated,60,0.05433455433455433,0.7877990121081514,27,0.1035845681273436
Amp_Mean,good,interpolated,61,0.07631257631257632,0.7051922330874235,27,0.15169247961980714
Amp_Mean,good,interpolated,62,0.05067155067155067,0.8018146854204942,27,0.0959259938092696
Amp_Mean,good,interpolated,63,0.06593406593406594,0.7438587186454495,27,0.12850954232932893
Amp_Mean,good,interpolated,64,0.09401709401709402,0.6408961377481243,27,0.19321234561008438
Amp_Mean,good,interpolated,65,0.06532356532356533,0.746153261897503,27,0.1271719581037123
Amp_Mean,good,interpolated,66,0.07448107448107448,0.7119671176176191,27,0.14754006390105404
Amp_Mean,good,interpolated,67,0.06715506715506715,0.7392760478618904,27,0.13119336447734137
Amp_Mean,good,interpolated,68,0.06715506715506715,0.7392760478618904,27,0.13119336447734137
Amp_Mean,good,interpolated,69,0.06166056166056166,0.7599642969336047,27,0.11920681036255579
Amp_Mean,good,interpolated,70,0.0873015873015873,0.6650180851088354,27,0.1771665439357332
Amp_Mean,good,interpolated,71,0.06166056166056166,0.7599642969336047,27,0.11920681036255579
Amp_Mean,good,interpolated,72,0.017094017094017096,0.9325586703860712,27,0.0303238357408491
BCI,good,interpolated,12,0.10744810744810745,0.5937245659320937,27,0.22641498134506974
BCI,good,interpolated,13,0.08241758241758242,0.6827698054176943,27,0.1657256932257786
BCI,good,interpolated,14,0.07997557997557997,0.6917085346639418,27,0.1600768657343767
BCI,good,interpolated,15,0.053113553113553105,0.7924639705563971,27,0.10102047389789841
BCI,good,interpolated,16,0.03968253968253968,0.8442058063425565,27,0.07355166514789772
BCI,good,interpolated,17,0.01465201465201465,0.9421759754891775,27,0.02586797401574726
BCI,good,interpolated,18,0.026251526251526252,0.8965866686575985,27,0.04740772294455756
BCI,good,interpolated,19,0.007936507936507934,0.9686604412448359,27,0.01382843588811735
BCI,good,interpolated,20,0.03907203907203907,0.8465744736641687,27,0.07233483072844789
BCI,good,interpolated,21,0.04456654456654456,0.8253056892113714,27,0.08338516108889855
BCI,good,interpolated,22,0.07203907203907202,0.7210335182048953,27,0.1420445460530001
BCI,good,interpolated,23,0.045177045177045176,0.8229496202070945,27,0.08462675085791907
BCI,good,interpolated,24,0.047619047619047616,0.8135405090890553,27,0.0896208171145467
BCI,good,interpolated,25,0.001221001221001221,0.9951773927666594,27,0.0020994983166498287
BCI,good,interpolated,26,0.0006105006105006105,0.9975886860480585,27,0.0010484849653195694
BCI,good,interpolated,27,0.02503052503052503,0.9013729592497146,27,0.0450954746928043
BCI,good,interpolated,28,0.06043956043956044,0.7645842163210191,27,0.1165746715739069
BCI,good,interpolated,29,0.12087912087912088,0.5481103009803667,27,0.26113203588274764
BCI,good,interpolated,30,0.16971916971916973,0.3973732660210695,27,0.4008013541614721
BCI,good,interpolated,31,0.19291819291819293,0.3349977521210912,27,0.4749581071263829
BCI,good,interpolated,32,0.17704517704517705,0.37700347881308105,27,0.42365464230785693
BCI,good,interpolated,33,0.1568986568986569,0.43447857998641226,27,0.36203162962500623
BCI,good,interpolated,34,0.19108669108669107,0.33969429263636486,27,0.4689117498545983
BCI,good,interpolated,35,0.19108669108669107,0.33969429263636486,27,0.4689117498545983
BCI,good,interpolated,36,0.16727716727716724,0.40429895070397426,27,0.39329738580969753
BCI,good,interpolated,37,0.1336996336996337,0.5061495286648466,27,0.2957211632377733
BCI,good,interpolated,38,0.08608058608058607,0.6694399713006685,27,0.17428836010334686
BCI,good,interpolated,39,0.06043956043956044,0.7645842163210191,27,0.1165746715739069
BCI,good,interpolated,40,0.05433455433455433,0.7877990121081514,27,0.1035845681273436
BCI,good,interpolated,41,0.03601953601953601,0.8584369437623969,27,0.06629160030713428
BCI,good,interpolated,42,0.022588522588522588,0.9109554813452002,27,0.04050284660389275
BCI,good,interpolated,43,0.031135531135531136,0.8774784176509959,27,0.056763556583332375
BCI,good,interpolated,44,0.045787545787545784,0.8205950483648298,27,0.0858711079812424
BCI,good,interpolated,45,0.03968253968253968,0.8442058063425565,27,0.07355166514789772
BCI,good,interpolated,46,-0.007936507936507934,0.9686604412448359,27,-0.01382843588811735
BCI,good,interpolated,47,-0.04395604395604395,0.8276632359973477,27,-0.08214633531472638
BCI,good,interpolated,48,-0.09035409035409035,0.6540113832703276,27,-0.18441469258021928
BCI,good,interpolated,49,-0.16727716727716724,0.40429895070397426,27,-0.39329738580969753
BCI,good,interpolated,50,-0.05433455433455433,0.7877990121081514,27,-0.1035845681273436
BCI,good,interpolated,51,-0.031135531135531136,0.8774784176509959,27,-0.056763556583332375
BCI,good,interpolated,52,-0.03601953601953601,0.8584369437623969,27,-0.06629160030713428
BCI,good,interpolated,53,0.007936507936507934,0.9686604412448359,27,0.01382843588811735
BCI,good,interpolated,54,0.031135531135531136,0.8774784176509959,27,0.056763556583332375
BCI,good,interpolated,55,0.0036630036630036626,0.9855328397301535,27,0.0063288996686876025
BCI,good,interpolated,56,-0.03907203907203907,0.8465744736641687,27,-0.07233483072844789
BCI,good,interpolated,57,-0.0036630036630036626,0.9855328397301535,27,-0.0063288996686876025
BCI,good,interpolated,58,0.023809523809523808,0.9061626175694906,27,0.042793857979125174
BCI,good,interpolated,59,0.03418803418803419,0.8655690206453507,27,0.06269829567967475
BCI,good,interpolated,60,0.007326007326007325,0.9710701433802329,27,0.012749398534078683
BCI,good,interpolated,61,0.009157509157509158,0.9638418632217349,27,0.015994214607382342
BCI,good,interpolated,62,-0.020757020757020756,0.9181504315343121,27,-0.03708615732496965
BCI,good,interpolated,63,-0.0293040293040293,0.8846367380087063,27,-0.05323502881091721
BCI,good,interpolated,64,0.0,1.0,27,-0.0
BCI,good,interpolated,65,0.03479853479853479,0.8631904917285698,27,0.0638933521673117
BCI,good,interpolated,66,0.053113553113553105,0.7924639705563971,27,0.10102047389789841
BCI,good,interpolated,67,0.07020757020757021,0.7278576283249971,27,0.13795356200516207
BCI,good,interpolated,68,0.045787545787545784,0.8205950483648298,27,0.0858711079812424
BCI,good,interpolated,69,0.027472527472527472,0.8918039077496238,27,0.04973062896961403
BCI,good,interpolated,70,0.0463980463980464,0.81824199303012,27,0.0871182358211798
BCI,good,interpolated,71,0.04884004884004883,0.808845322436204,27,0.09213452169440718
BCI,good,interpolated,72,0.040903540903540904,0.8394724559633964,27,0.07599354898317025
PowerAbs_Alpha,good,interpolated,12,0.1752136752136752,0.38203833879079985,27,0.4178930520364533
PowerAbs_Alpha,good,interpolated,13,0.13125763125763126,0.5140178132268474,27,0.28902183031975376
PowerAbs_Alpha,good,interpolated,14,0.11538461538461539,0.5665731912388556,27,0.24674397900810371
PowerAbs_Alpha,good,interpolated,15,0.10134310134310134,0.6149820818378641,27,0.21113753767548624
PowerAbs_Alpha,good,interpolated,16,0.09096459096459096,0.6518184006867955,27,0.1858733836623123
PowerAbs_Alpha,good,interpolated,17,0.08852258852258853,0.6606071097779793,27,0.18005675652906108
PowerAbs_Alpha,good,interpolated,18,0.06898656898656899,0.7324183489147094,27,0.1352407840691577
PowerAbs_Alpha,good,interpolated,19,0.05555555555555555,0.7831411874225991,27,0.1061599347606992
PowerAbs_Alpha,good,interpolated,20,0.06227106227106227,0.7576573369099378,27,0.12052716684354157
PowerAbs_Alpha,good,interpolated,21,0.09035409035409035,0.6540113832703276,27,0.18441469258021928
PowerAbs_Alpha,good,interpolated,22,0.09645909645909646,0.6322104323699518,27,0.19913834196160618
PowerAbs_Alpha,good,interpolated,23,0.08547008547008547,0.6716549658583326,27,0.17285376996078122
PowerAbs_Alpha,good,interpolated,24,0.07631257631257632,0.7051922330874235,27,0.15169247961980714
PowerAbs_Alpha,good,interpolated,25,0.0873015873015873,0.6650180851088354,27,0.1771665439357332
PowerAbs_Alpha,good,interpolated,26,0.12576312576312576,0.5319369899908163,27,0.27413980853196057
PowerAbs_Alpha,good,interpolated,27,0.11294261294261294,0.57486770910313,27,0.24043208542635644
PowerAbs_Alpha,good,interpolated,28,0.12087912087912088,0.5481103009803667,27,0.26113203588274764
PowerAbs_Alpha,good,interpolated,29,0.14163614163614163,0.48099492226748497,27,0.3178595083306419
PowerAbs_Alpha,good,interpolated,30,0.17765567765567764,0.37533376713760525,27,0.42558236225399937
PowerAbs_Alpha,good,interpolated,31,0.15873015873015872,0.42906589595097366,27,0.36747600373560324
PowerAbs_Alpha,good,interpolated,32,0.14774114774114774,0.4620898129151345,27,0.33527360569360964
PowerAbs_Alpha,good,interpolated,33,0.15567765567765565,0.43810749365398316,27,0.3584193183243561
PowerAbs_Alpha,good,interpolated,34,0.13858363858363856,0.4905934198875592,27,0.30927828109026867
PowerAbs_Alpha,good,interpolated,35,0.10927960927960927,0.5874094722042709,27,0.23105905459074935
PowerAbs_Alpha,good,interpolated,36,0.10927960927960927,0.5874094722042709,27,0.23105905459074935
PowerAbs_Alpha,good,interpolated,37,0.09035409035409035,0.6540113832703276,27,0.18441469258021928
PowerAbs_Alpha,good,interpolated,38,0.05128205128205128,0.7994744542691842,27,0.09719540877475422
PowerAbs_Alpha,good,interpolated,39,0.03907203907203907,0.8465744736641687,27,0.07233483072844789
PowerAbs_Alpha,good,interpolated,40,0.06227106227106227,0.7576573369099378,27,0.12052716684354157
PowerAbs_Alpha,good,interpolated,41,0.06471306471306472,0.7484499197925274,27,0.12583725381844899
PowerAbs_Alpha,good,interpolated,42,0.026862026862026864,0.8941948368835395,27,0.04856784209431423
PowerAbs_Alpha,good,interpolated,43,-0.006715506715506716,0.97348009342336,27,-0.011672924888460334
PowerAbs_Alpha,good,interpolated,44,0.014041514041514042,0.9445815905072581,27,0.02476052289125078
PowerAbs_Alpha,good,interpolated,45,0.008547008547008548,0.9662510076498705,27,0.014910040171626171
PowerAbs_Alpha,good,interpolated,46,0.009768009768009768,0.9614330285800401,27,0.017080962419907572
PowerAbs_Alpha,good,interpolated,47,-0.003052503052503052,0.9879438436409471,27,-0.005267740726122569
PowerAbs_Alpha,good,interpolated,48,-0.05372405372405373,0.7901306090134299,27,-0.10230111366473751
PowerAbs_Alpha,good,interpolated,49,-0.12332112332112331,0.5399952074079586,27,-0.2676100946316871
PowerAbs_Alpha,good,interpolated,50,-0.06227106227106227,0.7576573369099378,27,-0.12052716684354157
PowerAbs_Alpha,good,interpolated,51,-0.08058608058608058,0.6894700135854597,27,-0.1614846174033735
PowerAbs_Alpha,good,interpolated,52,-0.09340659340659341,0.6430748520151477,27,-0.1917384735374302
PowerAbs_Alpha,good,interpolated,53,-0.08669108669108669,0.6672276723540678,27,-0.1757259502278485
PowerAbs_Alpha,good,interpolated,54,-0.06043956043956044,0.7645842163210191,27,-0.1165746715739069
PowerAbs_Alpha,good,interpolated,55,-0.038461538461538464,0.8489444428529815,27,-0.07112073019405468
PowerAbs_Alpha,good,interpolated,56,-0.026251526251526252,0.8965866686575985,27,-0.04740772294455756
PowerAbs_Alpha,good,interpolated,57,-0.05982905982905983,0.766897139056162,27,-0.11526288238219959
PowerAbs_Alpha,good,interpolated,58,-0.027472527472527472,0.8918039077496238,27,-0.04973062896961403
PowerAbs_Alpha,good,interpolated,59,-0.03601953601953601,0.8584369437623969,27,-0.06629160030713428
PowerAbs_Alpha,good,interpolated,60,-0.009768009768009768,0.9614330285800401,27,-0.017080962419907572
PowerAbs_Alpha,good,interpolated,61,-0.014041514041514042,0.9445815905072581,27,-0.02476052289125078
PowerAbs_Alpha,good,interpolated,62,-0.05128205128205128,0.7994744542691842,27,-0.09719540877475422
PowerAbs_Alpha,good,interpolated,63,-0.03785103785103785,0.8513156942053681,27,-0.0699093602127475
PowerAbs_Alpha,good,interpolated,64,-0.019536019536019536,0.9229505970785762,27,-0.03482154490082438
PowerAbs_Alpha,good,interpolated,65,-0.03785103785103785,0.8513156942053681,27,-0.0699093602127475
PowerAbs_Alpha,good,interpolated,66,-0.056776556776556776,0.7784906465089783,27,-0.10874660107137853
PowerAbs_Alpha,good,interpolated,67,-0.03907203907203907,0.8465744736641687,27,-0.07233483072844789
PowerAbs_Alpha,good,interpolated,68,-0.04029304029304029,0.8418384605614527,27,-0.07477123678703504
PowerAbs_Alpha,good,interpolated,69,-0.03663003663003663,0.8560619644374672,27,-0.06749479859469444
PowerAbs_Alpha,good,interpolated,70,-0.022588522588522588,0.9109554813452002,27,-0.04050284660389275
PowerAbs_Alpha,good,interpolated,71,-0.045177045177045176,0.8229496202070945,27,-0.08462675085791907
PowerAbs_Alpha,good,interpolated,72,-0.05982905982905983,0.766897139056162,27,-0.11526288238219959
PowerAbs_Beta,good,interpolated,12,0.1746031746031746,0.38372518421581236,27,0.4159796967437318
PowerAbs_Beta,good,interpolated,13,0.1807081807081807,0.3670497307786139,27,0.4352750901360666
PowerAbs_Beta,good,interpolated,14,0.1758241758241758,0.3803557694636974,27,0.41980999172066524
PowerAbs_Beta,good,interpolated,15,0.1758241758241758,0.3803557694636974,27,0.41980999172066524
PowerAbs_Beta,good,interpolated,16,0.1855921855921856,0.3540199943338652,27,0.4509722092068361
PowerAbs_Beta,good,interpolated,17,0.18803418803418803,0.3476093793598718,27,0.45890851372716757
PowerAbs_Beta,good,interpolated,18,0.1855921855921856,0.3540199943338652,27,0.4509722092068361
PowerAbs_Beta,good,interpolated,19,0.21428571428571427,0.28313512740505625,27,0.5480062461707911
PowerAbs_Beta,good,interpolated,20,0.1978021978021978,0.32266681370880823,27,0.49124569949935926
PowerAbs_Beta,good,interpolated,21,0.16971916971916973,0.3973732660210695,27,0.4008013541614721
PowerAbs_Beta,good,interpolated,22,0.16727716727716724,0.40429895070397426,27,0.39329738580969753
PowerAbs_Beta,good,interpolated,23,0.1813186813186813,0.36540585907582124,27,0.4372244932618122
PowerAbs_Beta,good,interpolated,24,0.18437118437118435,0.35725140967503244,27,0.4470260488550328
PowerAbs_Beta,good,interpolated,25,0.12515262515262515,0.5339461707880506,27,0.27250252369817696
PowerAbs_Beta,good,interpolated,26,0.15934065934065933,0.42726988049484715,27,0.36929772079367257
PowerAbs_Beta,good,interpolated,27,0.19230769230769232,0.3365588830034806,27,0.4729389423573237
PowerAbs_Beta,good,interpolated,28,0.19108669108669107,0.33969429263636486,27,0.4689117498545983
PowerAbs_Beta,good,interpolated,29,0.2258852258852259,0.2572505785364707,27,0.5896436398700415
PowerAbs_Beta,good,interpolated,30,0.23748473748473747,0.23295834627530765,27,0.6327217253257521
PowerAbs_Beta,good,interpolated,31,0.21794871794871792,0.2747884952659347,27,0.5610014540983438
PowerAbs_Beta,good,interpolated,32,0.21672771672771673,0.27755299352955826,27,0.5566540842522877
PowerAbs_Beta,good,interpolated,33,0.2289377289377289,0.25070396134185446,27,0.6008388037549209
PowerAbs_Beta,good,interpolated,34,0.2148962148962149,0.28173295091127526,27,0.5501623558468487
PowerAbs_Beta,good,interpolated,35,0.18864468864468864,0.34601762398908975,27,0.46090178037981344
PowerAbs_Beta,good,interpolated,36,0.12637362637362637,0.5299314109997199,27,0.2757803374784113
PowerAbs_Beta,good,interpolated,37,0.07020757020757021,0.7278576283249971,27,0.13795356200516207
PowerAbs_Beta,good,interpolated,38,0.03296703296703297,0.8703294888309193,27,0.06031630129948138
PowerAbs_Beta,good,interpolated,39,0.02564102564102564,0.8989793828578538,27,0.04625026823756117
PowerAbs_Beta,good,interpolated,40,0.05006105006105006,0.8041565865396063,27,0.09465937656413899
PowerAbs_Beta,good,interpolated,41,0.057997557997558,0.7738475387037594,27,0.11134459438402397
PowerAbs_Beta,good,interpolated,42,0.028083028083028084,0.8894139014486862,27,0.05089608685551992
PowerAbs_Beta,good,interpolated,43,0.023809523809523808,0.9061626175694906,27,0.042793857979125174
PowerAbs_Beta,good,interpolated,44,0.05006105006105006,0.8041565865396063,27,0.09465937656413899
PowerAbs_Beta,good,interpolated,45,0.07814407814407814,0.6984392194097958,27,0.1558713817093756
PowerAbs_Beta,good,interpolated,46,0.07753357753357752,0.7006877655047206,27,0.15447546552365882
PowerAbs_Beta,good,interpolated,47,0.07081807081807082,0.7255806446249797,27,0.1393143109048004
PowerAbs_Beta,good,interpolated,48,0.020757020757020756,0.9181504315343121,27,0.03708615732496965
PowerAbs_Beta,good,interpolated,49,-0.03968253968253968,0.8442058063425565,27,-0.07355166514789772
PowerAbs_Beta,good,interpolated,50,0.004884004884004884,0.9807112245877196,27,0.008458854017179336
PowerAbs_Beta,good,interpolated,51,-0.03663003663003663,0.8560619644374672,27,-0.06749479859469444
PowerAbs_Beta,good,interpolated,52,-0.0018315018315018313,0.9927661408258597,27,-0.0031530432571601295
PowerAbs_Beta,good,interpolated,53,-0.013431013431013432,0.9469876799663607,27,-0.02365567100457308
PowerAbs_Beta,good,interpolated,54,-0.0036630036630036626,0.9855328397301535,27,-0.0063288996686876025
PowerAbs_Beta,good,interpolated,55,0.022588522588522588,0.9109554813452002,27,0.04050284660389275
PowerAbs_Beta,good,interpolated,56,-0.013431013431013432,0.9469876799663607,27,-0.02365567100457308
PowerAbs_Beta,good,interpolated,57,-0.03479853479853479,0.8631904917285698,27,-0.0638933521673117
PowerAbs_Beta,good,interpolated,58,-0.023809523809523808,0.9061626175694906,27,-0.042793857979125174
PowerAbs_Beta,good,interpolated,59,0.002442002442002442,0.9903549508947455,27,0.004209122991561393
PowerAbs_Beta,good,interpolated,60,0.04029304029304029,0.8418384605614527,27,0.07477123678703504
PowerAbs_Beta,good,interpolated,61,0.06166056166056166,0.7599642969336047,27,0.11920681036255579
PowerAbs_Beta,good,interpolated,62,0.05128205128205128,0.7994744542691842,27,0.09719540877475422
PowerAbs_Beta,good,interpolated,63,0.04395604395604395,0.8276632359973477,27,0.08214633531472638
PowerAbs_Beta,good,interpolated,64,0.06227106227106227,0.7576573369099378,27,0.12052716684354157
PowerAbs_Beta,good,interpolated,65,0.07264957264957266,0.7187634104448266,27,0.1434140393070354
PowerAbs_Beta,good,interpolated,66,0.03724053724053724,0.8536882079878334,27,0.06870071745519685
PowerAbs_Beta,good,interpolated,67,0.027472527472527472,0.8918039077496238,27,0.04973062896961403
PowerAbs_Beta,good,interpolated,68,-0.0115995115995116,0.9542085894577506,27,-0.020356678389842776
PowerAbs_Beta,good,interpolated,69,-0.03296703296703297,0.8703294888309193,27,-0.06031630129948138
PowerAbs_Beta,good,interpolated,70,-0.02564102564102564,0.8989793828578538,27,-0.04625026823756117
PowerAbs_Beta,good,interpolated,71,-0.047619047619047616,0.8135405090890553,27,-0.0896208171145467
PowerAbs_Beta,good,interpolated,72,-0.059218559218559216,0.7692120126573712,27,-0.1139539420751694
PowerAbs_Delta,good,interpolated,12,0.1398046398046398,0.4867424687076134,27,0.3127007595285866
PowerAbs_Delta,good,interpolated,13,0.13797313797313798,0.4925246421198286,27,0.307572035889337
PowerAbs_Delta,good,interpolated,14,0.13553113553113552,0.5002876084628768,27,0.3007802539481759
PowerAbs_Delta,good,interpolated,15,0.10195360195360195,0.6128422390176327,27,0.21265130940010116
PowerAbs_Delta,good,interpolated,16,0.0995115995115995,0.6214200250421619,27,0.20661475586832442
PowerAbs_Delta,good,interpolated,17,0.09768009768009767,0.6278852828971597,27,0.2021196963196713
PowerAbs_Delta,good,interpolated,18,0.10622710622710621,0.5979507533864252,27,0.22333458258889927
PowerAbs_Delta,good,interpolated,19,0.09645909645909646,0.6322104323699518,27,0.19913834196160618
PowerAbs_Delta,good,interpolated,20,0.09829059829059829,0.625727186555085,27,0.20361497541346898
PowerAbs_Delta,good,interpolated,21,0.08424908424908426,0.6760929771422003,27,0.1699935752371262
PowerAbs_Delta,good,interpolated,22,0.0811965811965812,0.6872340406111993,27,0.16289533683184787
PowerAbs_Delta,good,interpolated,23,0.07997557997557997,0.6917085346639418,27,0.1600768657343767
PowerAbs_Delta,good,interpolated,24,0.12942612942612944,0.5199579445067868,27,0.28403178176376653
PowerAbs_Delta,good,interpolated,25,0.11904761904761904,0.5542334831984879,27,0.25630724050059833
PowerAbs_Delta,good,interpolated,26,0.10683760683760683,0.5958360563688367,27,0.2248732194690491
PowerAbs_Delta,good,interpolated,27,0.12393162393162394,0.5379752912344229,27,0.26923767066627124
PowerAbs_Delta,good,interpolated,28,0.18681318681318682,0.3508059748767256,27,0.4549330184020796
PowerAbs_Delta,good,interpolated,29,0.23565323565323562,0.236688611459884,27,0.6258226381381674
PowerAbs_Delta,good,interpolated,30,0.27289377289377287,0.1684487761343272,27,0.7735321400407663
PowerAbs_Delta,good,interpolated,31,0.3327228327228327,0.08992864591140742,27,1.0461019458685503
PowerAbs_Delta,good,interpolated,32,0.32722832722832723,0.09569316920762391,27,1.0191190620278987
PowerAbs_Delta,good,interpolated,33,0.3412698412698412,0.08148808987305818,27,1.088905862185081
PowerAbs_Delta,good,interpolated,34,0.33760683760683763,0.08502832089592248,27,1.0704363971063924
PowerAbs_Delta,good,interpolated,35,0.3235653235653235,0.09968754979440658,27,1.0013590783305055
PowerAbs_Delta,good,interpolated,36,0.2991452991452991,0.12956805244953784,27,0.8875020691079308
PowerAbs_Delta,good,interpolated,37,0.2673992673992674,0.17752771429390315,27,0.7507338385223223
PowerAbs_Delta,good,interpolated,38,0.24114774114774112,0.2256157517624116,27,0.6466305825934596
PowerAbs_Delta,good,interpolated,39,0.2026862026862027,0.31061773722651975,27,0.5077737483509889
PowerAbs_Delta,good,interpolated,40,0.21306471306471303,0.2859527675923471,27,0.5437056957801242
PowerAbs_Delta,good,interpolated,41,0.1916971916971917,0.338124397419868,27,0.47092349151596363
PowerAbs_Delta,good,interpolated,42,0.1623931623931624,0.41835171898812185,27,0.3784584421783956
PowerAbs_Delta,good,interpolated,43,0.14102564102564102,0.48290690742722064,27,0.3161365824727718
PowerAbs_Delta,good,interpolated,44,0.13675213675213677,0.4963985300260745,27,0.3041695132379928
PowerAbs_Delta,good,interpolated,45,0.15018315018315015,0.45463836072603103,27,0.3423339228812447
PowerAbs_Delta,good,interpolated,46,0.14590964590964592,0.46772009183856045,27,0.3300139737151885
PowerAbs_Delta,good,interpolated,47,0.14468864468864467,0.47149333148811245,27,0.32652444527743857
PowerAbs_Delta,good,interpolated,48,0.06959706959706959,0.7301368689581458,27,0.13659572089108576
PowerAbs_Delta,good,interpolated,49,0.006105006105006104,0.975890270735696,27,0.010599011731922655
PowerAbs_Delta,good,interpolated,50,0.0463980463980464,0.81824199303012,27,0.0871182358211798
PowerAbs_Delta,good,interpolated,51,0.0018315018315018313,0.9927661408258597,27,0.0031530432571601295
PowerAbs_Delta,good,interpolated,52,-0.021367521367521368,0.9157513880049669,27,-0.03822241440249348
PowerAbs_Delta,good,interpolated,53,-0.015262515262515262,0.9397708554489195,27,-0.02697802761906471
PowerAbs_Delta,good,interpolated,54,-0.004273504273504274,0.9831219598256273,27,-0.007392603028691885
PowerAbs_Delta,good,interpolated,55,-0.026251526251526252,0.8965866686575985,27,-0.04740772294455756
PowerAbs_Delta,good,interpolated,56,-0.027472527472527472,0.8918039077496238,27,-0.04973062896961403
PowerAbs_Delta,good,interpolated,57,-0.004884004884004884,0.9807112245877196,27,-0.008458854017179336
PowerAbs_Delta,good,interpolated,58,0.008547008547008548,0.9662510076498705,27,0.014910040171626171
PowerAbs_Delta,good,interpolated,59,-0.03785103785103785,0.8513156942053681,27,-0.0699093602127475
PowerAbs_Delta,good,interpolated,60,-0.03907203907203907,0.8465744736641687,27,-0.07233483072844789
PowerAbs_Delta,good,interpolated,61,-0.017704517704517704,0.9301557353857285,27,-0.03144433170810922
PowerAbs_Delta,good,interpolated,62,-0.026251526251526252,0.8965866686575985,27,-0.04740772294455756
PowerAbs_Delta,good,interpolated,63,-0.024420024420024417,0.9037673775784161,27,-0.04394333903200972
PowerAbs_Delta,good,interpolated,64,0.01282051282051282,0.9493942233185557,27,0.022553415116613275
PowerAbs_Delta,good,interpolated,65,-0.005494505494505494,0.9783006546733848,27,-0.009527655846819175
PowerAbs_Delta,good,interpolated,66,-0.0006105006105006105,0.9975886860480585,27,-0.0010484849653195694
PowerAbs_Delta,good,interpolated,67,0.021978021978021976,0.9133530644866298,27,0.03936130974040057
PowerAbs_Delta,good,interpolated,68,-0.007326007326007325,0.9710701433802329,27,-0.012749398534078683
PowerAbs_Delta,good,interpolated,69,-0.017704517704517704,0.9301557353857285,27,-0.03144433170810922
PowerAbs_Delta,good,interpolated,70,0.01282051282051282,0.9493942233185557,27,0.022553415116613275
PowerAbs_Delta,good,interpolated,71,0.010378510378510378,0.9590245243371265,27,0.01817028683548512
PowerAbs_Delta,good,interpolated,72,-0.040903540903540904,0.8394724559633964,27,-0.07599354898317025
PowerAbs_Gamma,good,interpolated,12,0.09829059829059829,0.625727186555085,27,0.20361497541346898
PowerAbs_Gamma,good,interpolated,13,0.10744810744810745,0.5937245659320937,27,0.22641498134506974
PowerAbs_Gamma,good,interpolated,14,0.10683760683760683,0.5958360563688367,27,0.2248732194690491
PowerAbs_Gamma,good,interpolated,15,0.10012210012210011,0.6192709894236109,27,0.20811926461879884
PowerAbs_Gamma,good,interpolated,16,0.0995115995115995,0.6214200250421619,27,0.20661475586832442
PowerAbs_Gamma,good,interpolated,17,0.09829059829059829,0.625727186555085,27,0.20361497541346898
PowerAbs_Gamma,good,interpolated,18,0.1343101343101343,0.5041917954419018,27,0.2974042257426743
PowerAbs_Gamma,good,interpolated,19,0.14713064713064714,0.46396261662135463,27,0.3335170109302901
PowerAbs_Gamma,good,interpolated,20,0.16544566544566544,0.40953737896360365,27,0.38770645352069244
PowerAbs_Gamma,good,interpolated,21,0.15323565323565325,0.4454141464093164,27,0.3512359938355653
PowerAbs_Gamma,good,interpolated,22,0.16910866910866912,0.3990983599871205,27,0.39892005685643583
PowerAbs_Gamma,good,interpolated,23,0.19291819291819293,0.3349977521210912,27,0.4749581071263829
PowerAbs_Gamma,good,interpolated,24,0.17032967032967034,0.3956523998897068,27,0.40268619564936
PowerAbs_Gamma,good,interpolated,25,0.16178266178266176,0.4201270725827446,27,0.3766193320433729
PowerAbs_Gamma,good,interpolated,26,0.18192918192918192,0.36376630923288655,27,0.43917752625053613
PowerAbs_Gamma,good,interpolated,27,0.17155067155067155,0.3922233738256907,27,0.4064665289215654
PowerAbs_Gamma,good,interpolated,28,0.21550671550671552,0.28033520327893063,27,0.5523223619978056
PowerAbs_Gamma,good,interpolated,29,0.2442002442002442,0.21961664482521304,27,0.6583347476381555
PowerAbs_Gamma,good,interpolated,30,0.2991452991452991,0.12956805244953784,27,0.8875020691079308
PowerAbs_Gamma,good,interpolated,31,0.2869352869352869,0.14674427529643375,27,0.8334388321973085
PowerAbs_Gamma,good,interpolated,32,0.3247863247863248,0.09834246941059047,27,1.0072588906367859
PowerAbs_Gamma,good,interpolated,33,0.35531135531135527,0.06894828840447803,27,1.161476510426736
PowerAbs_Gamma,good,interpolated,34,0.31868131868131866,0.10520583172423688,27,0.9779601858908407
PowerAbs_Gamma,good,interpolated,35,0.27289377289377287,0.1684487761343272,27,0.7735321400407663
PowerAbs_Gamma,good,interpolated,36,0.2094017094017094,0.294511983145086,27,0.5308970298822773
PowerAbs_Gamma,good,interpolated,37,0.13919413919413917,0.48866602545404514,27,0.3109878542821235
PowerAbs_Gamma,good,interpolated,38,0.12515262515262515,0.5339461707880506,27,0.27250252369817696
PowerAbs_Gamma,good,interpolated,39,0.1043956043956044,0.6043139444150958,27,0.21873738438358284
PowerAbs_Gamma,good,interpolated,40,0.13736263736263737,0.494459682182252,27,0.305869114622147
PowerAbs_Gamma,good,interpolated,41,0.11294261294261294,0.57486770910313,27,0.24043208542635644
PowerAbs_Gamma,good,interpolated,42,0.10989010989010989,0.585310945833047,27,0.23261335411844802
PowerAbs_Gamma,good,interpolated,43,0.08180708180708181,0.6850006323662665,27,0.16430902758340898
PowerAbs_Gamma,good,interpolated,44,0.14652014652014653,0.46583937920746443,27,0.33176380165443664
PowerAbs_Gamma,good,interpolated,45,0.22283272283272282,0.2639075173547519,27,0.5785482388091698
PowerAbs_Gamma,good,interpolated,46,0.19474969474969472,0.33034068680412343,27,0.4810379326171061
PowerAbs_Gamma,good,interpolated,47,0.12576312576312576,0.5319369899908163,27,0.27413980853196057
PowerAbs_Gamma,good,interpolated,48,0.0641025641025641,0.7507486743218751,27,0.12450542600903826
PowerAbs_Gamma,good,interpolated,49,-0.038461538461538464,0.8489444428529815,27,-0.07112073019405468
PowerAbs_Gamma,good,interpolated,50,0.026862026862026864,0.8941948368835395,27,0.04856784209431423
PowerAbs_Gamma,good,interpolated,51,0.0757020757020757,0.7074481205870736,27,0.15030540282681115
PowerAbs_Gamma,good,interpolated,52,0.07142857142857142,0.7233059354162232,27,0.14067797108712668
PowerAbs_Gamma,good,interpolated,53,0.06532356532356533,0.746153261897503,27,0.1271719581037123
PowerAbs_Gamma,good,interpolated,54,0.06959706959706959,0.7301368689581458,27,0.13659572089108576
PowerAbs_Gamma,good,interpolated,55,0.054945054945054944,0.7854691986538496,27,0.10487084069013711
PowerAbs_Gamma,good,interpolated,56,0.045177045177045176,0.8229496202070945,27,0.08462675085791907
PowerAbs_Gamma,good,interpolated,57,0.02869352869352869,0.8870248381519791,27,0.052064219039394344
PowerAbs_Gamma,good,interpolated,58,0.018315018315018316,0.9277533978634779,27,0.03256744638833435
PowerAbs_Gamma,good,interpolated,59,0.008547008547008548,0.9662510076498705,27,0.014910040171626171
PowerAbs_Gamma,good,interpolated,60,0.07509157509157507,0.7097064211411552,27,0.14892126542976347
PowerAbs_Gamma,good,interpolated,61,0.10866910866910866,0.5895112601110184,27,0.2295078951365302
PowerAbs_Gamma,good,interpolated,62,0.08974358974358974,0.6562071728031647,27,0.18295902678171605
PowerAbs_Gamma,good,interpolated,63,0.06715506715506715,0.7392760478618904,27,0.13119336447734137
PowerAbs_Gamma,good,interpolated,64,0.12515262515262515,0.5339461707880506,27,0.27250252369817696
PowerAbs_Gamma,good,interpolated,65,0.13675213675213677,0.4963985300260745,27,0.3041695132379928
PowerAbs_Gamma,good,interpolated,66,0.13614163614163613,0.498341175522512,27,0.3024732276926156
PowerAbs_Gamma,good,interpolated,67,0.1568986568986569,0.43447857998641226,27,0.36203162962500623
PowerAbs_Gamma,good,interpolated,68,0.11172161172161171,0.5790350711765903,27,0.23729513099243757
PowerAbs_Gamma,good,interpolated,69,0.12087912087912088,0.5481103009803667,27,0.26113203588274764
PowerAbs_Gamma,good,interpolated,70,0.09462759462759461,0.6387203234110184,27,0.19468926482708668
PowerAbs_Gamma,good,interpolated,71,0.07631257631257632,0.7051922330874235,27,0.15169247961980714
PowerAbs_Gamma,good,interpolated,72,0.06166056166056166,0.7599642969336047,27,0.11920681036255579
PowerAbs_Theta,good,interpolated,12,0.163003663003663,0.4165805184187359,27,0.38030104389637176
PowerAbs_Theta,good,interpolated,13,0.13919413919413917,0.48866602545404514,27,0.3109878542821235
PowerAbs_Theta,good,interpolated,14,0.12148962148962149,0.5460762372666603,27,0.2627467215572989
PowerAbs_Theta,good,interpolated,15,0.10744810744810745,0.5937245659320937,27,0.22641498134506974
PowerAbs_Theta,good,interpolated,16,0.0995115995115995,0.6214200250421619,27,0.20661475586832442
PowerAbs_Theta,good,interpolated,17,0.07814407814407814,0.6984392194097958,27,0.1558713817093756
PowerAbs_Theta,good,interpolated,18,0.0927960927960928,0.6452564508756065,27,0.1902676449542988
PowerAbs_Theta,good,interpolated,19,0.0757020757020757,0.7074481205870736,27,0.15030540282681115
PowerAbs_Theta,good,interpolated,20,0.07509157509157507,0.7097064211411552,27,0.14892126542976347
PowerAbs_Theta,good,interpolated,21,0.10256410256410256,0.6107054894969162,27,0.21416817620930192
PowerAbs_Theta,good,interpolated,22,0.1111111111111111,0.5811237318667098,27,0.23573138852903916
PowerAbs_Theta,good,interpolated,23,0.11416361416361415,0.5707137142191469,27,0.2435816912531494
PowerAbs_Theta,good,interpolated,24,0.10805860805860806,0.5916162959213753,27,0.22795987197862774
PowerAbs_Theta,good,interpolated,25,0.09523809523809523,0.6365474242754927,27,0.19616923484786425
PowerAbs_Theta,good,interpolated,26,0.11904761904761904,0.5542334831984879,27,0.25630724050059833
PowerAbs_Theta,good,interpolated,27,0.12087912087912088,0.5481103009803667,27,0.26113203588274764
PowerAbs_Theta,good,interpolated,28,0.15079365079365079,0.45278548108050765,27,0.344107507587702
PowerAbs_Theta,good,interpolated,29,0.1794871794871795,0.3703504228621993,27,0.43138715513925313
PowerAbs_Theta,good,interpolated,30,0.184981684981685,0.3556335293235986,27,0.4489973002503013
PowerAbs_Theta,good,interpolated,31,0.17399267399267399,0.3854163007077701,27,0.41406992134188325
PowerAbs_Theta,good,interpolated,32,0.16117216117216115,0.4219065724288762,27,0.374783709158624
PowerAbs_Theta,good,interpolated,33,0.1916971916971917,0.338124397419868,27,0.47092349151596363
PowerAbs_Theta,good,interpolated,34,0.1978021978021978,0.32266681370880823,27,0.49124569949935926
PowerAbs_Theta,good,interpolated,35,0.184981684981685,0.3556335293235986,27,0.4489973002503013
PowerAbs_Theta,good,interpolated,36,0.17399267399267399,0.3854163007077701,27,0.41406992134188325
PowerAbs_Theta,good,interpolated,37,0.18437118437118435,0.35725140967503244,27,0.4470260488550328
PowerAbs_Theta,good,interpolated,38,0.12148962148962149,0.5460762372666603,27,0.2627467215572989
PowerAbs_Theta,good,interpolated,39,0.10500610500610501,0.6021897114307112,27,0.22026666879509502
PowerAbs_Theta,good,interpolated,40,0.11355311355311355,0.5727890341903643,27,0.24200530500921114
PowerAbs_Theta,good,interpolated,41,0.08974358974358974,0.6562071728031647,27,0.18295902678171605
PowerAbs_Theta,good,interpolated,42,0.05555555555555555,0.7831411874225991,27,0.1061599347606992
PowerAbs_Theta,good,interpolated,43,0.019536019536019536,0.9229505970785762,27,0.03482154490082438
PowerAbs_Theta,good,interpolated,44,0.05128205128205128,0.7994744542691842,27,0.09719540877475422
PowerAbs_Theta,good,interpolated,45,0.002442002442002442,0.9903549508947455,27,0.004209122991561393
PowerAbs_Theta,good,interpolated,46,0.023809523809523808,0.9061626175694906,27,0.042793857979125174
PowerAbs_Theta,good,interpolated,47,-0.0018315018315018313,0.9927661408258597,27,-0.0031530432571601295
PowerAbs_Theta,good,interpolated,48,-0.016483516483516484,0.9349621823905485,27,-0.029205955235781587
PowerAbs_Theta,good,interpolated,49,-0.09523809523809523,0.6365474242754927,27,-0.19616923484786425
PowerAbs_Theta,good,interpolated,50,-0.04945054945054945,0.8065001385748232,27,-0.0933955536534749
PowerAbs_Theta,good,interpolated,51,-0.08180708180708181,0.6850006323662665,27,-0.16430902758340898
PowerAbs_Theta,good,interpolated,52,-0.09157509157509157,0.6496282407086063,27,-0.18733510366016795
PowerAbs_Theta,good,interpolated,53,-0.08424908424908426,0.6760929771422003,27,-0.1699935752371262
PowerAbs_Theta,good,interpolated,54,-0.05738705738705738,0.7761681541609328,27,-0.11004418014264612
PowerAbs_Theta,good,interpolated,55,-0.03907203907203907,0.8465744736641687,27,-0.07233483072844789
PowerAbs_Theta,good,interpolated,56,-0.07875457875457875,0.696193154344846,27,-0.1572702514408072
PowerAbs_Theta,good,interpolated,57,-0.08974358974358974,0.6562071728031647,27,-0.18295902678171605
PowerAbs_Theta,good,interpolated,58,-0.07326007326007326,0.7164956295371385,27,-0.14478645435762483
PowerAbs_Theta,good,interpolated,59,-0.06166056166056166,0.7599642969336047,27,-0.11920681036255579
PowerAbs_Theta,good,interpolated,60,-0.05616605616605617,0.7808149971448438,27,-0.10745185374979167
PowerAbs_Theta,good,interpolated,61,-0.06105006105006105,0.7622732628344434,27,-0.11788931308724994
PowerAbs_Theta,good,interpolated,62,-0.08241758241758242,0.6827698054176943,27,-0.1657256932257786
PowerAbs_Theta,good,interpolated,63,-0.10866910866910866,0.5895112601110184,27,-0.2295078951365302
PowerAbs_Theta,good,interpolated,64,-0.10927960927960927,0.5874094722042709,27,-0.23105905459074935
PowerAbs_Theta,good,interpolated,65,-0.10927960927960927,0.5874094722042709,27,-0.23105905459074935
PowerAbs_Theta,good,interpolated,66,-0.08485958485958486,0.6738726398760038,27,-0.1714221762030003
PowerAbs_Theta,good,interpolated,67,-0.09157509157509157,0.6496282407086063,27,-0.18733510366016795
PowerAbs_Theta,good,interpolated,68,-0.09829059829059829,0.625727186555085,27,-0.20361497541346898
PowerAbs_Theta,good,interpolated,69,-0.08363858363858362,0.6783159613853458,27,-0.16856796347453093
PowerAbs_Theta,good,interpolated,70,-0.06043956043956044,0.7645842163210191,27,-0.1165746715739069
PowerAbs_Theta,good,interpolated,71,-0.07020757020757021,0.7278576283249971,27,-0.13795356200516207
PowerAbs_Theta,good,interpolated,72,-0.12026862026862026,0.5501478713750526,27,-0.25952056306793536
PowerRel_Alpha,good,interpolated,12,-0.0463980463980464,0.81824199303012,27,-0.0871182358211798
PowerRel_Alpha,good,interpolated,13,-0.03235653235653236,0.8727113882137878,27,-0.05912935678664501
PowerRel_Alpha,good,interpolated,14,-0.04151404151404151,0.8371078121597078,27,-0.0772186050763132
PowerRel_Alpha,good,interpolated,15,-0.06471306471306472,0.7484499197925274,27,-0.12583725381844899
PowerRel_Alpha,good,interpolated,16,-0.04822954822954823,0.8111921189959941,27,-0.09087627730706296
PowerRel_Alpha,good,interpolated,17,-0.05616605616605617,0.7808149971448438,27,-0.10745185374979167
PowerRel_Alpha,good,interpolated,18,-0.05067155067155067,0.8018146854204942,27,-0.0959259938092696
PowerRel_Alpha,good,interpolated,19,-0.05433455433455433,0.7877990121081514,27,-0.1035845681273436
PowerRel_Alpha,good,interpolated,20,-0.05555555555555555,0.7831411874225991,27,-0.1061599347606992
PowerRel_Alpha,good,interpolated,21,-0.05372405372405373,0.7901306090134299,27,-0.10230111366473751
PowerRel_Alpha,good,interpolated,22,-0.059218559218559216,0.7692120126573712,27,-0.1139539420751694
PowerRel_Alpha,good,interpolated,23,-0.052503052503052504,0.7947990778829718,27,-0.09974264542554573
PowerRel_Alpha,good,interpolated,24,-0.06959706959706959,0.7301368689581458,27,-0.13659572089108576
PowerRel_Alpha,good,interpolated,25,-0.08241758241758242,0.6827698054176943,27,-0.1657256932257786
PowerRel_Alpha,good,interpolated,26,-0.07387057387057387,0.714230192829872,27,-0.14616179471696006
PowerRel_Alpha,good,interpolated,27,-0.07020757020757021,0.7278576283249971,27,-0.13795356200516207
PowerRel_Alpha,good,interpolated,28,-0.1043956043956044,0.6043139444150958,27,-0.21873738438358284
PowerRel_Alpha,good,interpolated,29,-0.16361416361416362,0.41481347756533815,27,-0.38214714153765644
PowerRel_Alpha,good,interpolated,30,-0.19658119658119658,0.32572316396000034,27,-0.4871513552751989
PowerRel_Alpha,good,interpolated,31,-0.2503052503052503,0.20794310939752908,27,-0.6820554662594303
PowerRel_Alpha,good,interpolated,32,-0.26068376068376065,0.18908157612909057,27,-0.7233507862013964
PowerRel_Alpha,good,interpolated,33,-0.28205128205128205,0.15405276084176914,27,-0.8123305141104185
PowerRel_Alpha,good,interpolated,34,-0.28266178266178266,0.15312527764727676,27,-0.8149531108264395
PowerRel_Alpha,good,interpolated,35,-0.30341880341880345,0.12391731686529883,27,-0.9068679987608776
PowerRel_Alpha,good,interpolated,36,-0.3052503052503053,0.12155163762069558,27,-0.9152391856907353
PowerRel_Alpha,good,interpolated,37,-0.31318681318681324,0.1116822442398547,27,-0.9520158675433348
PowerRel_Alpha,good,interpolated,38,-0.3205128205128205,0.10311044470524966,27,-0.9866973400695063
PowerRel_Alpha,good,interpolated,39,-0.2844932844932845,0.1503667528335056,27,-0.8228481787518215
PowerRel_Alpha,good,interpolated,40,-0.2588522588522589,0.19232085476688993,27,-0.7159736194583515
PowerRel_Alpha,good,interpolated,41,-0.2295482295482295,0.2494078583767783,27,-0.6030898668321967
PowerRel_Alpha,good,interpolated,42,-0.1978021978021978,0.32266681370880823,27,-0.49124569949935926
PowerRel_Alpha,good,interpolated,43,-0.18986568986568983,0.34284721412910124,27,-0.4648993751275088
PowerRel_Alpha,good,interpolated,44,-0.2039072039072039,0.30764961530431323,27,-0.5119436236324076
PowerRel_Alpha,good,interpolated,45,-0.1800976800976801,0.3686979201364704,27,-0.4333293122875687
PowerRel_Alpha,good,interpolated,46,-0.19108669108669107,0.33969429263636486,27,-0.4689117498545983
PowerRel_Alpha,good,interpolated,47,-0.1978021978021978,0.32266681370880823,27,-0.49124569949935926
PowerRel_Alpha,good,interpolated,48,-0.21428571428571427,0.28313512740505625,27,-0.5480062461707911
PowerRel_Alpha,good,interpolated,49,-0.22039072039072038,0.26931261563477565,27,-0.5697433020944664
PowerRel_Alpha,good,interpolated,50,-0.2045177045177045,0.30617218409200175,27,-0.5140342677334039
PowerRel_Alpha,good,interpolated,51,-0.19352869352869354,0.3334410074257018,27,-0.4769809905801851
PowerRel_Alpha,good,interpolated,52,-0.19108669108669107,0.33969429263636486,27,-0.4689117498545983
PowerRel_Alpha,good,interpolated,53,-0.1562881562881563,0.43629099604110044,27,-0.3602237496765198
PowerRel_Alpha,good,interpolated,54,-0.11233211233211234,0.5769497258315094,27,-0.23886202869037818
PowerRel_Alpha,good,interpolated,55,-0.12026862026862026,0.5501478713750526,27,-0.25952056306793536
PowerRel_Alpha,good,interpolated,56,-0.10683760683760683,0.5958360563688367,27,-0.2248732194690491
PowerRel_Alpha,good,interpolated,57,-0.1043956043956044,0.6043139444150958,27,-0.21873738438358284
PowerRel_Alpha,good,interpolated,58,-0.1172161172161172,0.5603878927573667,27,-0.2515112562653981
PowerRel_Alpha,good,interpolated,59,-0.1282051282051282,0.523936399928176,27,-0.2807214283533446
PowerRel_Alpha,good,interpolated,60,-0.1336996336996337,0.5061495286648466,27,-0.2957211632377733
PowerRel_Alpha,good,interpolated,61,-0.14224664224664224,0.47908681354305815,27,-0.3195857825634737
PowerRel_Alpha,good,interpolated,62,-0.16971916971916973,0.3973732660210695,27,-0.4008013541614721
PowerRel_Alpha,good,interpolated,63,-0.14896214896214896,0.45835611707339763,27,-0.338796968320671
PowerRel_Alpha,good,interpolated,64,-0.16117216117216115,0.4219065724288762,27,-0.374783709158624
PowerRel_Alpha,good,interpolated,65,-0.13308913308913306,0.508111007700559,27,-0.29404139644607585
PowerRel_Alpha,good,interpolated,66,-0.1349206349206349,0.5022378185587082,27,-0.2990905879732242
PowerRel_Alpha,good,interpolated,67,-0.08852258852258853,0.6606071097779793,27,-0.18005675652906108
PowerRel_Alpha,good,interpolated,68,-0.0811965811965812,0.6872340406111993,27,-0.16289533683184787
PowerRel_Alpha,good,interpolated,69,-0.11660561660561661,0.5624462437016788,27,-0.2499189793132279
PowerRel_Alpha,good,interpolated,70,-0.10622710622710621,0.5979507533864252,27,-0.22333458258889927
PowerRel_Alpha,good,interpolated,71,-0.10134310134310134,0.6149820818378641,27,-0.21113753767548624
PowerRel_Alpha,good,interpolated,72,-0.11172161172161171,0.5790350711765903,27,-0.23729513099243757
PowerRel_Beta,good,interpolated,12,0.045177045177045176,0.8229496202070945,27,0.08462675085791907
PowerRel_Beta,good,interpolated,13,0.03968253968253968,0.8442058063425565,27,0.07355166514789772
PowerRel_Beta,good,interpolated,14,0.0879120879120879,0.662811225594198,27,0.17861014483276735
PowerRel_Beta,good,interpolated,15,0.10256410256410256,0.6107054894969162,27,0.21416817620930192
PowerRel_Beta,good,interpolated,16,0.11355311355311355,0.5727890341903643,27,0.24200530500921114
PowerRel_Beta,good,interpolated,17,0.13675213675213677,0.4963985300260745,27,0.3041695132379928
PowerRel_Beta,good,interpolated,18,0.13553113553113552,0.5002876084628768,27,0.3007802539481759
PowerRel_Beta,good,interpolated,19,0.15934065934065933,0.42726988049484715,27,0.36929772079367257
PowerRel_Beta,good,interpolated,20,0.15567765567765565,0.43810749365398316,27,0.3584193183243561
PowerRel_Beta,good,interpolated,21,0.14407814407814404,0.4733858404290411,27,0.3247847365115013
PowerRel_Beta,good,interpolated,22,0.11904761904761904,0.5542334831984879,27,0.25630724050059833
PowerRel_Beta,good,interpolated,23,0.11843711843711843,0.556281499934205,27,0.2547053830037848
PowerRel_Beta,good,interpolated,24,0.12759462759462756,0.5259311045393342,27,0.2790711434471865
PowerRel_Beta,good,interpolated,25,0.1172161172161172,0.5603878927573667,27,0.2515112562653981
PowerRel_Beta,good,interpolated,26,0.09401709401709402,0.6408961377481243,27,0.19321234561008438
PowerRel_Beta,good,interpolated,27,0.08485958485958486,0.6738726398760038,27,0.1714221762030003
PowerRel_Beta,good,interpolated,28,0.06532356532356533,0.746153261897503,27,0.1271719581037123
PowerRel_Beta,good,interpolated,29,0.02564102564102564,0.8989793828578538,27,0.04625026823756117
PowerRel_Beta,good,interpolated,30,-0.009768009768009768,0.9614330285800401,27,-0.017080962419907572
PowerRel_Beta,good,interpolated,31,-0.12637362637362637,0.5299314109997199,27,-0.2757803374784113
PowerRel_Beta,good,interpolated,32,-0.14407814407814404,0.4733858404290411,27,-0.3247847365115013
PowerRel_Beta,good,interpolated,33,-0.10805860805860806,0.5916162959213753,27,-0.22795987197862774
PowerRel_Beta,good,interpolated,34,-0.14163614163614163,0.48099492226748497,27,-0.3178595083306419
PowerRel_Beta,good,interpolated,35,-0.2661782661782661,0.17959080293797366,27,-0.7457159078444425
PowerRel_Beta,good,interpolated,36,-0.34493284493284493,0.07806120634640223,27,-1.1075647414798595
PowerRel_Beta,good,interpolated,37,-0.35347985347985345,0.07049378131585052,27,-1.1518491930700432
PowerRel_Beta,good,interpolated,38,-0.30097680097680096,0.12712376522941757,27,-0.8957732524106323
PowerRel_Beta,good,interpolated,39,-0.2564102564102564,0.19669915144498626,27,-0.7061975136117001
PowerRel_Beta,good,interpolated,40,-0.2063492063492063,0.3017664228757721,27,-0.520329085206617
PowerRel_Beta,good,interpolated,41,-0.1862026862026862,0.35241080833560523,27,-0.4529507803719949
PowerRel_Beta,good,interpolated,42,-0.14896214896214896,0.45835611707339763,27,-0.338796968320671
PowerRel_Beta,good,interpolated,43,-0.11355311355311355,0.5727890341903643,27,-0.24200530500921114
PowerRel_Beta,good,interpolated,44,-0.05006105006105006,0.8041565865396063,27,-0.09465937656413899
PowerRel_Beta,good,interpolated,45,0.021367521367521368,0.9157513880049669,27,0.03822241440249348
PowerRel_Beta,good,interpolated,46,0.023809523809523808,0.9061626175694906,27,0.042793857979125174
PowerRel_Beta,good,interpolated,47,0.01587301587301587,0.9373662509116757,27,0.028090686944123807
PowerRel_Beta,good,interpolated,48,0.03479853479853479,0.8631904917285698,27,0.0638933521673117
PowerRel_Beta,good,interpolated,49,0.06471306471306472,0.7484499197925274,27,0.12583725381844899
PowerRel_Beta,good,interpolated,50,0.052503052503052504,0.7947990778829718,27,0.09974264542554573
PowerRel_Beta,good,interpolated,51,0.029914529914529916,0.8822496211455558,27,0.0544085194621047
PowerRel_Beta,good,interpolated,52,0.05433455433455433,0.7877990121081514,27,0.1035845681273436
PowerRel_Beta,good,interpolated,53,0.09157509157509157,0.6496282407086063,27,0.18733510366016795
PowerRel_Beta,good,interpolated,54,0.1172161172161172,0.5603878927573667,27,0.2515112562653981
PowerRel_Beta,good,interpolated,55,0.14468864468864467,0.47149333148811245,27,0.32652444527743857
PowerRel_Beta,good,interpolated,56,0.10256410256410256,0.6107054894969162,27,0.21416817620930192
PowerRel_Beta,good,interpolated,57,0.12698412698412695,0.527929445359949,27,0.27742411447051046
PowerRel_Beta,good,interpolated,58,0.15873015873015872,0.42906589595097366,27,0.36747600373560324
PowerRel_Beta,good,interpolated,59,0.23931623931623933,0.22926741975528095,27,0.6396576566778707
PowerRel_Beta,good,interpolated,60,0.2295482295482295,0.2494078583767783,27,0.6030898668321967
PowerRel_Beta,good,interpolated,61,0.2667887667887668,0.1785571784154984,27,0.7482226854679923
PowerRel_Beta,good,interpolated,62,0.32722832722832723,0.09569316920762391,27,1.0191190620278987
PowerRel_Beta,good,interpolated,63,0.3266178266178266,0.09635041042618454,27,1.0161464310298305
PowerRel_Beta,good,interpolated,64,0.2667887667887668,0.1785571784154984,27,0.7482226854679923
PowerRel_Beta,good,interpolated,65,0.2496947496947497,0.2090910624422444,27,0.6796645306207377
PowerRel_Beta,good,interpolated,66,0.21123321123321123,0.2902124461875407,27,0.5372839661413544
PowerRel_Beta,good,interpolated,67,0.22466422466422467,0.2599001049430713,27,0.5851935451385119
PowerRel_Beta,good,interpolated,68,0.22405372405372403,0.26123149134747714,27,0.5829744702221759
PowerRel_Beta,good,interpolated,69,0.25824175824175827,0.1934090697288512,27,0.7135231639612137
PowerRel_Beta,good,interpolated,70,0.231990231990232,0.2442674509373843,27,0.6121343996661804
PowerRel_Beta,good,interpolated,71,0.2118437118437118,0.2887881243128013,27,0.5394206700063573
PowerRel_Beta,good,interpolated,72,0.21062271062271062,0.29164119682030876,27,0.5351511282004108
PowerRel_Delta,good,interpolated,12,-0.038461538461538464,0.8489444428529815,27,-0.07112073019405468
PowerRel_Delta,good,interpolated,13,-0.047619047619047616,0.8135405090890553,27,-0.0896208171145467
PowerRel_Delta,good,interpolated,14,0.001221001221001221,0.9951773927666594,27,0.0020994983166498287
PowerRel_Delta,good,interpolated,15,-0.010378510378510378,0.9590245243371265,27,-0.01817028683548512
PowerRel_Delta,good,interpolated,16,-0.017094017094017096,0.9325586703860712,27,-0.0303238357408491
PowerRel_Delta,good,interpolated,17,-0.003052503052503052,0.9879438436409471,27,-0.005267740726122569
PowerRel_Delta,good,interpolated,18,0.0018315018315018313,0.9927661408258597,27,0.0031530432571601295
PowerRel_Delta,good,interpolated,19,0.020146520146520144,0.9205501746919,27,0.03595253524474298
PowerRel_Delta,good,interpolated,20,0.010378510378510378,0.9590245243371265,27,0.01817028683548512
PowerRel_Delta,good,interpolated,21,0.020757020757020756,0.9181504315343121,27,0.03708615732496965
PowerRel_Delta,good,interpolated,22,0.014041514041514042,0.9445815905072581,27,0.02476052289125078
PowerRel_Delta,good,interpolated,23,0.0293040293040293,0.8846367380087063,27,0.05323502881091721
PowerRel_Delta,good,interpolated,24,0.056776556776556776,0.7784906465089783,27,0.10874660107137853
PowerRel_Delta,good,interpolated,25,0.0586080586080586,0.7715288186972193,27,0.11264784721920557
PowerRel_Delta,good,interpolated,26,0.042735042735042736,0.8323826852219383,27,0.07967696232727464
PowerRel_Delta,good,interpolated,27,0.05555555555555555,0.7831411874225991,27,0.1061599347606992
PowerRel_Delta,good,interpolated,28,0.07814407814407814,0.6984392194097958,27,0.1558713817093756
PowerRel_Delta,good,interpolated,29,0.10317460317460315,0.6085718476784558,27,0.21568814182453178
PowerRel_Delta,good,interpolated,30,0.12637362637362637,0.5299314109997199,27,0.2757803374784113
PowerRel_Delta,good,interpolated,31,0.1978021978021978,0.32266681370880823,27,0.49124569949935926
PowerRel_Delta,good,interpolated,32,0.2216117216117216,0.2666012225064349,27,0.5741378634496109
PowerRel_Delta,good,interpolated,33,0.19658119658119658,0.32572316396000034,27,0.4871513552751989
PowerRel_Delta,good,interpolated,34,0.21001221001221002,0.29307437592659935,27,0.5330221511287988
PowerRel_Delta,good,interpolated,35,0.2448107448107448,0.2184298437992997,27,0.6606880247956335
PowerRel_Delta,good,interpolated,36,0.2753357753357753,0.16452055328648554,27,0.7837798386178617
PowerRel_Delta,good,interpolated,37,0.29120879120879123,0.1405563933391799,27,0.8521493953160363
PowerRel_Delta,good,interpolated,38,0.26495726495726496,0.18167055622337103,27,0.7407154541223009
PowerRel_Delta,good,interpolated,39,0.25579975579975583,0.1978043407093104,27,0.7037641822766723
PowerRel_Delta,good,interpolated,40,0.2118437118437118,0.2887881243128013,27,0.5394206700063573
PowerRel_Delta,good,interpolated,41,0.17277167277167274,0.3888113263544247,27,0.4102610922499312
PowerRel_Delta,good,interpolated,42,0.16056166056166057,0.423690211669833,27,0.3729515691991116
PowerRel_Delta,good,interpolated,43,0.12576312576312576,0.5319369899908163,27,0.27413980853196057
PowerRel_Delta,good,interpolated,44,0.08852258852258853,0.6606071097779793,27,0.18005675652906108
PowerRel_Delta,good,interpolated,45,0.057997557997558,0.7738475387037594,27,0.11134459438402397
PowerRel_Delta,good,interpolated,46,0.05433455433455433,0.7877990121081514,27,0.1035845681273436
PowerRel_Delta,good,interpolated,47,0.03601953601953601,0.8584369437623969,27,0.06629160030713428
PowerRel_Delta,good,interpolated,48,0.02869352869352869,0.8870248381519791,27,0.052064219039394344
PowerRel_Delta,good,interpolated,49,0.043345543345543344,0.8300222411503807,27,0.08091027017878512
PowerRel_Delta,good,interpolated,50,0.06532356532356533,0.746153261897503,27,0.1271719581037123
PowerRel_Delta,good,interpolated,51,0.06043956043956044,0.7645842163210191,27,0.1165746715739069
PowerRel_Delta,good,interpolated,52,-0.005494505494505494,0.9783006546733848,27,-0.009527655846819175
PowerRel_Delta,good,interpolated,53,-0.03418803418803419,0.8655690206453507,27,-0.06269829567967475
PowerRel_Delta,good,interpolated,54,-0.03296703296703297,0.8703294888309193,27,-0.06031630129948138
PowerRel_Delta,good,interpolated,55,-0.05738705738705738,0.7761681541609328,27,-0.11004418014264612
PowerRel_Delta,good,interpolated,56,-0.05433455433455433,0.7877990121081514,27,-0.1035845681273436
PowerRel_Delta,good,interpolated,57,-0.06837606837606838,0.7347020505337638,27,-0.1338887480496539
PowerRel_Delta,good,interpolated,58,-0.07203907203907202,0.7210335182048953,27,-0.1420445460530001
PowerRel_Delta,good,interpolated,59,-0.10500610500610501,0.6021897114307112,27,-0.22026666879509502
PowerRel_Delta,good,interpolated,60,-0.11538461538461539,0.5665731912388556,27,-0.24674397900810371
PowerRel_Delta,good,interpolated,61,-0.13797313797313798,0.4925246421198286,27,-0.307572035889337
PowerRel_Delta,good,interpolated,62,-0.13553113553113552,0.5002876084628768,27,-0.3007802539481759
PowerRel_Delta,good,interpolated,63,-0.1288156288156288,0.521945342839079,27,-0.28237497313989224
PowerRel_Delta,good,interpolated,64,-0.08913308913308912,0.658405753566282,27,-0.181506382639089
PowerRel_Delta,good,interpolated,65,-0.08302808302808302,0.6805415762741001,27,-0.167145337330814
PowerRel_Delta,good,interpolated,66,-0.10805860805860806,0.5916162959213753,27,-0.22795987197862774
PowerRel_Delta,good,interpolated,67,-0.05372405372405373,0.7901306090134299,27,-0.10230111366473751
PowerRel_Delta,good,interpolated,68,-0.10378510378510379,0.6064413278962114,27,-0.21721120997217536
PowerRel_Delta,good,interpolated,69,-0.10012210012210011,0.6192709894236109,27,-0.20811926461879884
PowerRel_Delta,good,interpolated,70,-0.10012210012210011,0.6192709894236109,27,-0.20811926461879884
PowerRel_Delta,good,interpolated,71,-0.0995115995115995,0.6214200250421619,27,-0.20661475586832442
PowerRel_Delta,good,interpolated,72,-0.0927960927960928,0.6452564508756065,27,-0.1902676449542988
PowerRel_Gamma,good,interpolated,12,0.07387057387057387,0.714230192829872,27,0.14616179471696006
PowerRel_Gamma,good,interpolated,13,0.06593406593406594,0.7438587186454495,27,0.12850954232932893
PowerRel_Gamma,good,interpolated,14,0.05738705738705738,0.7761681541609328,27,0.11004418014264612
PowerRel_Gamma,good,interpolated,15,0.08058608058608058,0.6894700135854597,27,0.1614846174033735
PowerRel_Gamma,good,interpolated,16,0.07509157509157507,0.7097064211411552,27,0.14892126542976347
PowerRel_Gamma,good,interpolated,17,0.09035409035409035,0.6540113832703276,27,0.18441469258021928
PowerRel_Gamma,good,interpolated,18,0.10378510378510379,0.6064413278962114,27,0.21721120997217536
PowerRel_Gamma,good,interpolated,19,0.1111111111111111,0.5811237318667098,27,0.23573138852903916
PowerRel_Gamma,good,interpolated,20,0.10317460317460315,0.6085718476784558,27,0.21568814182453178
PowerRel_Gamma,good,interpolated,21,0.11294261294261294,0.57486770910313,27,0.24043208542635644
PowerRel_Gamma,good,interpolated,22,0.11660561660561661,0.5624462437016788,27,0.2499189793132279
PowerRel_Gamma,good,interpolated,23,0.1282051282051282,0.523936399928176,27,0.2807214283533446
PowerRel_Gamma,good,interpolated,24,0.17338217338217338,0.3871116831528667,27,0.4121637213386164
PowerRel_Gamma,good,interpolated,25,0.12271062271062269,0.542018678436784,27,0.26598574703679395
PowerRel_Gamma,good,interpolated,26,0.1111111111111111,0.5811237318667098,27,0.23573138852903916
PowerRel_Gamma,good,interpolated,27,0.08424908424908426,0.6760929771422003,27,0.1699935752371262
PowerRel_Gamma,good,interpolated,28,0.0879120879120879,0.662811225594198,27,0.17861014483276735
PowerRel_Gamma,good,interpolated,29,0.03785103785103785,0.8513156942053681,27,0.0699093602127475
PowerRel_Gamma,good,interpolated,30,-0.009768009768009768,0.9614330285800401,27,-0.017080962419907572
PowerRel_Gamma,good,interpolated,31,-0.02869352869352869,0.8870248381519791,27,-0.052064219039394344
PowerRel_Gamma,good,interpolated,32,-0.06227106227106227,0.7576573369099378,27,-0.12052716684354157
PowerRel_Gamma,good,interpolated,33,-0.024420024420024417,0.9037673775784161,27,-0.04394333903200972
PowerRel_Gamma,good,interpolated,34,-0.05372405372405373,0.7901306090134299,27,-0.10230111366473751
PowerRel_Gamma,good,interpolated,35,-0.08485958485958486,0.6738726398760038,27,-0.1714221762030003
PowerRel_Gamma,good,interpolated,36,-0.11233211233211234,0.5769497258315094,27,-0.23886202869037818
PowerRel_Gamma,good,interpolated,37,-0.16056166056166057,0.423690211669833,27,-0.3729515691991116
PowerRel_Gamma,good,interpolated,38,-0.05616605616605617,0.7808149971448438,27,-0.10745185374979167
PowerRel_Gamma,good,interpolated,39,-0.020757020757020756,0.9181504315343121,27,-0.03708615732496965
PowerRel_Gamma,good,interpolated,40,0.06043956043956044,0.7645842163210191,27,0.1165746715739069
PowerRel_Gamma,good,interpolated,41,0.09462759462759461,0.6387203234110184,27,0.19468926482708668
PowerRel_Gamma,good,interpolated,42,0.09157509157509157,0.6496282407086063,27,0.18733510366016795
PowerRel_Gamma,good,interpolated,43,0.1043956043956044,0.6043139444150958,27,0.21873738438358284
PowerRel_Gamma,good,interpolated,44,0.1288156288156288,0.521945342839079,27,0.28237497313989224
PowerRel_Gamma,good,interpolated,45,0.10012210012210011,0.6192709894236109,27,0.20811926461879884
PowerRel_Gamma,good,interpolated,46,0.08302808302808302,0.6805415762741001,27,0.167145337330814
PowerRel_Gamma,good,interpolated,47,0.08669108669108669,0.6672276723540678,27,0.1757259502278485
PowerRel_Gamma,good,interpolated,48,0.07387057387057387,0.714230192829872,27,0.14616179471696006
PowerRel_Gamma,good,interpolated,49,0.13247863247863248,0.510076221942824,27,0.29236492136141434
PowerRel_Gamma,good,interpolated,50,0.14041514041514042,0.484822759456197,27,0.3144170008998765
PowerRel_Gamma,good,interpolated,51,0.23931623931623933,0.22926741975528095,27,0.6396576566778707
PowerRel_Gamma,good,interpolated,52,0.2612942612942613,0.18801025480768757,27,0.7258184619866871
PowerRel_Gamma,good,interpolated,53,0.3125763125763126,0.11241965902379451,27,0.9491577362847557
PowerRel_Gamma,good,interpolated,54,0.37973137973137966,0.050741330710610655,27,1.2946381474277082
PowerRel_Gamma,good,interpolated,55,0.3919413919413919,0.04318286452751536,27,1.3646885522002503
PowerRel_Gamma,good,interpolated,56,0.32722832722832723,0.09569316920762391,27,1.0191190620278987
PowerRel_Gamma,good,interpolated,57,0.3113553113553113,0.11390528476588464,27,0.9434561258645511
PowerRel_Gamma,good,interpolated,58,0.31868131868131866,0.10520583172423688,27,0.9779601858908407
PowerRel_Gamma,good,interpolated,59,0.33516483516483514,0.08745250414076454,27,1.058227750291132
PowerRel_Gamma,good,interpolated,60,0.2954822954822955,0.1345590379067904,27,0.8710871267279834
PowerRel_Gamma,good,interpolated,61,0.31318681318681324,0.1116822442398547,27,0.9520158675433348
PowerRel_Gamma,good,interpolated,62,0.3162393162393162,0.10804879186592134,27,0.9663800847631286
PowerRel_Gamma,good,interpolated,63,0.3327228327228327,0.08992864591140742,27,1.0461019458685503
PowerRel_Gamma,good,interpolated,64,0.34615384615384615,0.0769437273868917,27,1.1138267789812573
PowerRel_Gamma,good,interpolated,65,0.31807081807081805,0.1059112914684837,27,0.975057736199962
PowerRel_Gamma,good,interpolated,66,0.29120879120879123,0.1405563933391799,27,0.8521493953160363
PowerRel_Gamma,good,interpolated,67,0.31440781440781446,0.11021816603874851,27,0.9577468196386008
PowerRel_Gamma,good,interpolated,68,0.30097680097680096,0.12712376522941757,27,0.8957732524106323
PowerRel_Gamma,good,interpolated,69,0.30341880341880345,0.12391731686529883,27,0.9068679987608776
PowerRel_Gamma,good,interpolated,70,0.24847374847374848,0.21139987412414374,27,0.6748952756246477
PowerRel_Gamma,good,interpolated,71,0.221001221001221,0.2679547075673537,27,0.5719386086425167
PowerRel_Gamma,good,interpolated,72,0.21123321123321123,0.2902124461875407,27,0.5372839661413544
PowerRel_Theta,good,interpolated,12,-0.018315018315018316,0.9277533978634779,27,-0.03256744638833435
PowerRel_Theta,good,interpolated,13,-0.04212454212454213,0.8347445487300413,27,-0.07844640840919234
PowerRel_Theta,good,interpolated,14,-0.05067155067155067,0.8018146854204942,27,-0.0959259938092696
PowerRel_Theta,good,interpolated,15,-0.07814407814407814,0.6984392194097958,27,-0.1558713817093756
PowerRel_Theta,good,interpolated,16,-0.08241758241758242,0.6827698054176943,27,-0.1657256932257786
PowerRel_Theta,good,interpolated,17,-0.09706959706959707,0.6300463698164972,27,-0.20062748639664876
PowerRel_Theta,good,interpolated,18,-0.11904761904761904,0.5542334831984879,27,-0.25630724050059833
PowerRel_Theta,good,interpolated,19,-0.1111111111111111,0.5811237318667098,27,-0.23573138852903916
PowerRel_Theta,good,interpolated,20,-0.12454212454212454,0.5359589417690478,27,-0.27086847905000205
PowerRel_Theta,good,interpolated,21,-0.12454212454212454,0.5359589417690478,27,-0.27086847905000205
PowerRel_Theta,good,interpolated,22,-0.13247863247863248,0.510076221942824,27,-0.29236492136141434
PowerRel_Theta,good,interpolated,23,-0.13553113553113552,0.5002876084628768,27,-0.3007802539481759
PowerRel_Theta,good,interpolated,24,-0.16117216117216115,0.4219065724288762,27,-0.374783709158624
PowerRel_Theta,good,interpolated,25,-0.17094017094017094,0.39393576728744417,27,-0.40457458575504507
PowerRel_Theta,good,interpolated,26,-0.17765567765567764,0.37533376713760525,27,-0.42558236225399937
PowerRel_Theta,good,interpolated,27,-0.2087912087912088,0.2959540180374548,27,-0.5287757594270523
PowerRel_Theta,good,interpolated,28,-0.23382173382173382,0.2404582899713609,27,-0.6189602457194932
PowerRel_Theta,good,interpolated,29,-0.2222222222222222,0.26525215945804975,27,-0.5763410717550012
PowerRel_Theta,good,interpolated,30,-0.20695970695970692,0.3003066832164705,27,-0.5224350026270682
PowerRel_Theta,good,interpolated,31,-0.2094017094017094,0.294511983145086,27,-0.5308970298822773
PowerRel_Theta,good,interpolated,32,-0.2399267399267399,0.2280458391463759,27,-0.6419778473531204
PowerRel_Theta,good,interpolated,33,-0.2222222222222222,0.26525215945804975,27,-0.5763410717550012
PowerRel_Theta,good,interpolated,34,-0.2283272283272283,0.252004468720348,27,-0.5985917579351984
PowerRel_Theta,good,interpolated,35,-0.2222222222222222,0.26525215945804975,27,-0.5763410717550012
PowerRel_Theta,good,interpolated,36,-0.2087912087912088,0.2959540180374548,27,-0.5287757594270523
PowerRel_Theta,good,interpolated,37,-0.18742368742368742,0.3492054974233446,27,-0.4569189279623718
PowerRel_Theta,good,interpolated,38,-0.20757020757020758,0.2988513687046642,27,-0.5245447508073053
PowerRel_Theta,good,interpolated,39,-0.22527472527472528,0.25857313448331254,27,-0.5874165999187091
PowerRel_Theta,good,interpolated,40,-0.2216117216117216,0.2666012225064349,27,-0.5741378634496109
PowerRel_Theta,good,interpolated,41,-0.21550671550671552,0.28033520327893063,27,-0.5523223619978056
PowerRel_Theta,good,interpolated,42,-0.20024420024420023,0.316606982231334,27,-0.4994795117380253
PowerRel_Theta,good,interpolated,43,-0.20573870573870573,0.3032305868568911,27,-0.5182269935637943
PowerRel_Theta,good,interpolated,44,-0.19536019536019533,0.3287971157804481,27,-0.483072000761336
PowerRel_Theta,good,interpolated,45,-0.20757020757020758,0.2988513687046642,27,-0.5245447508073053
PowerRel_Theta,good,interpolated,46,-0.1862026862026862,0.35241080833560523,27,-0.4529507803719949
PowerRel_Theta,good,interpolated,47,-0.19474969474969472,0.33034068680412343,27,-0.4810379326171061
PowerRel_Theta,good,interpolated,48,-0.19474969474969472,0.33034068680412343,27,-0.4810379326171061
PowerRel_Theta,good,interpolated,49,-0.13614163614163613,0.498341175522512,27,-0.3024732276926156
PowerRel_Theta,good,interpolated,50,-0.15323565323565325,0.4454141464093164,27,-0.3512359938355653
PowerRel_Theta,good,interpolated,51,-0.18681318681318682,0.3508059748767256,27,-0.4549330184020796
PowerRel_Theta,good,interpolated,52,-0.231990231990232,0.2442674509373843,27,-0.6121343996661804
PowerRel_Theta,good,interpolated,53,-0.22527472527472528,0.25857313448331254,27,-0.5874165999187091
PowerRel_Theta,good,interpolated,54,-0.2326007326007326,0.2429933396383826,27,-0.6144056300969123
PowerRel_Theta,good,interpolated,55,-0.23015873015873015,0.24811615789239913,27,-0.6053449525556329
PowerRel_Theta,good,interpolated,56,-0.19963369963369965,0.31811532679715365,27,-0.4974154060794484
PowerRel_Theta,good,interpolated,57,-0.1978021978021978,0.32266681370880823,27,-0.49124569949935926
PowerRel_Theta,good,interpolated,58,-0.231990231990232,0.2442674509373843,27,-0.6121343996661804
PowerRel_Theta,good,interpolated,59,-0.2496947496947497,0.2090910624422444,27,-0.6796645306207377
PowerRel_Theta,good,interpolated,60,-0.2295482295482295,0.2494078583767783,27,-0.6030898668321967
PowerRel_Theta,good,interpolated,61,-0.21428571428571427,0.28313512740505625,27,-0.5480062461707911
PowerRel_Theta,good,interpolated,62,-0.2271062271062271,0.25461870409371057,27,-0.5941096965726916
PowerRel_Theta,good,interpolated,63,-0.23076923076923078,0.24682885788531464,27,-0.6076040663256337
PowerRel_Theta,good,interpolated,64,-0.23748473748473747,0.23295834627530765,27,-0.6327217253257521
PowerRel_Theta,good,interpolated,65,-0.2271062271062271,0.25461870409371057,27,-0.5941096965726916
PowerRel_Theta,good,interpolated,66,-0.2264957264957265,0.2559324355985912,27,-0.5918746703112713
PowerRel_Theta,good,interpolated,67,-0.19413919413919414,0.33188865148953184,27,-0.4790075974851493
PowerRel_Theta,good,interpolated,68,-0.1984126984126984,0.32114524434627023,27,-0.49329850481744986
PowerRel_Theta,good,interpolated,69,-0.19352869352869354,0.3334410074257018,27,-0.4769809905801851
PowerRel_Theta,good,interpolated,70,-0.17887667887667885,0.37200723458615714,27,-0.42944861412268487
PowerRel_Theta,good,interpolated,71,-0.15934065934065933,0.42726988049484715,27,-0.36929772079367257
PowerRel_Theta,good,interpolated,72,-0.15079365079365079,0.45278548108050765,27,-0.344107507587702
X,good,interpolated,12,-0.16544566544566544,0.40953737896360365,27,-0.38770645352069244
X,good,interpolated,13,-0.15445665445665446,0.4417527030638726,27,-0.3548207843856975
X,good,interpolated,14,-0.13125763125763126,0.5140178132268474,27,-0.28902183031975376
X,good,interpolated,15,-0.10927960927960927,0.5874094722042709,27,-0.23105905459074935
X,good,interpolated,16,-0.10317460317460315,0.6085718476784558,27,-0.21568814182453178
X,good,interpolated,17,-0.12026862026862026,0.5501478713750526,27,-0.25952056306793536
X,good,interpolated,18,-0.07326007326007326,0.7164956295371385,27,-0.14478645435762483
X,good,interpolated,19,-0.07203907203907202,0.7210335182048953,27,-0.1420445460530001
X,good,interpolated,20,-0.07753357753357752,0.7006877655047206,27,-0.15447546552365882
X,good,interpolated,21,-0.07875457875457875,0.696193154344846,27,-0.1572702514408072
X,good,interpolated,22,-0.05555555555555555,0.7831411874225991,27,-0.1061599347606992
X,good,interpolated,23,-0.042735042735042736,0.8323826852219383,27,-0.07967696232727464
X,good,interpolated,24,-0.03235653235653236,0.8727113882137878,27,-0.05912935678664501
X,good,interpolated,25,-0.023809523809523808,0.9061626175694906,27,-0.042793857979125174
X,good,interpolated,26,-0.023809523809523808,0.9061626175694906,27,-0.042793857979125174
X,good,interpolated,27,-0.031135531135531136,0.8774784176509959,27,-0.056763556583332375
X,good,interpolated,28,-0.014041514041514042,0.9445815905072581,27,-0.02476052289125078
X,good,interpolated,29,-0.013431013431013432,0.9469876799663607,27,-0.02365567100457308
X,good,interpolated,30,-0.028083028083028084,0.8894139014486862,27,-0.05089608685551992
X,good,interpolated,31,-0.030525030525030524,0.8798635076662329,27,-0.05558469428732813
X,good,interpolated,32,-0.006105006105006104,0.975890270735696,27,-0.010599011731922655
X,good,interpolated,33,-0.003052503052503052,0.9879438436409471,27,-0.005267740726122569
X,good,interpolated,34,0.047619047619047616,0.8135405090890553,27,0.0896208171145467
X,good,interpolated,35,0.06837606837606838,0.7347020505337638,27,0.1338887480496539
X,good,interpolated,36,0.07326007326007326,0.7164956295371385,27,0.14478645435762483
X,good,interpolated,37,0.09584859584859586,0.6343774555480928,27,0.19765225933647
X,good,interpolated,38,0.15262515262515264,0.4472509361322149,27,0.34944874174632495
X,good,interpolated,39,0.19108669108669107,0.33969429263636486,27,0.4689117498545983
X,good,interpolated,40,0.1746031746031746,0.38372518421581236,27,0.4159796967437318
X,good,interpolated,41,0.18925518925518922,0.3444302345322383,27,0.46289873261274217
X,good,interpolated,42,0.17094017094017094,0.39393576728744417,27,0.40457458575504507
X,good,interpolated,43,0.15995115995115994,0.4254779833659984,27,0.3711229078474097
X,good,interpolated,44,0.1575091575091575,0.43267025300922,27,0.36384296243483577
X,good,interpolated,45,0.199023199023199,0.3196280814256547,27,0.49535507205999246
X,good,interpolated,46,0.19108669108669107,0.33969429263636486,27,0.4689117498545983
X,good,interpolated,47,0.21611721611721613,0.2789418842596277,27,0.5544862697529264
X,good,interpolated,48,0.2399267399267399,0.2280458391463759,27,0.6419778473531204
X,good,interpolated,49,0.23809523809523808,0.23172367031789692,27,0.6350296012407106
X,good,interpolated,50,0.22466422466422467,0.2599001049430713,27,0.5851935451385119
X,good,interpolated,51,0.2148962148962149,0.28173295091127526,27,0.5501623558468487
X,good,interpolated,52,0.19108669108669107,0.33969429263636486,27,0.4689117498545983
X,good,interpolated,53,0.18986568986568983,0.34284721412910124,27,0.4648993751275088
X,good,interpolated,54,0.1758241758241758,0.3803557694636974,27,0.41980999172066524
X,good,interpolated,55,0.14835164835164835,0.4602209768420079,27,0.3370335901021665
X,good,interpolated,56,0.12393162393162394,0.5379752912344229,27,0.26923767066627124
X,good,interpolated,57,0.1105006105006105,0.5832156945576857,27,0.2341707975020046
X,good,interpolated,58,0.13553113553113552,0.5002876084628768,27,0.3007802539481759
X,good,interpolated,59,0.1111111111111111,0.5811237318667098,27,0.23573138852903916
X,good,interpolated,60,0.10500610500610501,0.6021897114307112,27,0.22026666879509502
X,good,interpolated,61,0.09768009768009767,0.6278852828971597,27,0.2021196963196713
X,good,interpolated,62,0.09706959706959707,0.6300463698164972,27,0.20062748639664876
X,good,interpolated,63,0.10134310134310134,0.6149820818378641,27,0.21113753767548624
X,good,interpolated,64,0.1221001221001221,0.5440456923915593,27,0.2643646239779495
X,good,interpolated,65,0.14774114774114774,0.4620898129151345,27,0.33527360569360964
X,good,interpolated,66,0.10989010989010989,0.585310945833047,27,0.23261335411844802
X,good,interpolated,67,0.056776556776556776,0.7784906465089783,27,0.10874660107137853
X,good,interpolated,68,0.05128205128205128,0.7994744542691842,27,0.09719540877475422
X,good,interpolated,69,0.07142857142857142,0.7233059354162232,27,0.14067797108712668
X,good,interpolated,70,0.06471306471306472,0.7484499197925274,27,0.12583725381844899
X,good,interpolated,71,0.08669108669108669,0.6672276723540678,27,0.1757259502278485
X,good,interpolated,72,0.08363858363858362,0.6783159613853458,27,0.16856796347453093
Y,good,interpolated,12,-0.026251526251526252,0.8965866686575985,27,-0.04740772294455756
Y,good,interpolated,13,-0.0757020757020757,0.7074481205870736,27,-0.15030540282681115
Y,good,interpolated,14,-0.07081807081807082,0.7255806446249797,27,-0.1393143109048004
Y,good,interpolated,15,-0.07875457875457875,0.696193154344846,27,-0.1572702514408072
Y,good,interpolated,16,-0.08241758241758242,0.6827698054176943,27,-0.1657256932257786
Y,good,interpolated,17,-0.1288156288156288,0.521945342839079,27,-0.28237497313989224
Y,good,interpolated,18,-0.14224664224664224,0.47908681354305815,27,-0.3195857825634737
Y,good,interpolated,19,-0.1562881562881563,0.43629099604110044,27,-0.3602237496765198
Y,good,interpolated,20,-0.15506715506715504,0.4399280652230989,27,-0.35661833131085735
Y,good,interpolated,21,-0.17155067155067155,0.3922233738256907,27,-0.4064665289215654
Y,good,interpolated,22,-0.1794871794871795,0.3703504228621993,27,-0.43138715513925313
Y,good,interpolated,23,-0.2026862026862027,0.31061773722651975,27,-0.5077737483509889
Y,good,interpolated,24,-0.21978021978021978,0.27067494762899125,27,-0.5675519385773965
Y,good,interpolated,25,-0.2576312576312576,0.19450152085003744,27,-0.7110769984812206
Y,good,interpolated,26,-0.28937728937728935,0.1431848593956771,27,-0.8441029026185891
Y,good,interpolated,27,-0.31318681318681324,0.1116822442398547,27,-0.9520158675433348
Y,good,interpolated,28,-0.31440781440781446,0.11021816603874851,27,-0.9577468196386008
Y,good,interpolated,29,-0.3241758241758242,0.09901329918483762,27,-1.0043064682844762
Y,good,interpolated,30,-0.304029304029304,0.1231250419889346,27,-0.9096536083882649
Y,good,interpolated,31,-0.2698412698412698,0.17345134446699484,27,-0.7608223294781105
Y,good,interpolated,32,-0.2905982905982906,0.1414286499906364,27,-0.8494626041708152
Y,good,interpolated,33,-0.29853479853479853,0.13039037358829828,27,-0.8847544703510639
Y,good,interpolated,34,-0.3137973137973138,0.11094841624171202,27,-0.9548788928226382
Y,good,interpolated,35,-0.30830280830280826,0.1176827415371078,27,-0.9292872228385716
Y,good,interpolated,36,-0.31440781440781446,0.11021816603874851,27,-0.9577468196386008
Y,good,interpolated,37,-0.2863247863247863,0.14764396414532255,27,-0.8307843027927796
Y,good,interpolated,38,-0.29304029304029305,0.1379629231870271,27,-0.8602376122856132
Y,good,interpolated,39,-0.26800976800976806,0.17650240474599552,27,-0.7532493732177918
Y,good,interpolated,40,-0.24725274725274726,0.21372592052467337,27,-0.6701428037218587
Y,good,interpolated,41,-0.19474969474969472,0.33034068680412343,27,-0.4810379326171061
Y,good,interpolated,42,-0.2216117216117216,0.2666012225064349,27,-0.5741378634496109
Y,good,interpolated,43,-0.2838827838827839,0.1512822807898066,27,-0.8202119365231403
Y,good,interpolated,44,-0.2753357753357753,0.16452055328648554,27,-0.7837798386178617
Y,good,interpolated,45,-0.2954822954822955,0.1345590379067904,27,-0.8710871267279834
Y,good,interpolated,46,-0.27228327228327226,0.16944106526516495,27,-0.7709813268463128
Y,good,interpolated,47,-0.246031746031746,0.21606923347699775,27,-0.6654070687596262
Y,good,interpolated,48,-0.2087912087912088,0.2959540180374548,27,-0.5287757594270523
Y,good,interpolated,49,-0.231990231990232,0.2442674509373843,27,-0.6121343996661804
Y,good,interpolated,50,-0.23015873015873015,0.24811615789239913,27,-0.6053449525556329
Y,good,interpolated,51,-0.20207570207570208,0.31210842542394046,27,-0.5056945073175723
Y,good,interpolated,52,-0.1813186813186813,0.36540585907582124,27,-0.4372244932618122
Y,good,interpolated,53,-0.14590964590964592,0.46772009183856045,27,-0.3300139737151885
Y,good,interpolated,54,-0.09829059829059829,0.625727186555085,27,-0.20361497541346898
Y,good,interpolated,55,-0.13736263736263737,0.494459682182252,27,-0.305869114622147
Y,good,interpolated,56,-0.20573870573870573,0.3032305868568911,27,-0.5182269935637943
Y,good,interpolated,57,-0.2094017094017094,0.294511983145086,27,-0.5308970298822773
Y,good,interpolated,58,-0.24297924297924298,0.22200325674506838,27,-0.6536406544861284
Y,good,interpolated,59,-0.2222222222222222,0.26525215945804975,27,-0.5763410717550012
Y,good,interpolated,60,-0.16361416361416362,0.41481347756533815,27,-0.38214714153765644
Y,good,interpolated,61,-0.18192918192918192,0.36376630923288655,27,-0.43917752625053613
Y,good,interpolated,62,-0.235042735042735,0.2379407881770048,27,-0.6235311041509396
Y,good,interpolated,63,-0.21794871794871792,0.2747884952659347,27,-0.5610014540983438
Y,good,interpolated,64,-0.2277167277167277,0.2533093823740725,27,-0.5963487239961718
Y,good,interpolated,65,-0.22039072039072038,0.26931261563477565,27,-0.5697433020944664
Y,good,interpolated,66,-0.23870573870573872,0.2304933624673221,27,-0.6373415765013218
Y,good,interpolated,67,-0.199023199023199,0.3196280814256547,27,-0.49535507205999246
Y,good,interpolated,68,-0.19047619047619047,0.34126856583809617,27,-0.46690371263482533
Y,good,interpolated,69,-0.16666666666666663,0.40604089740418425,27,-0.39143022104733727
Y,good,interpolated,70,-0.16361416361416362,0.41481347756533815,27,-0.38214714153765644
Y,good,interpolated,71,-0.21916971916971917,0.27204170439641273,27,-0.5653645128743865
Y,good,interpolated,72,-0.17399267399267399,0.3854163007077701,27,-0.41406992134188325
Z,good,interpolated,12,0.15445665445665446,0.4417527030638726,27,0.3548207843856975
Z,good,interpolated,13,0.1862026862026862,0.35241080833560523,27,0.4529507803719949
Z,good,interpolated,14,0.19474969474969472,0.33034068680412343,27,0.4810379326171061
Z,good,interpolated,15,0.2148962148962149,0.28173295091127526,27,0.5501623558468487
Z,good,interpolated,16,0.2264957264957265,0.2559324355985912,27,0.5918746703112713
Z,good,interpolated,17,0.24358974358974358,0.2208077812861436,27,0.6559856260964214
Z,good,interpolated,18,0.21978021978021978,0.27067494762899125,27,0.5675519385773965
Z,good,interpolated,19,0.23870573870573872,0.2304933624673221,27,0.6373415765013218
Z,good,interpolated,20,0.2258852258852259,0.2572505785364707,27,0.5896436398700415
Z,good,interpolated,21,0.24542124542124538,0.21724737458064958,27,0.6630454632660678
Z,good,interpolated,22,0.19658119658119658,0.32572316396000034,27,0.4871513552751989
Z,good,interpolated,23,0.16361416361416362,0.41481347756533815,27,0.38214714153765644
Z,good,interpolated,24,0.13858363858363856,0.4905934198875592,27,0.30927828109026867
Z,good,interpolated,25,0.1398046398046398,0.4867424687076134,27,0.3127007595285866
Z,good,interpolated,26,0.13247863247863248,0.510076221942824,27,0.29236492136141434
Z,good,interpolated,27,0.1452991452991453,0.46960474559812493,27,0.32826752296856526
Z,good,interpolated,28,0.12637362637362637,0.5299314109997199,27,0.2757803374784113
Z,good,interpolated,29,0.03540903540903541,0.860813126142242,27,0.06509111927099323
Z,good,interpolated,30,0.03663003663003663,0.8560619644374672,27,0.06749479859469444
Z,good,interpolated,31,-0.03479853479853479,0.8631904917285698,27,-0.0638933521673117
Z,good,interpolated,32,-0.014041514041514042,0.9445815905072581,27,-0.02476052289125078
Z,good,interpolated,33,0.012210012210012208,0.9518012000052667,27,0.021453751990153685
Z,good,interpolated,34,-0.043345543345543344,0.8300222411503807,27,-0.08091027017878512
Z,good,interpolated,35,-0.09035409035409035,0.6540113832703276,27,-0.18441469258021928
Z,good,interpolated,36,-0.11660561660561661,0.5624462437016788,27,-0.2499189793132279
Z,good,interpolated,37,-0.12087912087912088,0.5481103009803667,27,-0.26113203588274764
Z,good,interpolated,38,-0.06715506715506715,0.7392760478618904,27,-0.13119336447734137
Z,good,interpolated,39,-0.0757020757020757,0.7074481205870736,27,-0.15030540282681115
Z,good,interpolated,40,-0.03174603174603174,0.8750943711561907,27,-0.057945109649255026
Z,good,interpolated,41,0.017704517704517704,0.9301557353857285,27,0.03144433170810922
Z,good,interpolated,42,0.12576312576312576,0.5319369899908163,27,0.27413980853196057
Z,good,interpolated,43,0.19658119658119658,0.32572316396000034,27,0.4871513552751989
Z,good,interpolated,44,0.2796092796092796,0.1578027566708312,27,0.8018854143301898
Z,good,interpolated,45,0.3315018315018315,0.09118639681354423,27,1.040069944889282
Z,good,interpolated,46,0.3076923076923077,0.1184491707110405,27,0.9264679755227254
Z,good,interpolated,47,0.3046398046398046,0.12233648508043637,27,0.9124440016222618
Z,good,interpolated,48,0.29853479853479853,0.13039037358829828,27,0.8847544703510639
Z,good,interpolated,49,0.26190476190476186,0.18694314385930166,27,0.7282904579699019
Z,good,interpolated,50,0.26068376068376065,0.18908157612909057,27,0.7233507862013964
Z,good,interpolated,51,0.2753357753357753,0.16452055328648554,27,0.7837798386178617
Z,good,interpolated,52,0.33577533577533575,0.08684161173999888,27,1.06127212483885
Z,good,interpolated,53,0.3791208791208791,0.05114489439363498,27,1.2911977138060085
Z,good,interpolated,54,0.41941391941391937,0.02942396010125397,27,1.5312988770067926
Z,good,interpolated,55,0.46336996336996333,0.014923983841295922,27,1.8261152298563368
Z,good,interpolated,56,0.4297924297924298,0.025255200032953607,27,1.5976491873233238
Z,good,interpolated,57,0.46153846153846156,0.015378561430681734,27,1.8130842881976041
Z,good,interpolated,58,0.478021978021978,0.011671915654316817,27,1.932857859479678
Z,good,interpolated,59,0.4792429792429792,0.011429903564704353,27,1.9419574337773726
Z,good,interpolated,60,0.42735042735042733,0.026190090380871424,27,1.5818630028406708
Z,good,interpolated,61,0.41025641025641024,0.033547822989089184,27,1.474335657149291
Z,good,interpolated,62,0.46459096459096455,0.014627144822276129,27,1.8348404386691897
Z,good,interpolated,63,0.5018315018315018,0.007651832433986743,27,2.1162345490723067
Z,good,interpolated,64,0.5097680097680098,0.006603198695559836,27,2.1802456342600958
Z,good,interpolated,65,0.45848595848595847,0.016161562054124338,27,1.7915166659190138
Z,good,interpolated,66,0.4597069597069597,0.01584450894242061,27,1.800121216044634
Z,good,interpolated,67,0.41147741147741146,0.0329726073990351,27,1.481846708475928
Z,good,interpolated,68,0.4065934065934066,0.035321923571476725,27,1.4519556535165996
Z,good,interpolated,69,0.45726495726495725,0.01648382630935391,27,1.7829419702992677
Z,good,interpolated,70,0.3675213675213675,0.05930247621478329,27,1.226927171998909
Z,good,interpolated,71,0.3626373626373626,0.06302604476453268,27,1.2004799464177094
Z,good,interpolated,72,0.3315018315018315,0.09118639681354423,27,1.040069944889282
ap_exp_1to20_fixed,good,interpolated,12,-0.10989010989010989,0.585310945833047,27,-0.23261335411844802
ap_exp_1to20_fixed,good,interpolated,13,-0.12454212454212454,0.5359589417690478,27,-0.27086847905000205
ap_exp_1to20_fixed,good,interpolated,14,-0.16117216117216115,0.4219065724288762,27,-0.374783709158624
ap_exp_1to20_fixed,good,interpolated,15,-0.18803418803418803,0.3476093793598718,27,-0.45890851372716757
ap_exp_1to20_fixed,good,interpolated,16,-0.1746031746031746,0.38372518421581236,27,-0.4159796967437318
ap_exp_1to20_fixed,good,interpolated,17,-0.18315018315018314,0.3605001915341338,27,-0.4430945002033724
ap_exp_1to20_fixed,good,interpolated,18,-0.1813186813186813,0.36540585907582124,27,-0.4372244932618122
ap_exp_1to20_fixed,good,interpolated,19,-0.1568986568986569,0.43447857998641226,27,-0.36203162962500623
ap_exp_1to20_fixed,good,interpolated,20,-0.14285714285714285,0.477182590739165,27,-0.3213154092679027
ap_exp_1to20_fixed,good,interpolated,21,-0.1581196581196581,0.4308660225461225,27,-0.36565775237842185
ap_exp_1to20_fixed,good,interpolated,22,-0.1452991452991453,0.46960474559812493,27,-0.32826752296856526
ap_exp_1to20_fixed,good,interpolated,23,-0.12332112332112331,0.5399952074079586,27,-0.2676100946316871
ap_exp_1to20_fixed,good,interpolated,24,-0.12576312576312576,0.5319369899908163,27,-0.27413980853196057
ap_exp_1to20_fixed,good,interpolated,25,-0.10378510378510379,0.6064413278962114,27,-0.21721120997217536
ap_exp_1to20_fixed,good,interpolated,26,-0.09706959706959707,0.6300463698164972,27,-0.20062748639664876
ap_exp_1to20_fixed,good,interpolated,27,-0.10012210012210011,0.6192709894236109,27,-0.20811926461879884
ap_exp_1to20_fixed,good,interpolated,28,-0.06471306471306472,0.7484499197925274,27,-0.12583725381844899
ap_exp_1to20_fixed,good,interpolated,29,-0.042735042735042736,0.8323826852219383,27,-0.07967696232727464
ap_exp_1to20_fixed,good,interpolated,30,0.019536019536019536,0.9229505970785762,27,0.03482154490082438
ap_exp_1to20_fixed,good,interpolated,31,0.054945054945054944,0.7854691986538496,27,0.10487084069013711
ap_exp_1to20_fixed,good,interpolated,32,0.0757020757020757,0.7074481205870736,27,0.15030540282681115
ap_exp_1to20_fixed,good,interpolated,33,0.06593406593406594,0.7438587186454495,27,0.12850954232932893
ap_exp_1to20_fixed,good,interpolated,34,0.09096459096459096,0.6518184006867955,27,0.1858733836623123
ap_exp_1to20_fixed,good,interpolated,35,0.13919413919413917,0.48866602545404514,27,0.3109878542821235
ap_exp_1to20_fixed,good,interpolated,36,0.2289377289377289,0.25070396134185446,27,0.6008388037549209
ap_exp_1to20_fixed,good,interpolated,37,0.2515262515262515,0.20566008790761578,27,0.6868499828960669
ap_exp_1to20_fixed,good,interpolated,38,0.2655677655677655,0.18062859363439016,27,0.7432134994561361
ap_exp_1to20_fixed,good,interpolated,39,0.2741147741147741,0.16647649075402504,27,0.7786470874229644
ap_exp_1to20_fixed,good,interpolated,40,0.246031746031746,0.21606923347699775,27,0.6654070687596262
ap_exp_1to20_fixed,good,interpolated,41,0.2063492063492063,0.3017664228757721,27,0.520329085206617
ap_exp_1to20_fixed,good,interpolated,42,0.20695970695970692,0.3003066832164705,27,0.5224350026270682
ap_exp_1to20_fixed,good,interpolated,43,0.11172161172161171,0.5790350711765903,27,0.23729513099243757
ap_exp_1to20_fixed,good,interpolated,44,0.0293040293040293,0.8846367380087063,27,0.05323502881091721
ap_exp_1to20_fixed,good,interpolated,45,0.03968253968253968,0.8442058063425565,27,0.07355166514789772
ap_exp_1to20_fixed,good,interpolated,46,0.04212454212454213,0.8347445487300413,27,0.07844640840919234
ap_exp_1to20_fixed,good,interpolated,47,0.03479853479853479,0.8631904917285698,27,0.0638933521673117
ap_exp_1to20_fixed,good,interpolated,48,0.054945054945054944,0.7854691986538496,27,0.10487084069013711
ap_exp_1to20_fixed,good,interpolated,49,0.09401709401709402,0.6408961377481243,27,0.19321234561008438
ap_exp_1to20_fixed,good,interpolated,50,0.06532356532356533,0.746153261897503,27,0.1271719581037123
ap_exp_1to20_fixed,good,interpolated,51,0.054945054945054944,0.7854691986538496,27,0.10487084069013711
ap_exp_1to20_fixed,good,interpolated,52,0.022588522588522588,0.9109554813452002,27,0.04050284660389275
ap_exp_1to20_fixed,good,interpolated,53,-0.038461538461538464,0.8489444428529815,27,-0.07112073019405468
ap_exp_1to20_fixed,good,interpolated,54,-0.0879120879120879,0.662811225594198,27,-0.17861014483276735
ap_exp_1to20_fixed,good,interpolated,55,-0.115995115995116,0.5645080141147472,27,-0.24832988817460888
ap_exp_1to20_fixed,good,interpolated,56,-0.1336996336996337,0.5061495286648466,27,-0.2957211632377733
ap_exp_1to20_fixed,good,interpolated,57,-0.14774114774114774,0.4620898129151345,27,-0.33527360569360964
ap_exp_1to20_fixed,good,interpolated,58,-0.16422466422466422,0.41305060303568686,27,-0.38399673945031065
ap_exp_1to20_fixed,good,interpolated,59,-0.19597069597069594,0.3272579407490189,27,-0.48510980671260395
ap_exp_1to20_fixed,good,interpolated,60,-0.19352869352869354,0.3334410074257018,27,-0.4769809905801851
ap_exp_1to20_fixed,good,interpolated,61,-0.21733821733821732,0.27616853068968616,27,-0.5588258106468192
ap_exp_1to20_fixed,good,interpolated,62,-0.20207570207570208,0.31210842542394046,27,-0.5056945073175723
ap_exp_1to20_fixed,good,interpolated,63,-0.19047619047619047,0.34126856583809617,27,-0.46690371263482533
ap_exp_1to20_fixed,good,interpolated,64,-0.19047619047619047,0.34126856583809617,27,-0.46690371263482533
ap_exp_1to20_fixed,good,interpolated,65,-0.1349206349206349,0.5022378185587082,27,-0.2990905879732242
ap_exp_1to20_fixed,good,interpolated,66,-0.1282051282051282,0.523936399928176,27,-0.2807214283533446
ap_exp_1to20_fixed,good,interpolated,67,-0.13614163614163613,0.498341175522512,27,-0.3024732276926156
ap_exp_1to20_fixed,good,interpolated,68,-0.1758241758241758,0.3803557694636974,27,-0.41980999172066524
ap_exp_1to20_fixed,good,interpolated,69,-0.1978021978021978,0.32266681370880823,27,-0.49124569949935926
ap_exp_1to20_fixed,good,interpolated,70,-0.18803418803418803,0.3476093793598718,27,-0.45890851372716757
ap_exp_1to20_fixed,good,interpolated,71,-0.1398046398046398,0.4867424687076134,27,-0.3127007595285866
ap_exp_1to20_fixed,good,interpolated,72,-0.1398046398046398,0.4867424687076134,27,-0.3127007595285866
ap_exp_1to30_knee,good,interpolated,12,0.0293040293040293,0.8846367380087063,27,0.05323502881091721
ap_exp_1to30_knee,good,interpolated,13,0.018925518925518924,0.9253516782792711,27,0.03369318303430433
ap_exp_1to30_knee,good,interpolated,14,-0.021367521367521368,0.9157513880049669,27,-0.03822241440249348
ap_exp_1to30_knee,good,interpolated,15,-0.03663003663003663,0.8560619644374672,27,-0.06749479859469444
ap_exp_1to30_knee,good,interpolated,16,-0.03907203907203907,0.8465744736641687,27,-0.07233483072844789
ap_exp_1to30_knee,good,interpolated,17,-0.018925518925518924,0.9253516782792711,27,-0.03369318303430433
ap_exp_1to30_knee,good,interpolated,18,-0.06166056166056166,0.7599642969336047,27,-0.11920681036255579
ap_exp_1to30_knee,good,interpolated,19,-0.07142857142857142,0.7233059354162232,27,-0.14067797108712668
ap_exp_1to30_knee,good,interpolated,20,-0.06105006105006105,0.7622732628344434,27,-0.11788931308724994
ap_exp_1to30_knee,good,interpolated,21,-0.08608058608058607,0.6694399713006685,27,-0.17428836010334686
ap_exp_1to30_knee,good,interpolated,22,-0.08424908424908426,0.6760929771422003,27,-0.1699935752371262
ap_exp_1to30_knee,good,interpolated,23,-0.07936507936507936,0.6939495871638099,27,-0.15867207826533858
ap_exp_1to30_knee,good,interpolated,24,-0.08424908424908426,0.6760929771422003,27,-0.1699935752371262
ap_exp_1to30_knee,good,interpolated,25,-0.11233211233211234,0.5769497258315094,27,-0.23886202869037818
ap_exp_1to30_knee,good,interpolated,26,-0.11294261294261294,0.57486770910313,27,-0.24043208542635644
ap_exp_1to30_knee,good,interpolated,27,-0.12026862026862026,0.5501478713750526,27,-0.25952056306793536
ap_exp_1to30_knee,good,interpolated,28,-0.09645909645909646,0.6322104323699518,27,-0.19913834196160618
ap_exp_1to30_knee,good,interpolated,29,-0.10378510378510379,0.6064413278962114,27,-0.21721120997217536
ap_exp_1to30_knee,good,interpolated,30,-0.08974358974358974,0.6562071728031647,27,-0.18295902678171605
ap_exp_1to30_knee,good,interpolated,31,-0.059218559218559216,0.7692120126573712,27,-0.1139539420751694
ap_exp_1to30_knee,good,interpolated,32,-0.08485958485958486,0.6738726398760038,27,-0.1714221762030003
ap_exp_1to30_knee,good,interpolated,33,-0.0757020757020757,0.7074481205870736,27,-0.15030540282681115
ap_exp_1to30_knee,good,interpolated,34,0.004273504273504274,0.9831219598256273,27,0.007392603028691885
ap_exp_1to30_knee,good,interpolated,35,0.06288156288156288,0.7553524010087416,27,0.12185038597733504
ap_exp_1to30_knee,good,interpolated,36,0.08302808302808302,0.6805415762741001,27,0.167145337330814
ap_exp_1to30_knee,good,interpolated,37,0.08852258852258853,0.6606071097779793,27,0.18005675652906108
ap_exp_1to30_knee,good,interpolated,38,0.022588522588522588,0.9109554813452002,27,0.04050284660389275
ap_exp_1to30_knee,good,interpolated,39,-0.022588522588522588,0.9109554813452002,27,-0.04050284660389275
ap_exp_1to30_knee,good,interpolated,40,-0.019536019536019536,0.9229505970785762,27,-0.03482154490082438
ap_exp_1to30_knee,good,interpolated,41,-0.09096459096459096,0.6518184006867955,27,-0.1858733836623123
ap_exp_1to30_knee,good,interpolated,42,-0.14652014652014653,0.46583937920746443,27,-0.33176380165443664
ap_exp_1to30_knee,good,interpolated,43,-0.13736263736263737,0.494459682182252,27,-0.305869114622147
ap_exp_1to30_knee,good,interpolated,44,-0.1105006105006105,0.5832156945576857,27,-0.2341707975020046
ap_exp_1to30_knee,good,interpolated,45,-0.1862026862026862,0.35241080833560523,27,-0.4529507803719949
ap_exp_1to30_knee,good,interpolated,46,-0.12393162393162394,0.5379752912344229,27,-0.26923767066627124
ap_exp_1to30_knee,good,interpolated,47,-0.06776556776556776,0.7369879561035573,27,-0.13253960934651815
ap_exp_1to30_knee,good,interpolated,48,-0.10195360195360195,0.6128422390176327,27,-0.21265130940010116
ap_exp_1to30_knee,good,interpolated,49,-0.18253968253968253,0.36213108537226524,27,-0.4411341936966681
ap_exp_1to30_knee,good,interpolated,50,-0.24114774114774112,0.2256157517624116,27,-0.6466305825934596
ap_exp_1to30_knee,good,interpolated,51,-0.2515262515262515,0.20566008790761578,27,-0.6868499828960669
ap_exp_1to30_knee,good,interpolated,52,-0.2600732600732601,0.19015711309566985,27,-0.7208874245494252
ap_exp_1to30_knee,good,interpolated,53,-0.30219780219780223,0.12551305442699884,27,-0.9013111015075373
ap_exp_1to30_knee,good,interpolated,54,-0.30708180708180705,0.11921926623787504,27,-0.9236535554626103
ap_exp_1to30_knee,good,interpolated,55,-0.3095238095238095,0.1161608473487274,27,-0.9349402286211307
ap_exp_1to30_knee,good,interpolated,56,-0.2576312576312576,0.19450152085003744,27,-0.7110769984812206
ap_exp_1to30_knee,good,interpolated,57,-0.23748473748473747,0.23295834627530765,27,-0.6327217253257521
ap_exp_1to30_knee,good,interpolated,58,-0.2509157509157509,0.20679945263955593,27,-0.6844506150748798
ap_exp_1to30_knee,good,interpolated,59,-0.2277167277167277,0.2533093823740725,27,-0.5963487239961718
ap_exp_1to30_knee,good,interpolated,60,-0.2222222222222222,0.26525215945804975,27,-0.5763410717550012
ap_exp_1to30_knee,good,interpolated,61,-0.22344322344322343,0.26256729505582266,27,-0.5807593698738713
ap_exp_1to30_knee,good,interpolated,62,-0.2448107448107448,0.2184298437992997,27,-0.6606880247956335
ap_exp_1to30_knee,good,interpolated,63,-0.2539682539682539,0.2011454618694075,27,-0.6964897612896243
ap_exp_1to30_knee,good,interpolated,64,-0.22466422466422467,0.2599001049430713,27,-0.5851935451385119
ap_exp_1to30_knee,good,interpolated,65,-0.19474969474969472,0.33034068680412343,27,-0.4810379326171061
ap_exp_1to30_knee,good,interpolated,66,-0.17277167277167274,0.3888113263544247,27,-0.4102610922499312
ap_exp_1to30_knee,good,interpolated,67,-0.16422466422466422,0.41305060303568686,27,-0.38399673945031065
ap_exp_1to30_knee,good,interpolated,68,-0.12271062271062269,0.542018678436784,27,-0.26598574703679395
ap_exp_1to30_knee,good,interpolated,69,-0.13858363858363856,0.4905934198875592,27,-0.30927828109026867
ap_exp_1to30_knee,good,interpolated,70,-0.14835164835164835,0.4602209768420079,27,-0.3370335901021665
ap_exp_1to30_knee,good,interpolated,71,-0.13308913308913306,0.508111007700559,27,-0.29404139644607585
ap_exp_1to30_knee,good,interpolated,72,-0.13308913308913306,0.508111007700559,27,-0.29404139644607585
ap_exp_1to40_fixed,good,interpolated,12,-0.07448107448107448,0.7119671176176191,27,-0.14754006390105404
ap_exp_1to40_fixed,good,interpolated,13,-0.0873015873015873,0.6650180851088354,27,-0.1771665439357332
ap_exp_1to40_fixed,good,interpolated,14,-0.11294261294261294,0.57486770910313,27,-0.24043208542635644
ap_exp_1to40_fixed,good,interpolated,15,-0.11294261294261294,0.57486770910313,27,-0.24043208542635644
ap_exp_1to40_fixed,good,interpolated,16,-0.10683760683760683,0.5958360563688367,27,-0.2248732194690491
ap_exp_1to40_fixed,good,interpolated,17,-0.1221001221001221,0.5440456923915593,27,-0.2643646239779495
ap_exp_1to40_fixed,good,interpolated,18,-0.13797313797313798,0.4925246421198286,27,-0.307572035889337
ap_exp_1to40_fixed,good,interpolated,19,-0.16910866910866912,0.3990983599871205,27,-0.39892005685643583
ap_exp_1to40_fixed,good,interpolated,20,-0.1752136752136752,0.38203833879079985,27,-0.4178930520364533
ap_exp_1to40_fixed,good,interpolated,21,-0.18681318681318682,0.3508059748767256,27,-0.4549330184020796
ap_exp_1to40_fixed,good,interpolated,22,-0.17032967032967034,0.3956523998897068,27,-0.40268619564936
ap_exp_1to40_fixed,good,interpolated,23,-0.1623931623931624,0.41835171898812185,27,-0.3784584421783956
ap_exp_1to40_fixed,good,interpolated,24,-0.15323565323565325,0.4454141464093164,27,-0.3512359938355653
ap_exp_1to40_fixed,good,interpolated,25,-0.16483516483516483,0.4112919013545322,27,-0.38584984199013306
ap_exp_1to40_fixed,good,interpolated,26,-0.13553113553113552,0.5002876084628768,27,-0.3007802539481759
ap_exp_1to40_fixed,good,interpolated,27,-0.1336996336996337,0.5061495286648466,27,-0.2957211632377733
ap_exp_1to40_fixed,good,interpolated,28,-0.13736263736263737,0.494459682182252,27,-0.305869114622147
ap_exp_1to40_fixed,good,interpolated,29,-0.11355311355311355,0.5727890341903643,27,-0.24200530500921114
ap_exp_1to40_fixed,good,interpolated,30,-0.06349206349206347,0.7530495074287785,27,-0.12317647121449604
ap_exp_1to40_fixed,good,interpolated,31,-0.052503052503052504,0.7947990778829718,27,-0.09974264542554573
ap_exp_1to40_fixed,good,interpolated,32,-0.053113553113553105,0.7924639705563971,27,-0.10102047389789841
ap_exp_1to40_fixed,good,interpolated,33,-0.14835164835164835,0.4602209768420079,27,-0.3370335901021665
ap_exp_1to40_fixed,good,interpolated,34,-0.0879120879120879,0.662811225594198,27,-0.17861014483276735
ap_exp_1to40_fixed,good,interpolated,35,-0.0641025641025641,0.7507486743218751,27,-0.12450542600903826
ap_exp_1to40_fixed,good,interpolated,36,-0.029914529914529916,0.8822496211455558,27,-0.0544085194621047
ap_exp_1to40_fixed,good,interpolated,37,0.07509157509157507,0.7097064211411552,27,0.14892126542976347
ap_exp_1to40_fixed,good,interpolated,38,0.08363858363858362,0.6783159613853458,27,0.16856796347453093
ap_exp_1to40_fixed,good,interpolated,39,0.10744810744810745,0.5937245659320937,27,0.22641498134506974
ap_exp_1to40_fixed,good,interpolated,40,0.08669108669108669,0.6672276723540678,27,0.1757259502278485
ap_exp_1to40_fixed,good,interpolated,41,0.033577533577533576,0.8679486929894169,27,0.06150594649419245
ap_exp_1to40_fixed,good,interpolated,42,0.009157509157509158,0.9638418632217349,27,0.015994214607382342
ap_exp_1to40_fixed,good,interpolated,43,-0.05555555555555555,0.7831411874225991,27,-0.1061599347606992
ap_exp_1to40_fixed,good,interpolated,44,0.010378510378510378,0.9590245243371265,27,0.01817028683548512
ap_exp_1to40_fixed,good,interpolated,45,0.006715506715506716,0.97348009342336,27,0.011672924888460334
ap_exp_1to40_fixed,good,interpolated,46,-0.09218559218559218,0.6474409189284991,27,-0.18879985621044246
ap_exp_1to40_fixed,good,interpolated,47,-0.06105006105006105,0.7622732628344434,27,-0.11788931308724994
ap_exp_1to40_fixed,good,interpolated,48,-0.04151404151404151,0.8371078121597078,27,-0.0772186050763132
ap_exp_1to40_fixed,good,interpolated,49,-0.047619047619047616,0.8135405090890553,27,-0.0896208171145467
ap_exp_1to40_fixed,good,interpolated,50,-0.06776556776556776,0.7369879561035573,27,-0.13253960934651815
ap_exp_1to40_fixed,good,interpolated,51,-0.115995115995116,0.5645080141147472,27,-0.24832988817460888
ap_exp_1to40_fixed,good,interpolated,52,-0.1575091575091575,0.43267025300922,27,-0.36384296243483577
ap_exp_1to40_fixed,good,interpolated,53,-0.2264957264957265,0.2559324355985912,27,-0.5918746703112713
ap_exp_1to40_fixed,good,interpolated,54,-0.27289377289377287,0.1684487761343272,27,-0.7735321400407663
ap_exp_1to40_fixed,good,interpolated,55,-0.2264957264957265,0.2559324355985912,27,-0.5918746703112713
ap_exp_1to40_fixed,good,interpolated,56,-0.24297924297924298,0.22200325674506838,27,-0.6536406544861284
ap_exp_1to40_fixed,good,interpolated,57,-0.1984126984126984,0.32114524434627023,27,-0.49329850481744986
ap_exp_1to40_fixed,good,interpolated,58,-0.2503052503052503,0.20794310939752908,27,-0.6820554662594303
ap_exp_1to40_fixed,good,interpolated,59,-0.3137973137973138,0.11094841624171202,27,-0.9548788928226382
ap_exp_1to40_fixed,good,interpolated,60,-0.2979242979242979,0.1312164877897807,27,-0.8820115909799636
ap_exp_1to40_fixed,good,interpolated,61,-0.2313797313797314,0.24554595628167009,27,-0.60986721355444
ap_exp_1to40_fixed,good,interpolated,62,-0.2600732600732601,0.19015711309566985,27,-0.7208874245494252
ap_exp_1to40_fixed,good,interpolated,63,-0.2539682539682539,0.2011454618694075,27,-0.6964897612896243
ap_exp_1to40_fixed,good,interpolated,64,-0.2490842490842491,0.2102433159723478,27,-0.6772778023432204
ap_exp_1to40_fixed,good,interpolated,65,-0.24725274725274726,0.21372592052467337,27,-0.6701428037218587
ap_exp_1to40_fixed,good,interpolated,66,-0.2667887667887668,0.1785571784154984,27,-0.7482226854679923
ap_exp_1to40_fixed,good,interpolated,67,-0.21306471306471303,0.2859527675923471,27,-0.5437056957801242
ap_exp_1to40_fixed,good,interpolated,68,-0.17399267399267399,0.3854163007077701,27,-0.41406992134188325
ap_exp_1to40_fixed,good,interpolated,69,-0.19413919413919414,0.33188865148953184,27,-0.4790075974851493
ap_exp_1to40_fixed,good,interpolated,70,-0.14163614163614163,0.48099492226748497,27,-0.3178595083306419
ap_exp_1to40_fixed,good,interpolated,71,-0.12576312576312576,0.5319369899908163,27,-0.27413980853196057
ap_exp_1to40_fixed,good,interpolated,72,-0.12576312576312576,0.5319369899908163,27,-0.27413980853196057
ap_exp_20to40_fixed,good,interpolated,12,-0.06105006105006105,0.7622732628344434,27,-0.11788931308724994
ap_exp_20to40_fixed,good,interpolated,13,-0.0927960927960928,0.6452564508756065,27,-0.1902676449542988
ap_exp_20to40_fixed,good,interpolated,14,-0.07509157509157507,0.7097064211411552,27,-0.14892126542976347
ap_exp_20to40_fixed,good,interpolated,15,-0.08608058608058607,0.6694399713006685,27,-0.17428836010334686
ap_exp_20to40_fixed,good,interpolated,16,-0.07203907203907202,0.7210335182048953,27,-0.1420445460530001
ap_exp_20to40_fixed,good,interpolated,17,-0.06776556776556776,0.7369879561035573,27,-0.13253960934651815
ap_exp_20to40_fixed,good,interpolated,18,-0.08241758241758242,0.6827698054176943,27,-0.1657256932257786
ap_exp_20to40_fixed,good,interpolated,19,-0.11233211233211234,0.5769497258315094,27,-0.23886202869037818
ap_exp_20to40_fixed,good,interpolated,20,-0.16483516483516483,0.4112919013545322,27,-0.38584984199013306
ap_exp_20to40_fixed,good,interpolated,21,-0.17704517704517705,0.37700347881308105,27,-0.42365464230785693
ap_exp_20to40_fixed,good,interpolated,22,-0.18681318681318682,0.3508059748767256,27,-0.4549330184020796
ap_exp_20to40_fixed,good,interpolated,23,-0.21428571428571427,0.28313512740505625,27,-0.5480062461707911
ap_exp_20to40_fixed,good,interpolated,24,-0.21367521367521367,0.28454173293307267,27,-0.5458540278511382
ap_exp_20to40_fixed,good,interpolated,25,-0.18803418803418803,0.3476093793598718,27,-0.45890851372716757
ap_exp_20to40_fixed,good,interpolated,26,-0.15079365079365079,0.45278548108050765,27,-0.344107507587702
ap_exp_20to40_fixed,good,interpolated,27,-0.15262515262515264,0.4472509361322149,27,-0.34944874174632495
ap_exp_20to40_fixed,good,interpolated,28,-0.14346764346764346,0.4752822632600837,27,-0.3230483925472397
ap_exp_20to40_fixed,good,interpolated,29,-0.1288156288156288,0.521945342839079,27,-0.28237497313989224
ap_exp_20to40_fixed,good,interpolated,30,-0.13675213675213677,0.4963985300260745,27,-0.3041695132379928
ap_exp_20to40_fixed,good,interpolated,31,-0.14407814407814404,0.4733858404290411,27,-0.3247847365115013
ap_exp_20to40_fixed,good,interpolated,32,-0.16666666666666663,0.40604089740418425,27,-0.39143022104733727
ap_exp_20to40_fixed,good,interpolated,33,-0.17338217338217338,0.3871116831528667,27,-0.4121637213386164
ap_exp_20to40_fixed,good,interpolated,34,-0.1684981684981685,0.40082767601043134,27,-0.39704229930736656
ap_exp_20to40_fixed,good,interpolated,35,-0.16422466422466422,0.41305060303568686,27,-0.38399673945031065
ap_exp_20to40_fixed,good,interpolated,36,-0.1684981684981685,0.40082767601043134,27,-0.39704229930736656
ap_exp_20to40_fixed,good,interpolated,37,-0.18253968253968253,0.36213108537226524,27,-0.4411341936966681
ap_exp_20to40_fixed,good,interpolated,38,-0.21245421245421242,0.2873682314039454,27,-0.5415612448606735
ap_exp_20to40_fixed,good,interpolated,39,-0.19291819291819293,0.3349977521210912,27,-0.4749581071263829
ap_exp_20to40_fixed,good,interpolated,40,-0.1807081807081807,0.3670497307786139,27,-0.4352750901360666
ap_exp_20to40_fixed,good,interpolated,41,-0.18864468864468864,0.34601762398908975,27,-0.46090178037981344
ap_exp_20to40_fixed,good,interpolated,42,-0.21306471306471303,0.2859527675923471,27,-0.5437056957801242
ap_exp_20to40_fixed,good,interpolated,43,-0.2631257631257631,0.18482153170892063,27,-0.7332474348602449
ap_exp_20to40_fixed,good,interpolated,44,-0.246031746031746,0.21606923347699775,27,-0.6654070687596262
ap_exp_20to40_fixed,good,interpolated,45,-0.28083028083028083,0.15591973215219065,27,-0.8070989199456268
ap_exp_20to40_fixed,good,interpolated,46,-0.24175824175824176,0.22440723858334855,27,-0.6489631383868986
ap_exp_20to40_fixed,good,interpolated,47,-0.16666666666666663,0.40604089740418425,27,-0.39143022104733727
ap_exp_20to40_fixed,good,interpolated,48,-0.17094017094017094,0.39393576728744417,27,-0.40457458575504507
ap_exp_20to40_fixed,good,interpolated,49,-0.14102564102564102,0.48290690742722064,27,-0.3161365824727718
ap_exp_20to40_fixed,good,interpolated,50,-0.16483516483516483,0.4112919013545322,27,-0.38584984199013306
ap_exp_20to40_fixed,good,interpolated,51,-0.2704517704517705,0.1724425938701103,27,-0.7633554531400978
ap_exp_20to40_fixed,good,interpolated,52,-0.2875457875457875,0.1458485278542462,27,-0.8360979501418652
ap_exp_20to40_fixed,good,interpolated,53,-0.2948717948717948,0.13540423910289553,27,-0.8683677389730529
ap_exp_20to40_fixed,good,interpolated,54,-0.2979242979242979,0.1312164877897807,27,-0.8820115909799636
ap_exp_20to40_fixed,good,interpolated,55,-0.2814407814407815,0.15498424333278277,27,-0.8097124526778804
ap_exp_20to40_fixed,good,interpolated,56,-0.24664224664224663,0.2148954167318346,27,-0.667772846999481
ap_exp_20to40_fixed,good,interpolated,57,-0.1794871794871795,0.3703504228621993,27,-0.43138715513925313
ap_exp_20to40_fixed,good,interpolated,58,-0.18192918192918192,0.36376630923288655,27,-0.43917752625053613
ap_exp_20to40_fixed,good,interpolated,59,-0.1978021978021978,0.32266681370880823,27,-0.49124569949935926
ap_exp_20to40_fixed,good,interpolated,60,-0.18742368742368742,0.3492054974233446,27,-0.4569189279623718
ap_exp_20to40_fixed,good,interpolated,61,-0.1984126984126984,0.32114524434627023,27,-0.49329850481744986
ap_exp_20to40_fixed,good,interpolated,62,-0.23076923076923078,0.24682885788531464,27,-0.6076040663256337
ap_exp_20to40_fixed,good,interpolated,63,-0.1813186813186813,0.36540585907582124,27,-0.4372244932618122
ap_exp_20to40_fixed,good,interpolated,64,-0.2222222222222222,0.26525215945804975,27,-0.5763410717550012
ap_exp_20to40_fixed,good,interpolated,65,-0.16910866910866912,0.3990983599871205,27,-0.39892005685643583
ap_exp_20to40_fixed,good,interpolated,66,-0.14163614163614163,0.48099492226748497,27,-0.3178595083306419
ap_exp_20to40_fixed,good,interpolated,67,-0.14652014652014653,0.46583937920746443,27,-0.33176380165443664
ap_exp_20to40_fixed,good,interpolated,68,-0.12576312576312576,0.5319369899908163,27,-0.27413980853196057
ap_exp_20to40_fixed,good,interpolated,69,-0.1288156288156288,0.521945342839079,27,-0.28237497313989224
ap_exp_20to40_fixed,good,interpolated,70,-0.09706959706959707,0.6300463698164972,27,-0.20062748639664876
ap_exp_20to40_fixed,good,interpolated,71,-0.07936507936507936,0.6939495871638099,27,-0.15867207826533858
ap_exp_20to40_fixed,good,interpolated,72,-0.07936507936507936,0.6939495871638099,27,-0.15867207826533858
Amp_Mean,poor,interpolated,12,0.12,0.5677601210384973,25,0.24583511519366533
Amp_Mean,poor,interpolated,13,0.1392307692307692,0.50684516288957,25,0.2951246938678387
Amp_Mean,poor,interpolated,14,0.18307692307692305,0.38105311818715226,25,0.4190144801574303
Amp_Mean,poor,interpolated,15,0.1753846153846154,0.4017184112492952,25,0.39607826356148274
Amp_Mean,poor,interpolated,16,0.19538461538461538,0.34928733392328004,25,0.45681716273613654
Amp_Mean,poor,interpolated,17,0.16846153846153847,0.4208415376807141,25,0.37588140123257535
Amp_Mean,poor,interpolated,18,0.1776923076923077,0.39545398689886,25,0.40290404161877313
Amp_Mean,poor,interpolated,19,0.15846153846153843,0.4493231524799268,25,0.3474412027396788
Amp_Mean,poor,interpolated,20,0.18923076923076923,0.3649688316115858,25,0.43774422276840436
Amp_Mean,poor,interpolated,21,0.19615384615384615,0.3473556499313192,25,0.45922563269278044
Amp_Mean,poor,interpolated,22,0.16307692307692304,0.43605302334597895,25,0.36046069801020875
Amp_Mean,poor,interpolated,23,0.1946153846153846,0.35122536711204,25,0.45441412488743466
Amp_Mean,poor,interpolated,24,0.24769230769230768,0.23256786876481428,25,0.6334502869508828
Amp_Mean,poor,interpolated,25,0.2569230769230769,0.21505370359693765,25,0.6674530737429376
Amp_Mean,poor,interpolated,26,0.2884615384615385,0.16199254927892695,25,0.7905049600342906
Amp_Mean,poor,interpolated,27,0.21769230769230768,0.29586618479380267,25,0.5289046684880927
Amp_Mean,poor,interpolated,28,0.20461538461538462,0.3265277832159157,25,0.48607986007339693
Amp_Mean,poor,interpolated,29,0.1769230769230769,0.3975359801687698,25,0.4006235581229947
Amp_Mean,poor,interpolated,30,0.17153846153846153,0.4122815839225631,25,0.38480606413009094
Amp_Mean,poor,interpolated,31,0.16615384615384618,0.42732483267123456,25,0.36924186875845905
Amp_Mean,poor,interpolated,32,0.16153846153846155,0.4404527964471071,25,0.35610062832121625
Amp_Mean,poor,interpolated,33,0.17153846153846153,0.4122815839225631,25,0.38480606413009094
Amp_Mean,poor,interpolated,34,0.14692307692307693,0.4834131669786844,25,0.31568152466004307
Amp_Mean,poor,interpolated,35,0.1815384615384615,0.38513664752146737,25,0.4143851542957494
Amp_Mean,poor,interpolated,36,0.20384615384615384,0.3283892638949898,25,0.483611049808932
Amp_Mean,poor,interpolated,37,0.16076923076923075,0.44266155514604155,25,0.35392819456270547
Amp_Mean,poor,interpolated,38,0.15000000000000002,0.4741966461552527,25,0.32404152197617264
Amp_Mean,poor,interpolated,39,0.14846153846153848,0.4787936059036386,25,0.3198516580553278
Amp_Mean,poor,interpolated,40,0.14615384615384616,0.4857313808455339,25,0.3136038378738746
Amp_Mean,poor,interpolated,41,0.09999999999999999,0.6343614915786997,25,0.19766318839927324
Amp_Mean,poor,interpolated,42,0.07999999999999999,0.7038476432462639,25,0.15252133923619812
Amp_Mean,poor,interpolated,43,0.09692307692307693,0.6448756436801819,25,0.1905240256290263
Amp_Mean,poor,interpolated,44,0.08384615384615385,0.6902832969004511,25,0.16097263530607198
Amp_Mean,poor,interpolated,45,0.09076923076923075,0.6661022395647747,25,0.17645910615850144
Amp_Mean,poor,interpolated,46,0.15846153846153843,0.4493231524799268,25,0.3474412027396788
Amp_Mean,poor,interpolated,47,0.18692307692307694,0.37095344799135543,25,0.43068058782157126
Amp_Mean,poor,interpolated,48,0.21153846153846154,0.31006337883220825,25,0.5085495246697286
Amp_Mean,poor,interpolated,49,0.16923076923076924,0.4186924778221306,25,0.3781048415202485
Amp_Mean,poor,interpolated,50,0.15153846153846154,0.4696224202911933,25,0.3282511775689674
Amp_Mean,poor,interpolated,51,0.1392307692307692,0.50684516288957,25,0.2951246938678387
Amp_Mean,poor,interpolated,52,0.09923076923076923,0.6369836836671996,25,0.19587169197242738
Amp_Mean,poor,interpolated,53,0.12538461538461537,0.5503795193738266,25,0.25933773536197746
Amp_Mean,poor,interpolated,54,0.11846153846153845,0.5727706028933913,25,0.24201928003122006
Amp_Mean,poor,interpolated,55,0.13615384615384615,0.516371228104263,25,0.2870379643600446
Amp_Mean,poor,interpolated,56,0.1276923076923077,0.5430063475050673,25,0.26519509367024646
Amp_Mean,poor,interpolated,57,0.16615384615384618,0.42732483267123456,25,0.36924186875845905
Amp_Mean,poor,interpolated,58,0.15384615384615383,0.46280399078181256,25,0.3346029047612409
Amp_Mean,poor,interpolated,59,0.15384615384615383,0.46280399078181256,25,0.3346029047612409
Amp_Mean,poor,interpolated,60,0.17076923076923078,0.41441248904353023,25,0.382567164843521
Amp_Mean,poor,interpolated,61,0.19,0.3629865382459393,25,0.44010948095262964
Amp_Mean,poor,interpolated,62,0.16153846153846155,0.4404527964471071,25,0.35610062832121625
Amp_Mean,poor,interpolated,63,0.17153846153846153,0.4122815839225631,25,0.38480606413009094
Amp_Mean,poor,interpolated,64,0.1346153846153846,0.521166503416824,25,0.28302350517879854
Amp_Mean,poor,interpolated,65,0.1623076923076923,0.4382499479372728,25,0.35827812682699456
Amp_Mean,poor,interpolated,66,0.2030769230769231,0.33025715098657127,25,0.481147769927258
Amp_Mean,poor,interpolated,67,0.19615384615384615,0.3473556499313192,25,0.45922563269278044
Amp_Mean,poor,interpolated,68,0.22615384615384618,0.27701967350071866,25,0.557489386930495
Amp_Mean,poor,interpolated,69,0.2169230769230769,0.2976182551465212,25,0.5263404337906398
Amp_Mean,poor,interpolated,70,0.23307692307692307,0.2621810889919956,25,0.5813986369884766
Amp_Mean,poor,interpolated,71,0.16923076923076924,0.4186924778221306,25,0.3781048415202485
Amp_Mean,poor,interpolated,72,0.17076923076923078,0.41441248904353023,25,0.382567164843521
BCI,poor,interpolated,12,0.11461538461538462,0.5853816553920668,25,0.232560891548333
BCI,poor,interpolated,13,0.11384615384615385,0.587918223858522,25,0.230683077659992
BCI,poor,interpolated,14,0.1769230769230769,0.3975359801687698,25,0.4006235581229947
BCI,poor,interpolated,15,0.1769230769230769,0.3975359801687698,25,0.4006235581229947
BCI,poor,interpolated,16,0.16692307692307692,0.4251577275286923,25,0.371449922920324
BCI,poor,interpolated,17,0.1853846153846154,0.37497456077893954,25,0.4259981949071824
BCI,poor,interpolated,18,0.1676923076923077,0.42299662502829005,25,0.3736630977252828
BCI,poor,interpolated,19,0.12307692307692307,0.5577983491381822,25,0.25352277540743545
BCI,poor,interpolated,20,0.13692307692307693,0.5139816221819469,25,0.2890524092686514
BCI,poor,interpolated,21,0.19999999999999998,0.3377926739978242,25,0.4713497735833068
BCI,poor,interpolated,22,0.1946153846153846,0.35122536711204,25,0.45441412488743466
BCI,poor,interpolated,23,0.22076923076923075,0.28892247278173616,25,0.539218676828265
BCI,poor,interpolated,24,0.27,0.19179567749800042,25,0.7171611847561787
BCI,poor,interpolated,25,0.30076923076923073,0.14403433570907231,25,0.8415339660196048
BCI,poor,interpolated,26,0.32076923076923075,0.11796423928301568,25,0.9282496285910876
BCI,poor,interpolated,27,0.33076923076923076,0.10630845408160393,25,0.9734321972358987
BCI,poor,interpolated,28,0.30230769230769233,0.14189407251612246,25,0.8480357463840179
BCI,poor,interpolated,29,0.27153846153846156,0.18917776818595083,25,0.7231299024028823
BCI,poor,interpolated,30,0.19,0.3629865382459393,25,0.44010948095262964
BCI,poor,interpolated,31,0.1746153846153846,0.4038188280591748,25,0.3938134359332982
BCI,poor,interpolated,32,0.10999999999999999,0.6006715408190598,25,0.221362943977451
BCI,poor,interpolated,33,0.20846153846153848,0.31731661623634716,25,0.4985071855396413
BCI,poor,interpolated,34,0.22923076923076924,0.27036018984311405,25,0.5680572572729743
BCI,poor,interpolated,35,0.1853846153846154,0.37497456077893954,25,0.4259981949071824
BCI,poor,interpolated,36,0.15692307692307692,0.45379350880333014,25,0.34314172068346965
BCI,poor,interpolated,37,0.08384615384615385,0.6902832969004511,25,0.16097263530607198
BCI,poor,interpolated,38,0.15846153846153843,0.4493231524799268,25,0.3474412027396788
BCI,poor,interpolated,39,0.17384615384615384,0.4059253647566914,25,0.3915538103981827
BCI,poor,interpolated,40,0.2030769230769231,0.33025715098657127,25,0.481147769927258
BCI,poor,interpolated,41,0.19307692307692306,0.3551204559765637,25,0.44962431034589556
BCI,poor,interpolated,42,0.18230769230769234,0.3830917730325135,25,0.4166971744720163
BCI,poor,interpolated,43,0.20076923076923076,0.3358992064225955,25,0.4737910221979155
BCI,poor,interpolated,44,0.15076923076923077,0.4719066833093053,25,0.3261438719814865
BCI,poor,interpolated,45,0.15999999999999998,0.44487621013103373,25,0.3517608176393693
BCI,poor,interpolated,46,0.1376923076923077,0.5115973965854037,25,0.29107167422362235
BCI,poor,interpolated,47,0.07615384615384616,0.717500486460383,25,0.14417780014520576
BCI,poor,interpolated,48,0.11384615384615385,0.587918223858522,25,0.230683077659992
BCI,poor,interpolated,49,0.10461538461538461,0.6187190398978742,25,0.20850651919035743
BCI,poor,interpolated,50,0.12461538461538461,0.5528474184863239,25,0.25739471399898967
BCI,poor,interpolated,51,0.08384615384615385,0.6902832969004511,25,0.16097263530607198
BCI,poor,interpolated,52,0.046153846153846156,0.8265946777375633,25,0.08270739537254054
BCI,poor,interpolated,53,0.06769230769230769,0.7478295709921495,25,0.1261973657867745
BCI,poor,interpolated,54,0.013076923076923076,0.9505312934668323,25,0.02203358068570549
BCI,poor,interpolated,55,0.04538461538461538,0.8294429316309466,25,0.0812134894833551
BCI,poor,interpolated,56,0.014615384615384615,0.9447196857477185,25,0.02469703486870021
BCI,poor,interpolated,57,0.061538461538461535,0.7701210708628821,25,0.11344099395171946
BCI,poor,interpolated,58,0.09076923076923075,0.6661022395647747,25,0.17645910615850144
BCI,poor,interpolated,59,0.050769230769230775,0.809551014193721,25,0.0917557788009619
BCI,poor,interpolated,60,0.07384615384615385,0.7257331056231732,25,0.13922306534131956
BCI,poor,interpolated,61,0.11923076923076922,0.5702629145851892,25,0.24392487059392925
BCI,poor,interpolated,62,0.16307692307692304,0.43605302334597895,25,0.36046069801020875
BCI,poor,interpolated,63,0.15461538461538463,0.4605426867968305,25,0.33673010969920175
BCI,poor,interpolated,64,0.15923076923076923,0.4470967473255907,25,0.3495984896570987
BCI,poor,interpolated,65,0.13,0.5356794124214603,25,0.2710950443935544
BCI,poor,interpolated,66,0.14076923076923076,0.5021146784013018,25,0.299197082637781
BCI,poor,interpolated,67,0.12076923076923077,0.5652622451028124,25,0.24775002089241166
BCI,poor,interpolated,68,0.09923076923076923,0.6369836836671996,25,0.19587169197242738
BCI,poor,interpolated,69,0.09384615384615384,0.6554564771802143,25,0.18345614050784106
BCI,poor,interpolated,70,0.12615384615384617,0.5479166934662429,25,0.26128546764371624
BCI,poor,interpolated,71,0.08846153846153845,0.6741280977330553,25,0.1712575710423218
BCI,poor,interpolated,72,0.06384615384615384,0.761739933956736,25,0.1181932760694221
PowerAbs_Alpha,poor,interpolated,12,-0.027692307692307697,0.895460758092133,25,-0.04795344154858395
PowerAbs_Alpha,poor,interpolated,13,-0.009999999999999998,0.9621615894640947,25,-0.01675198459491553
PowerAbs_Alpha,poor,interpolated,14,0.0007692307692307692,0.9970883402731314,25,0.001266362256514648
PowerAbs_Alpha,poor,interpolated,15,0.022307692307692306,0.915708552227811,25,0.03824272971624026
PowerAbs_Alpha,poor,interpolated,16,0.039999999999999994,0.8494374038786923,25,0.07086861932783967
PowerAbs_Alpha,poor,interpolated,17,-0.006153846153846154,0.9767097610107518,25,-0.010234472021239548
PowerAbs_Alpha,poor,interpolated,18,0.0007692307692307692,0.9970883402731314,25,0.001266362256514648
PowerAbs_Alpha,poor,interpolated,19,-0.01769230769230769,0.9331049901273374,25,-0.03006948801377476
PowerAbs_Alpha,poor,interpolated,20,0.010769230769230769,0.9592532204663393,25,0.018066734085953006
PowerAbs_Alpha,poor,interpolated,21,0.007692307692307692,0.9708893714908722,25,0.012830253190067288
PowerAbs_Alpha,poor,interpolated,22,-0.006153846153846154,0.9767097610107518,25,-0.010234472021239548
PowerAbs_Alpha,poor,interpolated,23,0.012307692307692308,0.9534380364247024,25,0.02070752633403368
PowerAbs_Alpha,poor,interpolated,24,0.052307692307692305,0.8038880741031628,25,0.09480441416590192
PowerAbs_Alpha,poor,interpolated,25,0.048461538461538466,0.8180628156317413,25,0.08721334738633166
PowerAbs_Alpha,poor,interpolated,26,0.048461538461538466,0.8180628156317413,25,0.08721334738633166
PowerAbs_Alpha,poor,interpolated,27,0.06999999999999999,0.7395196738699978,25,0.13105026772588133
PowerAbs_Alpha,poor,interpolated,28,0.04384615384615385,0.8351456850006211,25,0.07823775844090579
PowerAbs_Alpha,poor,interpolated,29,-0.009999999999999998,0.9621615894640947,25,-0.01675198459491553
PowerAbs_Alpha,poor,interpolated,30,-0.06307692307692309,0.7645308004755562,25,-0.11660501357785737
PowerAbs_Alpha,poor,interpolated,31,-0.06923076923076923,0.7422865391098582,25,-0.12942841502769564
PowerAbs_Alpha,poor,interpolated,32,-0.13076923076923078,0.5332474737633857,25,-0.27307119332479785
PowerAbs_Alpha,poor,interpolated,33,-0.04230769230769231,0.8408565379913094,25,-0.0752780946580581
PowerAbs_Alpha,poor,interpolated,34,-0.09153846153846153,0.6634348089960707,25,-0.1782017457222953
PowerAbs_Alpha,poor,interpolated,35,-0.09692307692307693,0.6448756436801819,25,-0.1905240256290263
PowerAbs_Alpha,poor,interpolated,36,-0.09,0.6687736167185602,25,-0.17472086825377914
PowerAbs_Alpha,poor,interpolated,37,-0.14846153846153848,0.4787936059036386,25,-0.3198516580553278
PowerAbs_Alpha,poor,interpolated,38,-0.13,0.5356794124214603,25,-0.2710950443935544
PowerAbs_Alpha,poor,interpolated,39,-0.11615384615384615,0.5803228055887673,25,-0.23633036214829972
PowerAbs_Alpha,poor,interpolated,40,-0.11153846153846154,0.5955562161058598,25,-0.22507723805649185
PowerAbs_Alpha,poor,interpolated,41,-0.12461538461538461,0.5528474184863239,25,-0.25739471399898967
PowerAbs_Alpha,poor,interpolated,42,-0.11384615384615385,0.587918223858522,25,-0.230683077659992
PowerAbs_Alpha,poor,interpolated,43,-0.050769230769230775,0.809551014193721,25,-0.0917557788009619
PowerAbs_Alpha,poor,interpolated,44,-0.06846153846153846,0.7450565153020174,25,-0.1278107831538572
PowerAbs_Alpha,poor,interpolated,45,-0.06,0.7757225089906123,25,-0.11029360653365736
PowerAbs_Alpha,poor,interpolated,46,-0.033846153846153845,0.8723986996127842,25,-0.05928499044708915
PowerAbs_Alpha,poor,interpolated,47,-0.04538461538461538,0.8294429316309466,25,-0.0812134894833551
PowerAbs_Alpha,poor,interpolated,48,0.0007692307692307692,0.9970883402731314,25,0.001266362256514648
PowerAbs_Alpha,poor,interpolated,49,0.016923076923076923,0.9360075092301826,25,0.028720667069426966
PowerAbs_Alpha,poor,interpolated,50,-0.04538461538461538,0.8294429316309466,25,-0.0812134894833551
PowerAbs_Alpha,poor,interpolated,51,-0.020769230769230772,0.921503568780896,25,-0.035502978514523185
PowerAbs_Alpha,poor,interpolated,52,-0.07999999999999999,0.7038476432462639,25,-0.15252133923619812
PowerAbs_Alpha,poor,interpolated,53,-0.07999999999999999,0.7038476432462639,25,-0.15252133923619812
PowerAbs_Alpha,poor,interpolated,54,-0.12307692307692307,0.5577983491381822,25,-0.25352277540743545
PowerAbs_Alpha,poor,interpolated,55,-0.10230769230769231,0.6265206720554171,25,-0.2030645948829438
PowerAbs_Alpha,poor,interpolated,56,-0.04230769230769231,0.8408565379913094,25,-0.0752780946580581
PowerAbs_Alpha,poor,interpolated,57,0.011538461538461539,0.9563453574358284,25,0.019385246067388055
PowerAbs_Alpha,poor,interpolated,58,-0.010769230769230769,0.9592532204663393,25,-0.018066734085953006
PowerAbs_Alpha,poor,interpolated,59,0.004615384615384616,0.9825313078759506,25,0.007653602152398421
PowerAbs_Alpha,poor,interpolated,60,0.013076923076923076,0.9505312934668323,25,0.02203358068570549
PowerAbs_Alpha,poor,interpolated,61,0.052307692307692305,0.8038880741031628,25,0.09480441416590192
PowerAbs_Alpha,poor,interpolated,62,0.057692307692307696,0.7841450370675709,25,0.1056036018914673
PowerAbs_Alpha,poor,interpolated,63,0.04461538461538461,0.8322932787592981,25,0.07972361252737191
PowerAbs_Alpha,poor,interpolated,64,0.041538461538461545,0.8437149161571618,25,0.07380427287041232
PowerAbs_Alpha,poor,interpolated,65,0.04461538461538461,0.8322932787592981,25,0.07972361252737191
PowerAbs_Alpha,poor,interpolated,66,0.06230769230769231,0.7673245235239029,25,0.11502092162083212
PowerAbs_Alpha,poor,interpolated,67,0.039999999999999994,0.8494374038786923,25,0.07086861932783967
PowerAbs_Alpha,poor,interpolated,68,0.06769230769230769,0.7478295709921495,25,0.1261973657867745
PowerAbs_Alpha,poor,interpolated,69,0.06461538461538462,0.7589519561117964,25,0.11978571535081231
PowerAbs_Alpha,poor,interpolated,70,0.06769230769230769,0.7478295709921495,25,0.1261973657867745
PowerAbs_Alpha,poor,interpolated,71,0.05538461538461539,0.7925912249870333,25,0.10095074017847062
PowerAbs_Alpha,poor,interpolated,72,0.0876923076923077,0.67681114475276,25,0.1695324985730877
PowerAbs_Beta,poor,interpolated,12,-0.09,0.6687736167185602,25,-0.17472086825377914
PowerAbs_Beta,poor,interpolated,13,-0.015384615384615384,0.941814892951957,25,-0.026034446325112932
PowerAbs_Beta,poor,interpolated,14,-0.014615384615384615,0.9447196857477185,25,-0.02469703486870021
PowerAbs_Beta,poor,interpolated,15,-0.01769230769230769,0.9331049901273374,25,-0.03006948801377476
PowerAbs_Beta,poor,interpolated,16,-0.0015384615384615385,0.9941767167264197,25,-0.0025364121039226895
PowerAbs_Beta,poor,interpolated,17,-0.04923076923076923,0.815223274483154,25,-0.08872342979246536
PowerAbs_Beta,poor,interpolated,18,-0.049999999999999996,0.8123859961085287,25,-0.09023757156118696
PowerAbs_Beta,poor,interpolated,19,-0.10923076923076921,0.6032361286157772,25,-0.21951265588397162
PowerAbs_Beta,poor,interpolated,20,-0.11538461538461539,0.582849841380997,25,-0.23444331738384533
PowerAbs_Beta,poor,interpolated,21,-0.11153846153846154,0.5955562161058598,25,-0.22507723805649185
PowerAbs_Beta,poor,interpolated,22,-0.06923076923076923,0.7422865391098582,25,-0.12942841502769564
PowerAbs_Beta,poor,interpolated,23,-0.05307692307692308,0.8010601829120341,25,-0.09633485454653845
PowerAbs_Beta,poor,interpolated,24,-0.025384615384615387,0.9041313354468479,25,-0.043768478687343564
PowerAbs_Beta,poor,interpolated,25,-0.046153846153846156,0.8265946777375633,25,-0.08270739537254054
PowerAbs_Beta,poor,interpolated,26,-0.04076923076923076,0.8465752162712104,25,-0.07233444976964393
PowerAbs_Beta,poor,interpolated,27,0.0015384615384615385,0.9941767167264197,25,0.0025364121039226895
PowerAbs_Beta,poor,interpolated,28,-0.030769230769230767,0.8839182553315145,25,-0.053587896638481236
PowerAbs_Beta,poor,interpolated,29,-0.08846153846153845,0.6741280977330553,25,-0.1712575710423218
PowerAbs_Beta,poor,interpolated,30,-0.08076923076923077,0.7011275748533198,25,-0.15420295205636497
PowerAbs_Beta,poor,interpolated,31,-0.06461538461538462,0.7589519561117964,25,-0.11978571535081231
PowerAbs_Beta,poor,interpolated,32,-0.08538461538461539,0.6848831681823175,25,-0.16438350696190068
PowerAbs_Beta,poor,interpolated,33,-0.09230769230769231,0.6607713531148642,25,-0.17994879355362453
PowerAbs_Beta,poor,interpolated,34,-0.08076923076923077,0.7011275748533198,25,-0.15420295205636497
PowerAbs_Beta,poor,interpolated,35,-0.07153846153846154,0.7339954015507332,25,-0.13430666091144677
PowerAbs_Beta,poor,interpolated,36,-0.10153846153846155,0.6291299593362891,25,-0.20125963310361375
PowerAbs_Beta,poor,interpolated,37,-0.07999999999999999,0.7038476432462639,25,-0.15252133923619812
PowerAbs_Beta,poor,interpolated,38,-0.07153846153846154,0.7339954015507332,25,-0.13430666091144677
PowerAbs_Beta,poor,interpolated,39,-0.05307692307692308,0.8010601829120341,25,-0.09633485454653845
PowerAbs_Beta,poor,interpolated,40,-0.033846153846153845,0.8723986996127842,25,-0.05928499044708915
PowerAbs_Beta,poor,interpolated,41,-0.04230769230769231,0.8408565379913094,25,-0.0752780946580581
PowerAbs_Beta,poor,interpolated,42,0.015384615384615384,0.941814892951957,25,0.026034446325112932
PowerAbs_Beta,poor,interpolated,43,0.07999999999999999,0.7038476432462639,25,0.15252133923619812
PowerAbs_Beta,poor,interpolated,44,0.059230769230769226,0.7785273348381129,25,0.10872613433420883
PowerAbs_Beta,poor,interpolated,45,0.08846153846153845,0.6741280977330553,25,0.1712575710423218
PowerAbs_Beta,poor,interpolated,46,0.09999999999999999,0.6343614915786997,25,0.19766318839927324
PowerAbs_Beta,poor,interpolated,47,0.07615384615384616,0.717500486460383,25,0.14417780014520576
PowerAbs_Beta,poor,interpolated,48,0.11692307692307692,0.5778005716279875,25,0.23822203283665075
PowerAbs_Beta,poor,interpolated,49,0.09923076923076923,0.6369836836671996,25,0.19587169197242738
PowerAbs_Beta,poor,interpolated,50,0.06538461538461539,0.7561668989895343,25,0.12138233768603263
PowerAbs_Beta,poor,interpolated,51,0.04461538461538461,0.8322932787592981,25,0.07972361252737191
PowerAbs_Beta,poor,interpolated,52,-0.006153846153846154,0.9767097610107518,25,-0.010234472021239548
PowerAbs_Beta,poor,interpolated,53,0.06307692307692309,0.7645308004755562,25,0.11660501357785737
PowerAbs_Beta,poor,interpolated,54,0.01769230769230769,0.9331049901273374,25,0.03006948801377476
PowerAbs_Beta,poor,interpolated,55,0.006153846153846154,0.9767097610107518,25,0.010234472021239548
PowerAbs_Beta,poor,interpolated,56,0.03769230769230769,0.858034946173457,25,0.06649502378156533
PowerAbs_Beta,poor,interpolated,57,0.12923076923076923,0.538116551492184,25,0.2691236496350276
PowerAbs_Beta,poor,interpolated,58,0.15615384615384614,0.4560374306078927,25,0.3409995098809197
PowerAbs_Beta,poor,interpolated,59,0.13,0.5356794124214603,25,0.2710950443935544
PowerAbs_Beta,poor,interpolated,60,0.15692307692307692,0.45379350880333014,25,0.34314172068346965
PowerAbs_Beta,poor,interpolated,61,0.15384615384615383,0.46280399078181256,25,0.3346029047612409
PowerAbs_Beta,poor,interpolated,62,0.18076923076923077,0.387187732465351,25,0.41207841119578414
PowerAbs_Beta,poor,interpolated,63,0.18615384615384614,0.3729608729013305,25,0.4283367273719019
PowerAbs_Beta,poor,interpolated,64,0.1746153846153846,0.4038188280591748,25,0.3938134359332982
PowerAbs_Beta,poor,interpolated,65,0.16307692307692304,0.43605302334597895,25,0.36046069801020875
PowerAbs_Beta,poor,interpolated,66,0.15307692307692308,0.4650710581407873,25,0.33248068624819976
PowerAbs_Beta,poor,interpolated,67,0.16846153846153847,0.4208415376807141,25,0.37588140123257535
PowerAbs_Beta,poor,interpolated,68,0.16692307692307692,0.4251577275286923,25,0.371449922920324
PowerAbs_Beta,poor,interpolated,69,0.1376923076923077,0.5115973965854037,25,0.29107167422362235
PowerAbs_Beta,poor,interpolated,70,0.11923076923076922,0.5702629145851892,25,0.24392487059392925
PowerAbs_Beta,poor,interpolated,71,0.13076923076923078,0.5332474737633857,25,0.27307119332479785
PowerAbs_Beta,poor,interpolated,72,0.12153846153846154,0.5627693094732826,25,0.24966959476578043
PowerAbs_Delta,poor,interpolated,12,0.09999999999999999,0.6343614915786997,25,0.19766318839927324
PowerAbs_Delta,poor,interpolated,13,0.07999999999999999,0.7038476432462639,25,0.15252133923619812
PowerAbs_Delta,poor,interpolated,14,0.10538461538461538,0.6161273255695086,25,0.21032952959177612
PowerAbs_Delta,poor,interpolated,15,0.14153846153846153,0.49975763869148104,25,0.301240559058358
PowerAbs_Delta,poor,interpolated,16,0.1523076923076923,0.46734387324425375,25,0.3303634464238259
PowerAbs_Delta,poor,interpolated,17,0.1753846153846154,0.4017184112492952,25,0.39607826356148274
PowerAbs_Delta,poor,interpolated,18,0.15615384615384614,0.4560374306078927,25,0.3409995098809197
PowerAbs_Delta,poor,interpolated,19,0.1453846153846154,0.48805519410308196,25,0.3115310609092959
PowerAbs_Delta,poor,interpolated,20,0.19153846153846155,0.3590408645895138,25,0.4448561189544622
PowerAbs_Delta,poor,interpolated,21,0.17153846153846153,0.4122815839225631,25,0.38480606413009094
PowerAbs_Delta,poor,interpolated,22,0.1392307692307692,0.50684516288957,25,0.2951246938678387
PowerAbs_Delta,poor,interpolated,23,0.20461538461538462,0.3265277832159157,25,0.48607986007339693
PowerAbs_Delta,poor,interpolated,24,0.19769230769230767,0.343511353605786,25,0.46405890423221513
PowerAbs_Delta,poor,interpolated,25,0.1753846153846154,0.4017184112492952,25,0.39607826356148274
PowerAbs_Delta,poor,interpolated,26,0.18307692307692305,0.38105311818715226,25,0.4190144801574303
PowerAbs_Delta,poor,interpolated,27,0.1776923076923077,0.39545398689886,25,0.40290404161877313
PowerAbs_Delta,poor,interpolated,28,0.18692307692307694,0.37095344799135543,25,0.43068058782157126
PowerAbs_Delta,poor,interpolated,29,0.13384615384615384,0.5235721336415065,25,0.2810234761926719
PowerAbs_Delta,poor,interpolated,30,0.10461538461538461,0.6187190398978742,25,0.20850651919035743
PowerAbs_Delta,poor,interpolated,31,0.12307692307692307,0.5577983491381822,25,0.25352277540743545
PowerAbs_Delta,poor,interpolated,32,0.11153846153846154,0.5955562161058598,25,0.22507723805649185
PowerAbs_Delta,poor,interpolated,33,0.12307692307692307,0.5577983491381822,25,0.25352277540743545
PowerAbs_Delta,poor,interpolated,34,0.07461538461538461,0.722985560826711,25,0.14087037617144668
PowerAbs_Delta,poor,interpolated,35,0.07076923076923076,0.7367559509342094,25,0.13267634757515068
PowerAbs_Delta,poor,interpolated,36,0.036923076923076927,0.8609043379608134,25,0.06504510383541463
PowerAbs_Delta,poor,interpolated,37,0.003846153846153846,0.9854424249431718,25,0.0063687445554296545
PowerAbs_Delta,poor,interpolated,38,0.023846153846153843,0.9099177127623183,25,0.040997880765848725
PowerAbs_Delta,poor,interpolated,39,0.013846153846153848,0.9476251645766063,25,0.023363414927271287
PowerAbs_Delta,poor,interpolated,40,-0.006923076923076924,0.9737994035133074,25,-0.011530495810825317
PowerAbs_Delta,poor,interpolated,41,-0.018461538461538463,0.9302033007015402,25,-0.03142212378609975
PowerAbs_Delta,poor,interpolated,42,0.005384615384615384,0.9796204078469652,25,0.008942176055485059
PowerAbs_Delta,poor,interpolated,43,-0.003076923076923077,0.988353722886774,25,-0.005087597512593933
PowerAbs_Delta,poor,interpolated,44,0.023076923076923078,0.912812592529089,25,0.039618377323218164
PowerAbs_Delta,poor,interpolated,45,0.023846153846153843,0.9099177127623183,25,0.040997880765848725
PowerAbs_Delta,poor,interpolated,46,0.02846153846153846,0.8925731044757399,25,0.049356203708524574
PowerAbs_Delta,poor,interpolated,47,0.036923076923076927,0.8609043379608134,25,0.06504510383541463
PowerAbs_Delta,poor,interpolated,48,0.08307692307692309,0.6929889078837379,25,0.15927371673514554
PowerAbs_Delta,poor,interpolated,49,0.05153846153846154,0.8067183623480412,25,0.09327805762791785
PowerAbs_Delta,poor,interpolated,50,0.048461538461538466,0.8180628156317413,25,0.08721334738633166
PowerAbs_Delta,poor,interpolated,51,0.036923076923076927,0.8609043379608134,25,0.06504510383541463
PowerAbs_Delta,poor,interpolated,52,0.025384615384615387,0.9041313354468479,25,0.043768478687343564
PowerAbs_Delta,poor,interpolated,53,0.05846153846153846,0.7813348550958149,25,0.10716280152155531
PowerAbs_Delta,poor,interpolated,54,0.03923076923076923,0.8523014444616794,25,0.06940677552407411
PowerAbs_Delta,poor,interpolated,55,0.04538461538461538,0.8294429316309466,25,0.0812134894833551
PowerAbs_Delta,poor,interpolated,56,0.08692307692307692,0.6794980246772079,25,0.16781180143779376
PowerAbs_Delta,poor,interpolated,57,0.14153846153846153,0.49975763869148104,25,0.301240559058358
PowerAbs_Delta,poor,interpolated,58,0.13153846153846155,0.5308207561584127,25,0.2750521036884922
PowerAbs_Delta,poor,interpolated,59,0.10230769230769231,0.6265206720554171,25,0.2030645948829438
PowerAbs_Delta,poor,interpolated,60,0.12076923076923077,0.5652622451028124,25,0.24775002089241166
PowerAbs_Delta,poor,interpolated,61,0.1576923076923077,0.45155541117112874,25,0.3452889490287004
PowerAbs_Delta,poor,interpolated,62,0.13692307692307693,0.5139816221819469,25,0.2890524092686514
PowerAbs_Delta,poor,interpolated,63,0.16384615384615386,0.4338620362289227,25,0.36264834981919164
PowerAbs_Delta,poor,interpolated,64,0.14615384615384616,0.4857313808455339,25,0.3136038378738746
PowerAbs_Delta,poor,interpolated,65,0.17153846153846153,0.4122815839225631,25,0.38480606413009094
PowerAbs_Delta,poor,interpolated,66,0.1815384615384615,0.38513664752146737,25,0.4143851542957494
PowerAbs_Delta,poor,interpolated,67,0.14384615384615382,0.49271954928907735,25,0.30740020618472075
PowerAbs_Delta,poor,interpolated,68,0.19538461538461538,0.34928733392328004,25,0.45681716273613654
PowerAbs_Delta,poor,interpolated,69,0.20230769230769227,0.3321314401444694,25,0.478690011378538
PowerAbs_Delta,poor,interpolated,70,0.19307692307692306,0.3551204559765637,25,0.44962431034589556
PowerAbs_Delta,poor,interpolated,71,0.16076923076923075,0.44266155514604155,25,0.35392819456270547
PowerAbs_Delta,poor,interpolated,72,0.14923076923076922,0.4764922925149131,25,0.3219441198846572
PowerAbs_Gamma,poor,interpolated,12,-0.006153846153846154,0.9767097610107518,25,-0.010234472021239548
PowerAbs_Gamma,poor,interpolated,13,0.046153846153846156,0.8265946777375633,25,0.08270739537254054
PowerAbs_Gamma,poor,interpolated,14,0.11384615384615385,0.587918223858522,25,0.230683077659992
PowerAbs_Gamma,poor,interpolated,15,0.08923076923076922,0.6714489122271149,25,0.17298702541060335
PowerAbs_Gamma,poor,interpolated,16,0.06538461538461539,0.7561668989895343,25,0.12138233768603263
PowerAbs_Gamma,poor,interpolated,17,0.008461538461538461,0.9679797010687115,25,0.014133749929500002
PowerAbs_Gamma,poor,interpolated,18,-0.04384615384615385,0.8351456850006211,25,-0.07823775844090579
PowerAbs_Gamma,poor,interpolated,19,-0.0876923076923077,0.67681114475276,25,-0.1695324985730877
PowerAbs_Gamma,poor,interpolated,20,-0.08307692307692309,0.6929889078837379,25,-0.15927371673514554
PowerAbs_Gamma,poor,interpolated,21,-0.09538461538461537,0.6501578339912331,25,-0.1869812001101879
PowerAbs_Gamma,poor,interpolated,22,-0.07999999999999999,0.7038476432462639,25,-0.15252133923619812
PowerAbs_Gamma,poor,interpolated,23,-0.08230769230769232,0.6956981775319502,25,-0.15757913432936213
PowerAbs_Gamma,poor,interpolated,24,-0.06923076923076923,0.7422865391098582,25,-0.12942841502769564
PowerAbs_Gamma,poor,interpolated,25,-0.09615384615384616,0.6475146685503539,25,-0.18875038879370892
PowerAbs_Gamma,poor,interpolated,26,-0.06846153846153846,0.7450565153020174,25,-0.1278107831538572
PowerAbs_Gamma,poor,interpolated,27,-0.03846153846153846,0.8551673034402157,25,-0.0679489123443544
PowerAbs_Gamma,poor,interpolated,28,-0.023846153846153843,0.9099177127623183,25,-0.040997880765848725
PowerAbs_Gamma,poor,interpolated,29,-0.06692307692307692,0.7506056746243597,25,-0.1245881566179397
PowerAbs_Gamma,poor,interpolated,30,-0.1276923076923077,0.5430063475050673,25,-0.26519509367024646
PowerAbs_Gamma,poor,interpolated,31,-0.059230769230769226,0.7785273348381129,25,-0.10872613433420883
PowerAbs_Gamma,poor,interpolated,32,-0.09846153846153846,0.6396101242558592,25,-0.19408467051421135
PowerAbs_Gamma,poor,interpolated,33,-0.12230769230769231,0.5602813366901465,25,-0.2515938439030891
PowerAbs_Gamma,poor,interpolated,34,-0.13384615384615384,0.5235721336415065,25,-0.2810234761926719
PowerAbs_Gamma,poor,interpolated,35,-0.11615384615384615,0.5803228055887673,25,-0.23633036214829972
PowerAbs_Gamma,poor,interpolated,36,-0.10999999999999999,0.6006715408190598,25,-0.221362943977451
PowerAbs_Gamma,poor,interpolated,37,-0.08846153846153845,0.6741280977330553,25,-0.1712575710423218
PowerAbs_Gamma,poor,interpolated,38,-0.030769230769230767,0.8839182553315145,25,-0.053587896638481236
PowerAbs_Gamma,poor,interpolated,39,-0.013846153846153848,0.9476251645766063,25,-0.023363414927271287
PowerAbs_Gamma,poor,interpolated,40,0.007692307692307692,0.9708893714908722,25,0.012830253190067288
PowerAbs_Gamma,poor,interpolated,41,0.04923076923076923,0.815223274483154,25,0.08872342979246536
PowerAbs_Gamma,poor,interpolated,42,0.1392307692307692,0.50684516288957,25,0.2951246938678387
PowerAbs_Gamma,poor,interpolated,43,0.14384615384615382,0.49271954928907735,25,0.30740020618472075
PowerAbs_Gamma,poor,interpolated,44,0.16076923076923075,0.44266155514604155,25,0.35392819456270547
PowerAbs_Gamma,poor,interpolated,45,0.15461538461538463,0.4605426867968305,25,0.33673010969920175
PowerAbs_Gamma,poor,interpolated,46,0.15999999999999998,0.44487621013103373,25,0.3517608176393693
PowerAbs_Gamma,poor,interpolated,47,0.13153846153846155,0.5308207561584127,25,0.2750521036884922
PowerAbs_Gamma,poor,interpolated,48,0.11846153846153845,0.5727706028933913,25,0.24201928003122006
PowerAbs_Gamma,poor,interpolated,49,0.12230769230769231,0.5602813366901465,25,0.2515938439030891
PowerAbs_Gamma,poor,interpolated,50,0.1392307692307692,0.50684516288957,25,0.2951246938678387
PowerAbs_Gamma,poor,interpolated,51,0.1623076923076923,0.4382499479372728,25,0.35827812682699456
PowerAbs_Gamma,poor,interpolated,52,0.10769230769230768,0.6083790310806795,25,0.21582576313135024
PowerAbs_Gamma,poor,interpolated,53,0.10615384615384615,0.6135400689983799,25,0.21215706916086627
PowerAbs_Gamma,poor,interpolated,54,0.08153846153846152,0.6984110763822491,25,0.15588888159695274
PowerAbs_Gamma,poor,interpolated,55,0.06384615384615384,0.761739933956736,25,0.1181932760694221
PowerAbs_Gamma,poor,interpolated,56,0.12076923076923077,0.5652622451028124,25,0.24775002089241166
PowerAbs_Gamma,poor,interpolated,57,0.19153846153846155,0.3590408645895138,25,0.4448561189544622
PowerAbs_Gamma,poor,interpolated,58,0.21076923076923076,0.3118670341866451,25,0.5060305297875345
PowerAbs_Gamma,poor,interpolated,59,0.21384615384615382,0.30469106597880624,25,0.5161402797877921
PowerAbs_Gamma,poor,interpolated,60,0.15153846153846154,0.4696224202911933,25,0.3282511775689674
PowerAbs_Gamma,poor,interpolated,61,0.1476923076923077,0.4811005696665245,25,0.31776412885324207
PowerAbs_Gamma,poor,interpolated,62,0.16153846153846155,0.4404527964471071,25,0.35610062832121625
PowerAbs_Gamma,poor,interpolated,63,0.16153846153846155,0.4404527964471071,25,0.35610062832121625
PowerAbs_Gamma,poor,interpolated,64,0.1453846153846154,0.48805519410308196,25,0.3115310609092959
PowerAbs_Gamma,poor,interpolated,65,0.15076923076923077,0.4719066833093053,25,0.3261438719814865
PowerAbs_Gamma,poor,interpolated,66,0.15846153846153843,0.4493231524799268,25,0.3474412027396788
PowerAbs_Gamma,poor,interpolated,67,0.15153846153846154,0.4696224202911933,25,0.3282511775689674
PowerAbs_Gamma,poor,interpolated,68,0.17615384615384613,0.39962412508987566,25,0.3983483015342815
PowerAbs_Gamma,poor,interpolated,69,0.13,0.5356794124214603,25,0.2710950443935544
PowerAbs_Gamma,poor,interpolated,70,0.15846153846153843,0.4493231524799268,25,0.3474412027396788
PowerAbs_Gamma,poor,interpolated,71,0.11307692307692309,0.5904595228666748,25,0.22880986875016085
PowerAbs_Gamma,poor,interpolated,72,0.10769230769230768,0.6083790310806795,25,0.21582576313135024
PowerAbs_Theta,poor,interpolated,12,-0.012307692307692308,0.9534380364247024,25,-0.02070752633403368
PowerAbs_Theta,poor,interpolated,13,-0.004615384615384616,0.9825313078759506,25,-0.007653602152398421
PowerAbs_Theta,poor,interpolated,14,-0.002307692307692308,0.9912651655388018,25,-0.0038101552764241
PowerAbs_Theta,poor,interpolated,15,0.026153846153846153,0.9012399090142549,25,0.04515958494542517
PowerAbs_Theta,poor,interpolated,16,0.013076923076923076,0.9505312934668323,25,0.02203358068570549
PowerAbs_Theta,poor,interpolated,17,0.03,0.886801817790994,25,0.052173425327746985
PowerAbs_Theta,poor,interpolated,18,-0.011538461538461539,0.9563453574358284,25,-0.019385246067388055
PowerAbs_Theta,poor,interpolated,19,-0.004615384615384616,0.9825313078759506,25,-0.007653602152398421
PowerAbs_Theta,poor,interpolated,20,0.013846153846153848,0.9476251645766063,25,0.023363414927271287
PowerAbs_Theta,poor,interpolated,21,0.019999999999999997,0.9244025542285002,25,0.0341388631866425
PowerAbs_Theta,poor,interpolated,22,0.05307692307692308,0.8010601829120341,25,0.09633485454653845
PowerAbs_Theta,poor,interpolated,23,0.05538461538461539,0.7925912249870333,25,0.10095074017847062
PowerAbs_Theta,poor,interpolated,24,0.03230769230769231,0.8781554683498889,25,0.05642858993747383
PowerAbs_Theta,poor,interpolated,25,0.052307692307692305,0.8038880741031628,25,0.09480441416590192
PowerAbs_Theta,poor,interpolated,26,0.04923076923076923,0.815223274483154,25,0.08872342979246536
PowerAbs_Theta,poor,interpolated,27,0.007692307692307692,0.9708893714908722,25,0.012830253190067288
PowerAbs_Theta,poor,interpolated,28,-0.016153846153846154,0.9389108221379953,25,-0.027375655116830946
PowerAbs_Theta,poor,interpolated,29,0.009230769230769232,0.9650704283598979,25,0.015440991804416241
PowerAbs_Theta,poor,interpolated,30,-0.04923076923076923,0.815223274483154,25,-0.08872342979246536
PowerAbs_Theta,poor,interpolated,31,-0.05846153846153846,0.7813348550958149,25,-0.10716280152155531
PowerAbs_Theta,poor,interpolated,32,-0.05461538461538461,0.795411725102699,25,-0.09940801140149652
PowerAbs_Theta,poor,interpolated,33,-0.05153846153846154,0.8067183623480412,25,-0.09327805762791785
PowerAbs_Theta,poor,interpolated,34,-0.05307692307692308,0.8010601829120341,25,-0.09633485454653845
PowerAbs_Theta,poor,interpolated,35,-0.06999999999999999,0.7395196738699978,25,-0.13105026772588133
PowerAbs_Theta,poor,interpolated,36,-0.08076923076923077,0.7011275748533198,25,-0.15420295205636497
PowerAbs_Theta,poor,interpolated,37,-0.17615384615384613,0.39962412508987566,25,-0.3983483015342815
PowerAbs_Theta,poor,interpolated,38,-0.13846153846153847,0.5092185704859424,25,-0.29309576661989717
PowerAbs_Theta,poor,interpolated,39,-0.1376923076923077,0.5115973965854037,25,-0.29107167422362235
PowerAbs_Theta,poor,interpolated,40,-0.14615384615384616,0.4857313808455339,25,-0.3136038378738746
PowerAbs_Theta,poor,interpolated,41,-0.15692307692307692,0.45379350880333014,25,-0.34314172068346965
PowerAbs_Theta,poor,interpolated,42,-0.13153846153846155,0.5308207561584127,25,-0.2750521036884922
PowerAbs_Theta,poor,interpolated,43,-0.12923076923076923,0.538116551492184,25,-0.2691236496350276
PowerAbs_Theta,poor,interpolated,44,-0.1576923076923077,0.45155541117112874,25,-0.3452889490287004
PowerAbs_Theta,poor,interpolated,45,-0.15153846153846154,0.4696224202911933,25,-0.3282511775689674
PowerAbs_Theta,poor,interpolated,46,-0.10153846153846155,0.6291299593362891,25,-0.20125963310361375
PowerAbs_Theta,poor,interpolated,47,-0.08384615384615385,0.6902832969004511,25,-0.16097263530607198
PowerAbs_Theta,poor,interpolated,48,-0.05692307692307692,0.7869578479689023,25,-0.10404852924801689
PowerAbs_Theta,poor,interpolated,49,-0.06999999999999999,0.7395196738699978,25,-0.13105026772588133
PowerAbs_Theta,poor,interpolated,50,-0.08461538461538462,0.6875813739255663,25,-0.16267589654419165
PowerAbs_Theta,poor,interpolated,51,-0.05307692307692308,0.8010601829120341,25,-0.09633485454653845
PowerAbs_Theta,poor,interpolated,52,-0.06846153846153846,0.7450565153020174,25,-0.1278107831538572
PowerAbs_Theta,poor,interpolated,53,-0.08538461538461539,0.6848831681823175,25,-0.16438350696190068
PowerAbs_Theta,poor,interpolated,54,-0.11615384615384615,0.5803228055887673,25,-0.23633036214829972
PowerAbs_Theta,poor,interpolated,55,-0.12230769230769231,0.5602813366901465,25,-0.2515938439030891
PowerAbs_Theta,poor,interpolated,56,-0.07615384615384616,0.717500486460383,25,-0.14417780014520576
PowerAbs_Theta,poor,interpolated,57,-0.04923076923076923,0.815223274483154,25,-0.08872342979246536
PowerAbs_Theta,poor,interpolated,58,-0.03846153846153846,0.8551673034402157,25,-0.0679489123443544
PowerAbs_Theta,poor,interpolated,59,-0.03538461538461538,0.8666482296036683,25,-0.062157145825644924
PowerAbs_Theta,poor,interpolated,60,-0.016923076923076923,0.9360075092301826,25,-0.028720667069426966
PowerAbs_Theta,poor,interpolated,61,0.007692307692307692,0.9708893714908722,25,0.012830253190067288
PowerAbs_Theta,poor,interpolated,62,0.021538461538461538,0.9186055562072158,25,0.03687093206980827
PowerAbs_Theta,poor,interpolated,63,0.006923076923076924,0.9737994035133074,25,0.011530495810825317
PowerAbs_Theta,poor,interpolated,64,0.0015384615384615385,0.9941767167264197,25,0.0025364121039226895
PowerAbs_Theta,poor,interpolated,65,-0.03846153846153846,0.8551673034402157,25,-0.0679489123443544
PowerAbs_Theta,poor,interpolated,66,-0.03461538461538462,0.8695226597695909,25,-0.06071909579506408
PowerAbs_Theta,poor,interpolated,67,-0.07923076923076922,0.706571251745497,25,-0.15084403667513924
PowerAbs_Theta,poor,interpolated,68,-0.02923076923076923,0.8896867792662461,25,-0.050762862994033035
PowerAbs_Theta,poor,interpolated,69,-0.016923076923076923,0.9360075092301826,25,-0.028720667069426966
PowerAbs_Theta,poor,interpolated,70,0.0007692307692307692,0.9970883402731314,25,0.001266362256514648
PowerAbs_Theta,poor,interpolated,71,-0.0007692307692307692,0.9970883402731314,25,-0.001266362256514648
PowerAbs_Theta,poor,interpolated,72,-0.009999999999999998,0.9621615894640947,25,-0.01675198459491553
PowerRel_Alpha,poor,interpolated,12,-0.12,0.5677601210384973,25,-0.24583511519366533
PowerRel_Alpha,poor,interpolated,13,-0.1346153846153846,0.521166503416824,25,-0.28302350517879854
PowerRel_Alpha,poor,interpolated,14,-0.1523076923076923,0.46734387324425375,25,-0.3303634464238259
PowerRel_Alpha,poor,interpolated,15,-0.16923076923076924,0.4186924778221306,25,-0.3781048415202485
PowerRel_Alpha,poor,interpolated,16,-0.17384615384615384,0.4059253647566914,25,-0.3915538103981827
PowerRel_Alpha,poor,interpolated,17,-0.14692307692307693,0.4834131669786844,25,-0.31568152466004307
PowerRel_Alpha,poor,interpolated,18,-0.13999999999999999,0.504477192636605,25,-0.2971584633933153
PowerRel_Alpha,poor,interpolated,19,-0.16615384615384618,0.42732483267123456,25,-0.36924186875845905
PowerRel_Alpha,poor,interpolated,20,-0.19076923076923075,0.36101054681468103,25,-0.4424801101261727
PowerRel_Alpha,poor,interpolated,21,-0.19615384615384615,0.3473556499313192,25,-0.45922563269278044
PowerRel_Alpha,poor,interpolated,22,-0.18615384615384614,0.3729608729013305,25,-0.4283367273719019
PowerRel_Alpha,poor,interpolated,23,-0.1753846153846154,0.4017184112492952,25,-0.39607826356148274
PowerRel_Alpha,poor,interpolated,24,-0.21307692307692308,0.3064753923200176,25,-0.5136043903418454
PowerRel_Alpha,poor,interpolated,25,-0.25153846153846154,0.22515909919668434,25,-0.6475104975082462
PowerRel_Alpha,poor,interpolated,26,-0.25846153846153846,0.2122233891167003,25,-0.673206754249212
PowerRel_Alpha,poor,interpolated,27,-0.25153846153846154,0.22515909919668434,25,-0.6475104975082462
PowerRel_Alpha,poor,interpolated,28,-0.2723076923076923,0.18787807204245663,25,-0.7261239050867155
PowerRel_Alpha,poor,interpolated,29,-0.30000000000000004,0.14511308137364481,25,-0.8382934358578226
PowerRel_Alpha,poor,interpolated,30,-0.2946153846153846,0.15282630212252207,25,-0.8158018952128626
PowerRel_Alpha,poor,interpolated,31,-0.29923076923076924,0.14619758715586154,25,-0.8350597949126461
PowerRel_Alpha,poor,interpolated,32,-0.2923076923076923,0.15621944748051073,25,-0.8062649025474424
PowerRel_Alpha,poor,interpolated,33,-0.2923076923076923,0.15621944748051073,25,-0.8062649025474424
PowerRel_Alpha,poor,interpolated,34,-0.30000000000000004,0.14511308137364481,25,-0.8382934358578226
PowerRel_Alpha,poor,interpolated,35,-0.2792307692307692,0.17645690072440767,25,-0.7533613529575703
PowerRel_Alpha,poor,interpolated,36,-0.2753846153846154,0.18274079905369653,25,-0.738164480421007
PowerRel_Alpha,poor,interpolated,37,-0.26076923076923075,0.20802517410935764,25,-0.6818841058294087
PowerRel_Alpha,poor,interpolated,38,-0.27307692307692305,0.186584536258399,25,-0.7291243525291532
PowerRel_Alpha,poor,interpolated,39,-0.22538461538461538,0.27870069210212717,25,-0.5548619527945482
PowerRel_Alpha,poor,interpolated,40,-0.22538461538461538,0.27870069210212717,25,-0.5548619527945482
PowerRel_Alpha,poor,interpolated,41,-0.26384615384615384,0.2025154716206569,25,-0.6935417922873116
PowerRel_Alpha,poor,interpolated,42,-0.24692307692307694,0.23406875542952846,25,-0.6306565540528591
PowerRel_Alpha,poor,interpolated,43,-0.2407692307692308,0.24630621673375477,25,-0.6085246264918248
PowerRel_Alpha,poor,interpolated,44,-0.22538461538461538,0.27870069210212717,25,-0.5548619527945482
PowerRel_Alpha,poor,interpolated,45,-0.23307692307692307,0.2621810889919956,25,-0.5813986369884766
PowerRel_Alpha,poor,interpolated,46,-0.21538461538461537,0.30114175791935816,25,-0.5212290187265936
PowerRel_Alpha,poor,interpolated,47,-0.22538461538461538,0.27870069210212717,25,-0.5548619527945482
PowerRel_Alpha,poor,interpolated,48,-0.2369230769230769,0.25416319508816654,25,-0.594887338626148
PowerRel_Alpha,poor,interpolated,49,-0.23307692307692307,0.2621810889919956,25,-0.5813986369884766
PowerRel_Alpha,poor,interpolated,50,-0.24461538461538462,0.23860976723289992,25,-0.6223117829266458
PowerRel_Alpha,poor,interpolated,51,-0.2569230769230769,0.21505370359693765,25,-0.6674530737429376
PowerRel_Alpha,poor,interpolated,52,-0.2553846153846154,0.21790928375396257,25,-0.6617242667834397
PowerRel_Alpha,poor,interpolated,53,-0.2353846153846154,0.25735102431277707,25,-0.5894740988243362
PowerRel_Alpha,poor,interpolated,54,-0.21076923076923076,0.3118670341866451,25,-0.5060305297875345
PowerRel_Alpha,poor,interpolated,55,-0.2053846153846154,0.3246727131254855,25,-0.48855420979408143
PowerRel_Alpha,poor,interpolated,56,-0.21999999999999997,0.29064871336599374,25,-0.5366315952236294
PowerRel_Alpha,poor,interpolated,57,-0.22692307692307692,0.27534511466374456,25,-0.5601226246244996
PowerRel_Alpha,poor,interpolated,58,-0.18769230769230769,0.36895229419053976,25,-0.4330297848143705
PowerRel_Alpha,poor,interpolated,59,-0.2346153846153846,0.25895460076089083,25,-0.586776368610877
PowerRel_Alpha,poor,interpolated,60,-0.2407692307692308,0.24630621673375477,25,-0.6085246264918248
PowerRel_Alpha,poor,interpolated,61,-0.24384615384615385,0.24013623654456348,25,-0.6195422999850125
PowerRel_Alpha,poor,interpolated,62,-0.19384615384615386,0.35316974326493866,25,-0.4520165103491133
PowerRel_Alpha,poor,interpolated,63,-0.19384615384615386,0.35316974326493866,25,-0.4520165103491133
PowerRel_Alpha,poor,interpolated,64,-0.21307692307692308,0.3064753923200176,25,-0.5136043903418454
PowerRel_Alpha,poor,interpolated,65,-0.21999999999999997,0.29064871336599374,25,-0.5366315952236294
PowerRel_Alpha,poor,interpolated,66,-0.24307692307692308,0.24166911223264834,25,-0.6167788532916879
PowerRel_Alpha,poor,interpolated,67,-0.22615384615384618,0.27701967350071866,25,-0.557489386930495
PowerRel_Alpha,poor,interpolated,68,-0.2376923076923077,0.25257893718598984,25,-0.597602868528493
PowerRel_Alpha,poor,interpolated,69,-0.1853846153846154,0.37497456077893954,25,-0.4259981949071824
PowerRel_Alpha,poor,interpolated,70,-0.17384615384615384,0.4059253647566914,25,-0.3915538103981827
PowerRel_Alpha,poor,interpolated,71,-0.16153846153846155,0.4404527964471071,25,-0.35610062832121625
PowerRel_Alpha,poor,interpolated,72,-0.13846153846153847,0.5092185704859424,25,-0.29309576661989717
PowerRel_Beta,poor,interpolated,12,-0.12153846153846154,0.5627693094732826,25,-0.24966959476578043
PowerRel_Beta,poor,interpolated,13,-0.1323076923076923,0.5283992800855006,25,-0.2770377827590765
PowerRel_Beta,poor,interpolated,14,-0.11538461538461539,0.582849841380997,25,-0.23444331738384533
PowerRel_Beta,poor,interpolated,15,-0.10230769230769231,0.6265206720554171,25,-0.2030645948829438
PowerRel_Beta,poor,interpolated,16,-0.10230769230769231,0.6265206720554171,25,-0.2030645948829438
PowerRel_Beta,poor,interpolated,17,-0.11307692307692309,0.5904595228666748,25,-0.22880986875016085
PowerRel_Beta,poor,interpolated,18,-0.14384615384615382,0.49271954928907735,25,-0.30740020618472075
PowerRel_Beta,poor,interpolated,19,-0.17307692307692307,0.4080380104040632,25,-0.38929937872424875
PowerRel_Beta,poor,interpolated,20,-0.19615384615384615,0.3473556499313192,25,-0.45922563269278044
PowerRel_Beta,poor,interpolated,21,-0.2230769230769231,0.28378251019969736,25,-0.5470143740576225
PowerRel_Beta,poor,interpolated,22,-0.23153846153846153,0.2654333714204926,25,-0.5760444766762837
PowerRel_Beta,poor,interpolated,23,-0.23384615384615384,0.26056462159440774,25,-0.584084551360789
PowerRel_Beta,poor,interpolated,24,-0.23153846153846153,0.2654333714204926,25,-0.5760444766762837
PowerRel_Beta,poor,interpolated,25,-0.1946153846153846,0.35122536711204,25,-0.45441412488743466
PowerRel_Beta,poor,interpolated,26,-0.2323076923076923,0.2638040049777121,25,-0.5787186154366686
PowerRel_Beta,poor,interpolated,27,-0.19538461538461538,0.34928733392328004,25,-0.45681716273613654
PowerRel_Beta,poor,interpolated,28,-0.20615384615384616,0.3228240576300504,25,-0.49103410806812026
PowerRel_Beta,poor,interpolated,29,-0.19153846153846155,0.3590408645895138,25,-0.4448561189544622
PowerRel_Beta,poor,interpolated,30,-0.19384615384615386,0.35316974326493866,25,-0.4520165103491133
PowerRel_Beta,poor,interpolated,31,-0.19692307692307692,0.34543032119624895,25,-0.4616395435773218
PowerRel_Beta,poor,interpolated,32,-0.18846153846153846,0.3669574194662061,25,-0.43538432692972445
PowerRel_Beta,poor,interpolated,33,-0.2653846153846154,0.1997981662941645,25,-0.6994085019557834
PowerRel_Beta,poor,interpolated,34,-0.2776923076923077,0.17895216877264736,25,-0.7472630339027239
PowerRel_Beta,poor,interpolated,35,-0.2692307692307692,0.19311390833091385,25,-0.7141864466046169
PowerRel_Beta,poor,interpolated,36,-0.2407692307692308,0.24630621673375477,25,-0.6085246264918248
PowerRel_Beta,poor,interpolated,37,-0.26692307692307693,0.1971058089027914,25,-0.7053005764447906
PowerRel_Beta,poor,interpolated,38,-0.20846153846153848,0.31731661623634716,25,-0.4985071855396413
PowerRel_Beta,poor,interpolated,39,-0.18230769230769234,0.3830917730325135,25,-0.4166971744720163
PowerRel_Beta,poor,interpolated,40,-0.11384615384615385,0.587918223858522,25,-0.230683077659992
PowerRel_Beta,poor,interpolated,41,-0.04384615384615385,0.8351456850006211,25,-0.07823775844090579
PowerRel_Beta,poor,interpolated,42,0.023846153846153843,0.9099177127623183,25,0.040997880765848725
PowerRel_Beta,poor,interpolated,43,0.033846153846153845,0.8723986996127842,25,0.05928499044708915
PowerRel_Beta,poor,interpolated,44,0.022307692307692306,0.915708552227811,25,0.03824272971624026
PowerRel_Beta,poor,interpolated,45,0.022307692307692306,0.915708552227811,25,0.03824272971624026
PowerRel_Beta,poor,interpolated,46,0.05461538461538461,0.795411725102699,25,0.09940801140149652
PowerRel_Beta,poor,interpolated,47,0.04692307692307692,0.823748551131227,25,0.08420533626593552
PowerRel_Beta,poor,interpolated,48,0.02692307692307692,0.8983497047434486,25,0.046554570597697915
PowerRel_Beta,poor,interpolated,49,0.04076923076923076,0.8465752162712104,25,0.07233444976964393
PowerRel_Beta,poor,interpolated,50,0.020769230769230772,0.921503568780896,25,0.035502978514523185
PowerRel_Beta,poor,interpolated,51,-0.014615384615384615,0.9447196857477185,25,-0.02469703486870021
PowerRel_Beta,poor,interpolated,52,-0.016923076923076923,0.9360075092301826,25,-0.028720667069426966
PowerRel_Beta,poor,interpolated,53,-0.022307692307692306,0.915708552227811,25,-0.03824272971624026
PowerRel_Beta,poor,interpolated,54,-0.033846153846153845,0.8723986996127842,25,-0.05928499044708915
PowerRel_Beta,poor,interpolated,55,-0.012307692307692308,0.9534380364247024,25,-0.02070752633403368
PowerRel_Beta,poor,interpolated,56,-0.005384615384615384,0.9796204078469652,25,-0.008942176055485059
PowerRel_Beta,poor,interpolated,57,0.026153846153846153,0.9012399090142549,25,0.04515958494542517
PowerRel_Beta,poor,interpolated,58,0.021538461538461538,0.9186055562072158,25,0.03687093206980827
PowerRel_Beta,poor,interpolated,59,0.04230769230769231,0.8408565379913094,25,0.0752780946580581
PowerRel_Beta,poor,interpolated,60,0.04076923076923076,0.8465752162712104,25,0.07233444976964393
PowerRel_Beta,poor,interpolated,61,0.016153846153846154,0.9389108221379953,25,0.027375655116830946
PowerRel_Beta,poor,interpolated,62,0.012307692307692308,0.9534380364247024,25,0.02070752633403368
PowerRel_Beta,poor,interpolated,63,0.03153846153846154,0.8810361271223514,25,0.05500628286128079
PowerRel_Beta,poor,interpolated,64,0.03769230769230769,0.858034946173457,25,0.06649502378156533
PowerRel_Beta,poor,interpolated,65,0.01923076923076923,0.9273024767969302,25,0.032778580228029
PowerRel_Beta,poor,interpolated,66,-0.005384615384615384,0.9796204078469652,25,-0.008942176055485059
PowerRel_Beta,poor,interpolated,67,-0.016153846153846154,0.9389108221379953,25,-0.027375655116830946
PowerRel_Beta,poor,interpolated,68,-0.022307692307692306,0.915708552227811,25,-0.03824272971624026
PowerRel_Beta,poor,interpolated,69,-0.011538461538461539,0.9563453574358284,25,-0.019385246067388055
PowerRel_Beta,poor,interpolated,70,-0.015384615384615384,0.941814892951957,25,-0.026034446325112932
PowerRel_Beta,poor,interpolated,71,-0.024615384615384615,0.9070239485424343,25,-0.04238124592499813
PowerRel_Beta,poor,interpolated,72,-0.048461538461538466,0.8180628156317413,25,-0.08721334738633166
PowerRel_Delta,poor,interpolated,12,0.1323076923076923,0.5283992800855006,25,0.2770377827590765
PowerRel_Delta,poor,interpolated,13,0.11692307692307692,0.5778005716279875,25,0.23822203283665075
PowerRel_Delta,poor,interpolated,14,0.13692307692307693,0.5139816221819469,25,0.2890524092686514
PowerRel_Delta,poor,interpolated,15,0.15999999999999998,0.44487621013103373,25,0.3517608176393693
PowerRel_Delta,poor,interpolated,16,0.15999999999999998,0.44487621013103373,25,0.3517608176393693
PowerRel_Delta,poor,interpolated,17,0.18076923076923077,0.387187732465351,25,0.41207841119578414
PowerRel_Delta,poor,interpolated,18,0.2323076923076923,0.2638040049777121,25,0.5787186154366686
PowerRel_Delta,poor,interpolated,19,0.2407692307692308,0.24630621673375477,25,0.6085246264918248
PowerRel_Delta,poor,interpolated,20,0.2923076923076923,0.15621944748051073,25,0.8062649025474424
PowerRel_Delta,poor,interpolated,21,0.3353846153846154,0.10122592017884996,25,0.9947082666535918
PowerRel_Delta,poor,interpolated,22,0.3723076923076923,0.06683818554298158,25,1.1749753484160892
PowerRel_Delta,poor,interpolated,23,0.3792307692307692,0.06153810961389711,25,1.210855848954061
PowerRel_Delta,poor,interpolated,24,0.40230769230769226,0.04618385930563963,25,1.3355097785407222
PowerRel_Delta,poor,interpolated,25,0.41000000000000003,0.0417971695800554,25,1.378853126774801
PowerRel_Delta,poor,interpolated,26,0.4076923076923077,0.043077118260726716,25,1.3657533574939598
PowerRel_Delta,poor,interpolated,27,0.3946153846153846,0.05092417068462526,25,1.2930760348859467
PowerRel_Delta,poor,interpolated,28,0.39384615384615385,0.05141834691357266,25,1.2888818899229122
PowerRel_Delta,poor,interpolated,29,0.38461538461538464,0.057645008419383886,25,1.239238293048767
PowerRel_Delta,poor,interpolated,30,0.3853846153846154,0.05710480980721742,25,1.2433273105849647
PowerRel_Delta,poor,interpolated,31,0.39,0.053945620344267205,25,1.2680438083958268
PowerRel_Delta,poor,interpolated,32,0.4076923076923077,0.043077118260726716,25,1.3657533574939598
PowerRel_Delta,poor,interpolated,33,0.40076923076923077,0.047103054280209965,25,1.3269509312143088
PowerRel_Delta,poor,interpolated,34,0.3992307692307692,0.04803653815992423,25,1.3184282983593802
PowerRel_Delta,poor,interpolated,35,0.38384615384615384,0.05818916037068153,25,1.2351579093302296
PowerRel_Delta,poor,interpolated,36,0.36846153846153845,0.06993034335673076,25,1.1553343393764146
PowerRel_Delta,poor,interpolated,37,0.3446153846153846,0.09160561662683199,25,1.0380778975629479
PowerRel_Delta,poor,interpolated,38,0.2792307692307692,0.17645690072440767,25,0.7533613529575703
PowerRel_Delta,poor,interpolated,39,0.2453846153846154,0.2370897001583282,25,0.6250873125826071
PowerRel_Delta,poor,interpolated,40,0.24615384615384614,0.23557603103467756,25,0.6278688994491405
PowerRel_Delta,poor,interpolated,41,0.2561538461538462,0.21647833224140894,25,0.6645855665573505
PowerRel_Delta,poor,interpolated,42,0.22846153846153847,0.2720153736834069,25,0.5654065499467184
PowerRel_Delta,poor,interpolated,43,0.20461538461538462,0.3265277832159157,25,0.48607986007339693
PowerRel_Delta,poor,interpolated,44,0.22230769230769232,0.2854893707641191,25,0.5444100566105098
PowerRel_Delta,poor,interpolated,45,0.21384615384615382,0.30469106597880624,25,0.5161402797877921
PowerRel_Delta,poor,interpolated,46,0.20153846153846153,0.33401212685217296,25,0.47623776513641836
PowerRel_Delta,poor,interpolated,47,0.2892307692307692,0.16082608766934542,25,0.793643502777291
PowerRel_Delta,poor,interpolated,48,0.23846153846153845,0.25100111341892417,25,0.6003243520224586
PowerRel_Delta,poor,interpolated,49,0.21000000000000002,0.31367712745078047,25,0.5035171478118642
PowerRel_Delta,poor,interpolated,50,0.25769230769230766,0.21363539140584958,25,0.6703267993070802
PowerRel_Delta,poor,interpolated,51,0.25153846153846154,0.22515909919668434,25,0.6475104975082462
PowerRel_Delta,poor,interpolated,52,0.28769230769230764,0.16316495474349582,25,0.7873731151648989
PowerRel_Delta,poor,interpolated,53,0.30000000000000004,0.14511308137364481,25,0.8382934358578226
PowerRel_Delta,poor,interpolated,54,0.2869230769230769,0.16434331549306577,25,0.7842479557351664
PowerRel_Delta,poor,interpolated,55,0.3123076923076923,0.12853528769607098,25,0.8909776260461837
PowerRel_Delta,poor,interpolated,56,0.28769230769230764,0.16316495474349582,25,0.7873731151648989
PowerRel_Delta,poor,interpolated,57,0.24461538461538462,0.23860976723289992,25,0.6223117829266458
PowerRel_Delta,poor,interpolated,58,0.2561538461538462,0.21647833224140894,25,0.6645855665573505
PowerRel_Delta,poor,interpolated,59,0.24692307692307694,0.23406875542952846,25,0.6306565540528591
PowerRel_Delta,poor,interpolated,60,0.2815384615384615,0.17275952616715784,25,0.7625579957756788
PowerRel_Delta,poor,interpolated,61,0.2930769230769231,0.15508253000692165,25,0.8094371225533845
PowerRel_Delta,poor,interpolated,62,0.27307692307692305,0.186584536258399,25,0.7291243525291532
PowerRel_Delta,poor,interpolated,63,0.1815384615384615,0.38513664752146737,25,0.4143851542957494
PowerRel_Delta,poor,interpolated,64,0.20153846153846153,0.33401212685217296,25,0.47623776513641836
PowerRel_Delta,poor,interpolated,65,0.22230769230769232,0.2854893707641191,25,0.5444100566105098
PowerRel_Delta,poor,interpolated,66,0.21307692307692308,0.3064753923200176,25,0.5136043903418454
PowerRel_Delta,poor,interpolated,67,0.21307692307692308,0.3064753923200176,25,0.5136043903418454
PowerRel_Delta,poor,interpolated,68,0.22923076923076924,0.27036018984311405,25,0.5680572572729743
PowerRel_Delta,poor,interpolated,69,0.21846153846153843,0.29412057029470295,25,0.5314746006099857
PowerRel_Delta,poor,interpolated,70,0.2630769230769231,0.20388349938147618,25,0.6906179209484327
PowerRel_Delta,poor,interpolated,71,0.2376923076923077,0.25257893718598984,25,0.597602868528493
PowerRel_Delta,poor,interpolated,72,0.22999999999999998,0.26871146237433485,25,0.5707138075536278
PowerRel_Gamma,poor,interpolated,12,-0.09692307692307693,0.6448756436801819,25,-0.1905240256290263
PowerRel_Gamma,poor,interpolated,13,-0.07461538461538461,0.722985560826711,25,-0.14087037617144668
PowerRel_Gamma,poor,interpolated,14,-0.06615384615384615,0.7533847945421741,25,-0.12298314934786715
PowerRel_Gamma,poor,interpolated,15,-0.05538461538461539,0.7925912249870333,25,-0.10095074017847062
PowerRel_Gamma,poor,interpolated,16,-0.08307692307692309,0.6929889078837379,25,-0.15927371673514554
PowerRel_Gamma,poor,interpolated,17,-0.08230769230769232,0.6956981775319502,25,-0.15757913432936213
PowerRel_Gamma,poor,interpolated,18,-0.12461538461538461,0.5528474184863239,25,-0.25739471399898967
PowerRel_Gamma,poor,interpolated,19,-0.1446153846153846,0.4903845894182296,25,-0.3094631861971983
PowerRel_Gamma,poor,interpolated,20,-0.18384615384615385,0.3790206919993311,25,-0.42133707980547574
PowerRel_Gamma,poor,interpolated,21,-0.18846153846153846,0.3669574194662061,25,-0.43538432692972445
PowerRel_Gamma,poor,interpolated,22,-0.18384615384615385,0.3790206919993311,25,-0.42133707980547574
PowerRel_Gamma,poor,interpolated,23,-0.18,0.38924501850072923,25,-0.4097769367598126
PowerRel_Gamma,poor,interpolated,24,-0.16307692307692304,0.43605302334597895,25,-0.36046069801020875
PowerRel_Gamma,poor,interpolated,25,-0.17846153846153845,0.3933781555180631,25,-0.4051897603327154
PowerRel_Gamma,poor,interpolated,26,-0.22923076923076924,0.27036018984311405,25,-0.5680572572729743
PowerRel_Gamma,poor,interpolated,27,-0.18846153846153846,0.3669574194662061,25,-0.43538432692972445
PowerRel_Gamma,poor,interpolated,28,-0.19307692307692306,0.3551204559765637,25,-0.44962431034589556
PowerRel_Gamma,poor,interpolated,29,-0.2346153846153846,0.25895460076089083,25,-0.586776368610877
PowerRel_Gamma,poor,interpolated,30,-0.25230769230769234,0.2236964419557054,25,-0.6503409235980171
PowerRel_Gamma,poor,interpolated,31,-0.2123076923076923,0.3082661640461255,25,-0.5110741417493033
PowerRel_Gamma,poor,interpolated,32,-0.2592307692307692,0.21081769004196943,25,-0.6760929496014749
PowerRel_Gamma,poor,interpolated,33,-0.30923076923076925,0.13254450890376443,25,-0.877638259648671
PowerRel_Gamma,poor,interpolated,34,-0.3223076923076923,0.11611273112778325,25,-0.9351201596290573
PowerRel_Gamma,poor,interpolated,35,-0.29000000000000004,0.15966555837853297,25,-0.7967887558672578
PowerRel_Gamma,poor,interpolated,36,-0.2776923076923077,0.17895216877264736,25,-0.7472630339027239
PowerRel_Gamma,poor,interpolated,37,-0.24692307692307694,0.23406875542952846,25,-0.6306565540528591
PowerRel_Gamma,poor,interpolated,38,-0.20846153846153848,0.31731661623634716,25,-0.4985071855396413
PowerRel_Gamma,poor,interpolated,39,-0.1446153846153846,0.4903845894182296,25,-0.3094631861971983
PowerRel_Gamma,poor,interpolated,40,-0.12307692307692307,0.5577983491381822,25,-0.25352277540743545
PowerRel_Gamma,poor,interpolated,41,-0.09999999999999999,0.6343614915786997,25,-0.19766318839927324
PowerRel_Gamma,poor,interpolated,42,0.025384615384615387,0.9041313354468479,25,0.043768478687343564
PowerRel_Gamma,poor,interpolated,43,-0.005384615384615384,0.9796204078469652,25,-0.008942176055485059
PowerRel_Gamma,poor,interpolated,44,-0.013846153846153848,0.9476251645766063,25,-0.023363414927271287
PowerRel_Gamma,poor,interpolated,45,-0.030769230769230767,0.8839182553315145,25,-0.053587896638481236
PowerRel_Gamma,poor,interpolated,46,-0.06692307692307692,0.7506056746243597,25,-0.1245881566179397
PowerRel_Gamma,poor,interpolated,47,-0.15384615384615383,0.46280399078181256,25,-0.3346029047612409
PowerRel_Gamma,poor,interpolated,48,-0.09153846153846153,0.6634348089960707,25,-0.1782017457222953
PowerRel_Gamma,poor,interpolated,49,-0.06615384615384615,0.7533847945421741,25,-0.12298314934786715
PowerRel_Gamma,poor,interpolated,50,-0.06538461538461539,0.7561668989895343,25,-0.12138233768603263
PowerRel_Gamma,poor,interpolated,51,-0.09923076923076923,0.6369836836671996,25,-0.19587169197242738
PowerRel_Gamma,poor,interpolated,52,-0.046153846153846156,0.8265946777375633,25,-0.08270739537254054
PowerRel_Gamma,poor,interpolated,53,-0.07384615384615385,0.7257331056231732,25,-0.13922306534131956
PowerRel_Gamma,poor,interpolated,54,-0.07769230769230769,0.712028969222489,25,-0.1475023365351476
PowerRel_Gamma,poor,interpolated,55,-0.09615384615384616,0.6475146685503539,25,-0.18875038879370892
PowerRel_Gamma,poor,interpolated,56,-0.06999999999999999,0.7395196738699978,25,-0.13105026772588133
PowerRel_Gamma,poor,interpolated,57,-0.02923076923076923,0.8896867792662461,25,-0.050762862994033035
PowerRel_Gamma,poor,interpolated,58,0.0015384615384615385,0.9941767167264197,25,0.0025364121039226895
PowerRel_Gamma,poor,interpolated,59,0.05153846153846154,0.8067183623480412,25,0.09327805762791785
PowerRel_Gamma,poor,interpolated,60,0.018461538461538463,0.9302033007015402,25,0.03142212378609975
PowerRel_Gamma,poor,interpolated,61,-0.019999999999999997,0.9244025542285002,25,-0.0341388631866425
PowerRel_Gamma,poor,interpolated,62,-0.05307692307692308,0.8010601829120341,25,-0.09633485454653845
PowerRel_Gamma,poor,interpolated,63,-0.008461538461538461,0.9679797010687115,25,-0.014133749929500002
PowerRel_Gamma,poor,interpolated,64,0.011538461538461539,0.9563453574358284,25,0.019385246067388055
PowerRel_Gamma,poor,interpolated,65,0.01769230769230769,0.9331049901273374,25,0.03006948801377476
PowerRel_Gamma,poor,interpolated,66,0.016153846153846154,0.9389108221379953,25,0.027375655116830946
PowerRel_Gamma,poor,interpolated,67,0.013846153846153848,0.9476251645766063,25,0.023363414927271287
PowerRel_Gamma,poor,interpolated,68,-0.002307692307692308,0.9912651655388018,25,-0.0038101552764241
PowerRel_Gamma,poor,interpolated,69,-0.016923076923076923,0.9360075092301826,25,-0.028720667069426966
PowerRel_Gamma,poor,interpolated,70,-0.03153846153846154,0.8810361271223514,25,-0.05500628286128079
PowerRel_Gamma,poor,interpolated,71,-0.05307692307692308,0.8010601829120341,25,-0.09633485454653845
PowerRel_Gamma,poor,interpolated,72,-0.07384615384615385,0.7257331056231732,25,-0.13922306534131956
PowerRel_Theta,poor,interpolated,12,-0.027692307692307697,0.895460758092133,25,-0.04795344154858395
PowerRel_Theta,poor,interpolated,13,-0.03307692307692307,0.875276314151181,25,-0.05785482381472513
PowerRel_Theta,poor,interpolated,14,-0.04076923076923076,0.8465752162712104,25,-0.07233444976964393
PowerRel_Theta,poor,interpolated,15,-0.03,0.886801817790994,25,-0.052173425327746985
PowerRel_Theta,poor,interpolated,16,-0.023076923076923078,0.912812592529089,25,-0.039618377323218164
PowerRel_Theta,poor,interpolated,17,-0.05846153846153846,0.7813348550958149,25,-0.10716280152155531
PowerRel_Theta,poor,interpolated,18,-0.07307692307692308,0.7284839479101772,25,-0.13758001343529358
PowerRel_Theta,poor,interpolated,19,-0.07615384615384616,0.717500486460383,25,-0.14417780014520576
PowerRel_Theta,poor,interpolated,20,-0.09615384615384616,0.6475146685503539,25,-0.18875038879370892
PowerRel_Theta,poor,interpolated,21,-0.08615384615384615,0.6821887087728209,25,-0.1660954730820069
PowerRel_Theta,poor,interpolated,22,-0.13538461538461538,0.518766195016132,25,-0.2850283321182052
PowerRel_Theta,poor,interpolated,23,-0.14692307692307693,0.4834131669786844,25,-0.31568152466004307
PowerRel_Theta,poor,interpolated,24,-0.18076923076923077,0.387187732465351,25,-0.41207841119578414
PowerRel_Theta,poor,interpolated,25,-0.19769230769230767,0.343511353605786,25,-0.46405890423221513
PowerRel_Theta,poor,interpolated,26,-0.19538461538461538,0.34928733392328004,25,-0.45681716273613654
PowerRel_Theta,poor,interpolated,27,-0.20153846153846153,0.33401212685217296,25,-0.47623776513641836
PowerRel_Theta,poor,interpolated,28,-0.19692307692307692,0.34543032119624895,25,-0.4616395435773218
PowerRel_Theta,poor,interpolated,29,-0.20230769230769227,0.3321314401444694,25,-0.478690011378538
PowerRel_Theta,poor,interpolated,30,-0.22538461538461538,0.27870069210212717,25,-0.5548619527945482
PowerRel_Theta,poor,interpolated,31,-0.23923076923076922,0.24942972084315532,25,-0.6030517993372447
PowerRel_Theta,poor,interpolated,32,-0.21461538461538462,0.30291318718106247,25,-0.5186818194525462
PowerRel_Theta,poor,interpolated,33,-0.2346153846153846,0.25895460076089083,25,-0.586776368610877
PowerRel_Theta,poor,interpolated,34,-0.23846153846153845,0.25100111341892417,25,-0.6003243520224586
PowerRel_Theta,poor,interpolated,35,-0.2276923076923077,0.27367701498103636,25,-0.5627616756847817
PowerRel_Theta,poor,interpolated,36,-0.24307692307692308,0.24166911223264834,25,-0.6167788532916879
PowerRel_Theta,poor,interpolated,37,-0.24692307692307694,0.23406875542952846,25,-0.6306565540528591
PowerRel_Theta,poor,interpolated,38,-0.2530769230769231,0.2222401375819646,25,-0.6531775027481554
PowerRel_Theta,poor,interpolated,39,-0.26692307692307693,0.1971058089027914,25,-0.7053005764447906
PowerRel_Theta,poor,interpolated,40,-0.2907692307692308,0.15851094976487984,25,-0.7999407318171322
PowerRel_Theta,poor,interpolated,41,-0.2930769230769231,0.15508253000692165,25,-0.8094371225533845
PowerRel_Theta,poor,interpolated,42,-0.3153846153846154,0.12461471985396826,25,-0.9044306545165542
PowerRel_Theta,poor,interpolated,43,-0.36846153846153845,0.06993034335673076,25,-1.1553343393764146
PowerRel_Theta,poor,interpolated,44,-0.3769230769230769,0.06326742530511405,25,-1.1988198389806104
PowerRel_Theta,poor,interpolated,45,-0.3915384615384615,0.05292335986650775,25,-1.2763525922025045
PowerRel_Theta,poor,interpolated,46,-0.3984615384615384,0.04850868363892237,25,-1.3141805104926538
PowerRel_Theta,poor,interpolated,47,-0.3769230769230769,0.06326742530511405,25,-1.1988198389806104
PowerRel_Theta,poor,interpolated,48,-0.3853846153846154,0.05710480980721742,25,-1.2433273105849647
PowerRel_Theta,poor,interpolated,49,-0.39,0.053945620344267205,25,-1.2680438083958268
PowerRel_Theta,poor,interpolated,50,-0.40307692307692305,0.045729575003449416,25,-1.3398028347993842
PowerRel_Theta,poor,interpolated,51,-0.41615384615384615,0.03853034835168473,25,-1.414197064526305
PowerRel_Theta,poor,interpolated,52,-0.42615384615384616,0.0336564947820886,25,-1.472931116407291
PowerRel_Theta,poor,interpolated,53,-0.44230769230769235,0.02683325451516227,25,-1.571326650016901
PowerRel_Theta,poor,interpolated,54,-0.42692307692307696,0.03330297468786219,25,-1.4775169727151485
PowerRel_Theta,poor,interpolated,55,-0.4130769230769231,0.04013747815937923,25,-1.3964499177446852
PowerRel_Theta,poor,interpolated,56,-0.4053846153846154,0.0443877584152009,25,-1.3527367863215507
PowerRel_Theta,poor,interpolated,57,-0.40461538461538454,0.04483154257566177,25,-1.3484163175568695
PowerRel_Theta,poor,interpolated,58,-0.4123076923076923,0.04054742886120217,25,-1.3920366794748849
PowerRel_Theta,poor,interpolated,59,-0.4230769230769231,0.035100611039495716,25,-1.454685323170319
PowerRel_Theta,poor,interpolated,60,-0.40076923076923077,0.047103054280209965,25,-1.3269509312143088
PowerRel_Theta,poor,interpolated,61,-0.40076923076923077,0.047103054280209965,25,-1.3269509312143088
PowerRel_Theta,poor,interpolated,62,-0.39,0.053945620344267205,25,-1.2680438083958268
PowerRel_Theta,poor,interpolated,63,-0.37461538461538463,0.06503395442530739,25,-1.1868598376747745
PowerRel_Theta,poor,interpolated,64,-0.38384615384615384,0.05818916037068153,25,-1.2351579093302296
PowerRel_Theta,poor,interpolated,65,-0.363076923076923,0.07444186246005682,25,-1.1281827697969533
PowerRel_Theta,poor,interpolated,66,-0.3984615384615384,0.04850868363892237,25,-1.3141805104926538
PowerRel_Theta,poor,interpolated,67,-0.38384615384615384,0.05818916037068153,25,-1.2351579093302296
PowerRel_Theta,poor,interpolated,68,-0.3923076923076923,0.052417923346015055,25,-1.2805201886017654
PowerRel_Theta,poor,interpolated,69,-0.3869230769230769,0.056036199896614826,25,-1.2515313241337545
PowerRel_Theta,poor,interpolated,70,-0.4038461538461539,0.04527880876838549,25,-1.3441050074408574
PowerRel_Theta,poor,interpolated,71,-0.3915384615384615,0.05292335986650775,25,-1.2763525922025045
PowerRel_Theta,poor,interpolated,72,-0.3446153846153846,0.09160561662683199,25,-1.0380778975629479
X,poor,interpolated,12,0.18461538461538463,0.37699450330835127,25,0.4236649818903732
X,poor,interpolated,13,0.17384615384615384,0.4059253647566914,25,0.3915538103981827
X,poor,interpolated,14,0.19615384615384615,0.3473556499313192,25,0.45922563269278044
X,poor,interpolated,15,0.21461538461538462,0.30291318718106247,25,0.5186818194525462
X,poor,interpolated,16,0.20923076923076922,0.315493655798588,25,0.5010093694764793
X,poor,interpolated,17,0.21384615384615382,0.30469106597880624,25,0.5161402797877921
X,poor,interpolated,18,0.21461538461538462,0.30291318718106247,25,0.5186818194525462
X,poor,interpolated,19,0.21769230769230768,0.29586618479380267,25,0.5289046684880927
X,poor,interpolated,20,0.26,0.20941828735873613,25,0.6789853964288696
X,poor,interpolated,21,0.27,0.19179567749800042,25,0.7171611847561787
X,poor,interpolated,22,0.27384615384615385,0.18529715169369637,25,0.7321312564135241
X,poor,interpolated,23,0.2930769230769231,0.15508253000692165,25,0.8094371225533845
X,poor,interpolated,24,0.31076923076923074,0.13052875928344368,25,0.8842937900724663
X,poor,interpolated,25,0.28615384615384615,0.16552764285064253,25,0.7811294693503593
X,poor,interpolated,26,0.3046153846153846,0.1387265498307697,25,0.8578404146183821
X,poor,interpolated,27,0.32615384615384607,0.11157727271491935,25,0.9524242582629564
X,poor,interpolated,28,0.3353846153846154,0.10122592017884996,25,0.9947082666535918
X,poor,interpolated,29,0.3792307692307692,0.06153810961389711,25,1.210855848954061
X,poor,interpolated,30,0.34307692307692306,0.09315944491694914,25,1.0307731078383464
X,poor,interpolated,31,0.33153846153846156,0.1054485223918959,25,0.9769595014772883
X,poor,interpolated,32,0.33999999999999997,0.0963261661414154,25,1.0162557246381774
X,poor,interpolated,33,0.3276923076923077,0.10980008828638678,25,0.9593973106848778
X,poor,interpolated,34,0.36076923076923073,0.07644189053034321,25,1.1166685806863217
X,poor,interpolated,35,0.39999999999999997,0.04756800106987493,25,1.32268509837121
X,poor,interpolated,36,0.43692307692307686,0.028971124216907392,25,1.538034651785324
X,poor,interpolated,37,0.4623076923076923,0.019976678712349084,25,1.6994767151490664
X,poor,interpolated,38,0.4776923076923077,0.015736283971364878,25,1.8030978158947684
X,poor,interpolated,39,0.5023076923076923,0.010503325012917598,25,1.9786731955804522
X,poor,interpolated,40,0.4946153846153846,0.011954677391415963,25,1.9224621392486085
X,poor,interpolated,41,0.4992307692307692,0.011065261834899013,25,1.9560383049986834
X,poor,interpolated,42,0.5153846153846153,0.00837204298428658,25,2.077168550544705
X,poor,interpolated,43,0.5192307692307693,0.007818731704458782,25,2.1068636891942414
X,poor,interpolated,44,0.5146153846153847,0.00848653210284241,25,2.071269741590909
X,poor,interpolated,45,0.5246153846153846,0.007095658621097142,25,2.1490072869954018
X,poor,interpolated,46,0.4461538461538462,0.025385437402565762,25,1.5954153491045955
X,poor,interpolated,47,0.42923076923076925,0.03226015868478607,25,1.4913335006867516
X,poor,interpolated,48,0.4415384615384615,0.02713064164922772,25,1.5665399348995306
X,poor,interpolated,49,0.4153846153846154,0.038927265377000565,25,1.409746104203571
X,poor,interpolated,50,0.37846153846153846,0.062110443546174544,25,1.206835369338119
X,poor,interpolated,51,0.39,0.053945620344267205,25,1.2680438083958268
X,poor,interpolated,52,0.3861538461538461,0.05656854635871757,25,1.2474249811764888
X,poor,interpolated,53,0.3853846153846154,0.05710480980721742,25,1.2433273105849647
X,poor,interpolated,54,0.3861538461538461,0.05656854635871757,25,1.2474249811764888
X,poor,interpolated,55,0.36,0.07711756643352448,25,1.1128466837365445
X,poor,interpolated,56,0.35846153846153844,0.07848252439256113,25,1.1052270363094594
X,poor,interpolated,57,0.38461538461538464,0.057645008419383886,25,1.239238293048767
X,poor,interpolated,58,0.3730769230769231,0.06623255594005266,25,1.1789284850370252
X,poor,interpolated,59,0.35230769230769227,0.08412635618208415,25,1.0750679215477807
X,poor,interpolated,60,0.33230769230769236,0.10459374936681606,25,0.9804942685912371
X,poor,interpolated,61,0.32846153846153847,0.10891936168892881,25,0.9628949124641722
X,poor,interpolated,62,0.3253846153846154,0.11247376203917941,25,0.9489487782691925
X,poor,interpolated,63,0.33999999999999997,0.0963261661414154,25,1.0162557246381774
X,poor,interpolated,64,0.32846153846153847,0.10891936168892881,25,0.9628949124641722
X,poor,interpolated,65,0.33461538461538465,0.10206022055521323,25,0.9911434974793061
X,poor,interpolated,66,0.3153846153846154,0.12461471985396826,25,0.9044306545165542
X,poor,interpolated,67,0.35846153846153844,0.07848252439256113,25,1.1052270363094594
X,poor,interpolated,68,0.3884615384615384,0.05498318521785998,25,1.2597701047531722
X,poor,interpolated,69,0.36153846153846153,0.07577072639956048,25,1.1204985492319153
X,poor,interpolated,70,0.3676923076923077,0.07056170286653744,25,1.1514309469151138
X,poor,interpolated,71,0.4076923076923077,0.043077118260726716,25,1.3657533574939598
X,poor,interpolated,72,0.3976923076923076,0.04898445560620918,25,1.3099417141647132
Y,poor,interpolated,12,-0.039999999999999994,0.8494374038786923,25,-0.07086861932783967
Y,poor,interpolated,13,-0.03230769230769231,0.8781554683498889,25,-0.05642858993747383
Y,poor,interpolated,14,-0.03153846153846154,0.8810361271223514,25,-0.05500628286128079
Y,poor,interpolated,15,-0.048461538461538466,0.8180628156317413,25,-0.08721334738633166
Y,poor,interpolated,16,-0.06692307692307692,0.7506056746243597,25,-0.1245881566179397
Y,poor,interpolated,17,-0.09615384615384616,0.6475146685503539,25,-0.18875038879370892
Y,poor,interpolated,18,-0.12307692307692307,0.5577983491381822,25,-0.25352277540743545
Y,poor,interpolated,19,-0.10846153846153846,0.6058053003522006,25,-0.21766693122824923
Y,poor,interpolated,20,-0.10307692307692308,0.6239157390193039,25,-0.20487405863471392
Y,poor,interpolated,21,-0.10076923076923076,0.6317435746332144,25,-0.1994591665280002
Y,poor,interpolated,22,-0.10692307692307691,0.6109572957084637,25,-0.21398914472687144
Y,poor,interpolated,23,-0.12923076923076923,0.538116551492184,25,-0.2691236496350276
Y,poor,interpolated,24,-0.10999999999999999,0.6006715408190598,25,-0.221362943977451
Y,poor,interpolated,25,-0.09692307692307693,0.6448756436801819,25,-0.1905240256290263
Y,poor,interpolated,26,-0.16307692307692304,0.43605302334597895,25,-0.36046069801020875
Y,poor,interpolated,27,-0.24461538461538462,0.23860976723289992,25,-0.6223117829266458
Y,poor,interpolated,28,-0.2946153846153846,0.15282630212252207,25,-0.8158018952128626
Y,poor,interpolated,29,-0.28769230769230764,0.16316495474349582,25,-0.7873731151648989
Y,poor,interpolated,30,-0.31153846153846154,0.12952924585337894,25,-0.8876321630209872
Y,poor,interpolated,31,-0.33230769230769236,0.10459374936681606,25,-0.9804942685912371
Y,poor,interpolated,32,-0.2723076923076923,0.18787807204245663,25,-0.7261239050867155
Y,poor,interpolated,33,-0.19076923076923075,0.36101054681468103,25,-0.4424801101261727
Y,poor,interpolated,34,-0.1323076923076923,0.5283992800855006,25,-0.2770377827590765
Y,poor,interpolated,35,-0.12076923076923077,0.5652622451028124,25,-0.24775002089241166
Y,poor,interpolated,36,-0.11384615384615385,0.587918223858522,25,-0.230683077659992
Y,poor,interpolated,37,-0.05846153846153846,0.7813348550958149,25,-0.10716280152155531
Y,poor,interpolated,38,-0.010769230769230769,0.9592532204663393,25,-0.018066734085953006
Y,poor,interpolated,39,0.03923076923076923,0.8523014444616794,25,0.06940677552407411
Y,poor,interpolated,40,0.03846153846153846,0.8551673034402157,25,0.0679489123443544
Y,poor,interpolated,41,0.04230769230769231,0.8408565379913094,25,0.0752780946580581
Y,poor,interpolated,42,0.018461538461538463,0.9302033007015402,25,0.03142212378609975
Y,poor,interpolated,43,0.05692307692307692,0.7869578479689023,25,0.10404852924801689
Y,poor,interpolated,44,-0.03615384615384615,0.8637754440430968,25,-0.06359914651237801
Y,poor,interpolated,45,-0.11923076923076922,0.5702629145851892,25,-0.24392487059392925
Y,poor,interpolated,46,-0.2453846153846154,0.2370897001583282,25,-0.6250873125826071
Y,poor,interpolated,47,-0.2953846153846154,0.15170696729850106,25,-0.818994473334503
Y,poor,interpolated,48,-0.4146153846153846,0.03932741419049646,25,-1.4053046078673193
Y,poor,interpolated,49,-0.40692307692307694,0.04351056422815661,25,-1.3614052849080152
Y,poor,interpolated,50,-0.39538461538461533,0.05043371157876126,25,-1.297279069539447
Y,poor,interpolated,51,-0.3976923076923076,0.04898445560620918,25,-1.3099417141647132
Y,poor,interpolated,52,-0.3576923076923077,0.07917184179677542,25,-1.1014292518283524
Y,poor,interpolated,53,-0.3707692307692308,0.06806219266456498,25,-1.1670940639563097
Y,poor,interpolated,54,-0.32923076923076927,0.10804385773497073,25,-0.9663999176065795
Y,poor,interpolated,55,-0.3038461538461538,0.13977669221855882,25,-0.8545652412139252
Y,poor,interpolated,56,-0.3423076923076923,0.09394371684804806,25,-1.0271322611139773
Y,poor,interpolated,57,-0.3661538461538461,0.07183749350420912,25,-1.1436488291286306
Y,poor,interpolated,58,-0.36153846153846153,0.07577072639956048,25,-1.1204985492319153
Y,poor,interpolated,59,-0.3830769230769231,0.0587372838340385,25,-1.2310861402640674
Y,poor,interpolated,60,-0.4053846153846154,0.0443877584152009,25,-1.3527367863215507
Y,poor,interpolated,61,-0.40076923076923077,0.047103054280209965,25,-1.3269509312143088
Y,poor,interpolated,62,-0.3723076923076923,0.06683818554298158,25,-1.1749753484160892
Y,poor,interpolated,63,-0.3538461538461538,0.08268751738668596,25,-1.0825600471494097
Y,poor,interpolated,64,-0.35307692307692307,0.08340459298589081,25,-1.0788100326535828
Y,poor,interpolated,65,-0.3146153846153846,0.12558660108939315,25,-0.9010566932688007
Y,poor,interpolated,66,-0.30615384615384617,0.13664329314039278,25,-0.8644116799142434
Y,poor,interpolated,67,-0.27999999999999997,0.17521838241225215,25,-0.7564203333196698
Y,poor,interpolated,68,-0.3038461538461538,0.13977669221855882,25,-0.8545652412139252
Y,poor,interpolated,69,-0.30999999999999994,0.13153384224223805,25,-0.8809624935001331
Y,poor,interpolated,70,-0.30615384615384617,0.13664329314039278,25,-0.8644116799142434
Y,poor,interpolated,71,-0.32076923076923075,0.11796423928301568,25,-0.9282496285910876
Y,poor,interpolated,72,-0.28307692307692306,0.17032484103081014,25,-0.7687220077282046
Z,poor,interpolated,12,-0.06692307692307692,0.7506056746243597,25,-0.1245881566179397
Z,poor,interpolated,13,-0.046153846153846156,0.8265946777375633,25,-0.08270739537254054
Z,poor,interpolated,14,-0.03923076923076923,0.8523014444616794,25,-0.06940677552407411
Z,poor,interpolated,15,-0.05538461538461539,0.7925912249870333,25,-0.10095074017847062
Z,poor,interpolated,16,-0.06461538461538462,0.7589519561117964,25,-0.11978571535081231
Z,poor,interpolated,17,-0.06999999999999999,0.7395196738699978,25,-0.13105026772588133
Z,poor,interpolated,18,-0.05846153846153846,0.7813348550958149,25,-0.10716280152155531
Z,poor,interpolated,19,-0.10230769230769231,0.6265206720554171,25,-0.2030645948829438
Z,poor,interpolated,20,-0.11461538461538462,0.5853816553920668,25,-0.232560891548333
Z,poor,interpolated,21,-0.13307692307692306,0.5259830658616598,25,-0.2790282378257742
Z,poor,interpolated,22,-0.14307692307692307,0.4950600560452396,25,-0.3053421133351664
Z,poor,interpolated,23,-0.13692307692307693,0.5139816221819469,25,-0.2890524092686514
Z,poor,interpolated,24,-0.16846153846153847,0.4208415376807141,25,-0.37588140123257535
Z,poor,interpolated,25,-0.15461538461538463,0.4605426867968305,25,-0.33673010969920175
Z,poor,interpolated,26,-0.19999999999999998,0.3377926739978242,25,-0.4713497735833068
Z,poor,interpolated,27,-0.19307692307692306,0.3551204559765637,25,-0.44962431034589556
Z,poor,interpolated,28,-0.20923076923076922,0.315493655798588,25,-0.5010093694764793
Z,poor,interpolated,29,-0.21076923076923076,0.3118670341866451,25,-0.5060305297875345
Z,poor,interpolated,30,-0.23076923076923078,0.26706919003364255,25,-0.5733762107063005
Z,poor,interpolated,31,-0.1946153846153846,0.35122536711204,25,-0.45441412488743466
Z,poor,interpolated,32,-0.1423076923076923,0.4974060918481682,25,-0.30328890012791837
Z,poor,interpolated,33,-0.13846153846153847,0.5092185704859424,25,-0.29309576661989717
Z,poor,interpolated,34,-0.19769230769230767,0.343511353605786,25,-0.46405890423221513
Z,poor,interpolated,35,-0.2323076923076923,0.2638040049777121,25,-0.5787186154366686
Z,poor,interpolated,36,-0.22615384615384618,0.27701967350071866,25,-0.557489386930495
Z,poor,interpolated,37,-0.2923076923076923,0.15621944748051073,25,-0.8062649025474424
Z,poor,interpolated,38,-0.2538461538461539,0.22079018035439157,25,-0.6560202457650083
Z,poor,interpolated,39,-0.26692307692307693,0.1971058089027914,25,-0.7053005764447906
Z,poor,interpolated,40,-0.1769230769230769,0.3975359801687698,25,-0.4006235581229947
Z,poor,interpolated,41,-0.09538461538461537,0.6501578339912331,25,-0.1869812001101879
Z,poor,interpolated,42,-0.06076923076923077,0.7729204101600845,25,-0.1118652243324909
Z,poor,interpolated,43,-0.018461538461538463,0.9302033007015402,25,-0.03142212378609975
Z,poor,interpolated,44,-0.04461538461538461,0.8322932787592981,25,-0.07972361252737191
Z,poor,interpolated,45,-0.012307692307692308,0.9534380364247024,25,-0.02070752633403368
Z,poor,interpolated,46,0.04538461538461538,0.8294429316309466,25,0.0812134894833551
Z,poor,interpolated,47,-0.0007692307692307692,0.9970883402731314,25,-0.001266362256514648
Z,poor,interpolated,48,-0.024615384615384615,0.9070239485424343,25,-0.04238124592499813
Z,poor,interpolated,49,-0.007692307692307692,0.9708893714908722,25,-0.012830253190067288
Z,poor,interpolated,50,0.009230769230769232,0.9650704283598979,25,0.015440991804416241
Z,poor,interpolated,51,-0.05692307692307692,0.7869578479689023,25,-0.10404852924801689
Z,poor,interpolated,52,-0.09846153846153846,0.6396101242558592,25,-0.19408467051421135
Z,poor,interpolated,53,-0.07923076923076922,0.706571251745497,25,-0.15084403667513924
Z,poor,interpolated,54,-0.09923076923076923,0.6369836836671996,25,-0.19587169197242738
Z,poor,interpolated,55,-0.08846153846153845,0.6741280977330553,25,-0.1712575710423218
Z,poor,interpolated,56,-0.09615384615384616,0.6475146685503539,25,-0.18875038879370892
Z,poor,interpolated,57,-0.11538461538461539,0.582849841380997,25,-0.23444331738384533
Z,poor,interpolated,58,-0.12384615384615384,0.5553203690461636,25,-0.25545639639577367
Z,poor,interpolated,59,-0.11076923076923079,0.5981115617639339,25,-0.2232178024002218
Z,poor,interpolated,60,-0.10538461538461538,0.6161273255695086,25,-0.21032952959177612
Z,poor,interpolated,61,-0.10846153846153846,0.6058053003522006,25,-0.21766693122824923
Z,poor,interpolated,62,-0.06692307692307692,0.7506056746243597,25,-0.1245881566179397
Z,poor,interpolated,63,-0.03307692307692307,0.875276314151181,25,-0.05785482381472513
Z,poor,interpolated,64,-0.026153846153846153,0.9012399090142549,25,-0.04515958494542517
Z,poor,interpolated,65,-0.015384615384615384,0.941814892951957,25,-0.026034446325112932
Z,poor,interpolated,66,-0.04692307692307692,0.823748551131227,25,-0.08420533626593552
Z,poor,interpolated,67,-0.03846153846153846,0.8551673034402157,25,-0.0679489123443544
Z,poor,interpolated,68,-0.07153846153846154,0.7339954015507332,25,-0.13430666091144677
Z,poor,interpolated,69,-0.07307692307692308,0.7284839479101772,25,-0.13758001343529358
Z,poor,interpolated,70,-0.07076923076923076,0.7367559509342094,25,-0.13267634757515068
Z,poor,interpolated,71,-0.07307692307692308,0.7284839479101772,25,-0.13758001343529358
Z,poor,interpolated,72,-0.059230769230769226,0.7785273348381129,25,-0.10872613433420883
ap_exp_1to20_fixed,poor,interpolated,12,0.17307692307692307,0.4080380104040632,25,0.38929937872424875
ap_exp_1to20_fixed,poor,interpolated,13,0.1853846153846154,0.37497456077893954,25,0.4259981949071824
ap_exp_1to20_fixed,poor,interpolated,14,0.18769230769230769,0.36895229419053976,25,0.4330297848143705
ap_exp_1to20_fixed,poor,interpolated,15,0.19769230769230767,0.343511353605786,25,0.46405890423221513
ap_exp_1to20_fixed,poor,interpolated,16,0.23076923076923078,0.26706919003364255,25,0.5733762107063005
ap_exp_1to20_fixed,poor,interpolated,17,0.2169230769230769,0.2976182551465212,25,0.5263404337906398
ap_exp_1to20_fixed,poor,interpolated,18,0.25846153846153846,0.2122233891167003,25,0.673206754249212
ap_exp_1to20_fixed,poor,interpolated,19,0.28076923076923077,0.17398592766784643,25,0.7594858769090774
ap_exp_1to20_fixed,poor,interpolated,20,0.2892307692307692,0.16082608766934542,25,0.793643502777291
ap_exp_1to20_fixed,poor,interpolated,21,0.2869230769230769,0.16434331549306577,25,0.7842479557351664
ap_exp_1to20_fixed,poor,interpolated,22,0.30230769230769233,0.14189407251612246,25,0.8480357463840179
ap_exp_1to20_fixed,poor,interpolated,23,0.3146153846153846,0.12558660108939315,25,0.9010566932688007
ap_exp_1to20_fixed,poor,interpolated,24,0.32076923076923075,0.11796423928301568,25,0.9282496285910876
ap_exp_1to20_fixed,poor,interpolated,25,0.31153846153846154,0.12952924585337894,25,0.8876321630209872
ap_exp_1to20_fixed,poor,interpolated,26,0.3123076923076923,0.12853528769607098,25,0.8909776260461837
ap_exp_1to20_fixed,poor,interpolated,27,0.31692307692307686,0.12268739103336283,25,0.9112000687808722
ap_exp_1to20_fixed,poor,interpolated,28,0.3276923076923077,0.10980008828638678,25,0.9593973106848778
ap_exp_1to20_fixed,poor,interpolated,29,0.32923076923076927,0.10804385773497073,25,0.9663999176065795
ap_exp_1to20_fixed,poor,interpolated,30,0.31692307692307686,0.12268739103336283,25,0.9112000687808722
ap_exp_1to20_fixed,poor,interpolated,31,0.30076923076923073,0.14403433570907231,25,0.8415339660196048
ap_exp_1to20_fixed,poor,interpolated,32,0.31692307692307686,0.12268739103336283,25,0.9112000687808722
ap_exp_1to20_fixed,poor,interpolated,33,0.2946153846153846,0.15282630212252207,25,0.8158018952128626
ap_exp_1to20_fixed,poor,interpolated,34,0.3646153846153847,0.07313083237165932,25,1.135899483428463
ap_exp_1to20_fixed,poor,interpolated,35,0.32076923076923075,0.11796423928301568,25,0.9282496285910876
ap_exp_1to20_fixed,poor,interpolated,36,0.31076923076923074,0.13052875928344368,25,0.8842937900724663
ap_exp_1to20_fixed,poor,interpolated,37,0.3246153846153846,0.11337553699158226,25,0.9454806429357847
ap_exp_1to20_fixed,poor,interpolated,38,0.30076923076923073,0.14403433570907231,25,0.8415339660196048
ap_exp_1to20_fixed,poor,interpolated,39,0.3238461538461538,0.11428261315645857,25,0.942019837711282
ap_exp_1to20_fixed,poor,interpolated,40,0.31692307692307686,0.12268739103336283,25,0.9112000687808722
ap_exp_1to20_fixed,poor,interpolated,41,0.31076923076923074,0.13052875928344368,25,0.8842937900724663
ap_exp_1to20_fixed,poor,interpolated,42,0.27307692307692305,0.186584536258399,25,0.7291243525291532
ap_exp_1to20_fixed,poor,interpolated,43,0.2369230769230769,0.25416319508816654,25,0.594887338626148
ap_exp_1to20_fixed,poor,interpolated,44,0.21923076923076923,0.29238141281731655,25,0.534050239674004
ap_exp_1to20_fixed,poor,interpolated,45,0.18692307692307694,0.37095344799135543,25,0.43068058782157126
ap_exp_1to20_fixed,poor,interpolated,46,0.2069230769230769,0.32098182056645524,25,0.4935195640164651
ap_exp_1to20_fixed,poor,interpolated,47,0.19230769230769232,0.35707749866857086,25,0.44723751612468565
ap_exp_1to20_fixed,poor,interpolated,48,0.15999999999999998,0.44487621013103373,25,0.3517608176393693
ap_exp_1to20_fixed,poor,interpolated,49,0.15615384615384614,0.4560374306078927,25,0.3409995098809197
ap_exp_1to20_fixed,poor,interpolated,50,0.1576923076923077,0.45155541117112874,25,0.3452889490287004
ap_exp_1to20_fixed,poor,interpolated,51,0.15615384615384614,0.4560374306078927,25,0.3409995098809197
ap_exp_1to20_fixed,poor,interpolated,52,0.16461538461538464,0.4316769999679242,25,0.3648410902205309
ap_exp_1to20_fixed,poor,interpolated,53,0.13846153846153847,0.5092185704859424,25,0.29309576661989717
ap_exp_1to20_fixed,poor,interpolated,54,0.1446153846153846,0.4903845894182296,25,0.3094631861971983
ap_exp_1to20_fixed,poor,interpolated,55,0.1453846153846154,0.48805519410308196,25,0.3115310609092959
ap_exp_1to20_fixed,poor,interpolated,56,0.15846153846153843,0.4493231524799268,25,0.3474412027396788
ap_exp_1to20_fixed,poor,interpolated,57,0.1392307692307692,0.50684516288957,25,0.2951246938678387
ap_exp_1to20_fixed,poor,interpolated,58,0.10999999999999999,0.6006715408190598,25,0.221362943977451
ap_exp_1to20_fixed,poor,interpolated,59,0.11615384615384615,0.5803228055887673,25,0.23633036214829972
ap_exp_1to20_fixed,poor,interpolated,60,0.09,0.6687736167185602,25,0.17472086825377914
ap_exp_1to20_fixed,poor,interpolated,61,0.08692307692307692,0.6794980246772079,25,0.16781180143779376
ap_exp_1to20_fixed,poor,interpolated,62,0.0876923076923077,0.67681114475276,25,0.1695324985730877
ap_exp_1to20_fixed,poor,interpolated,63,0.06307692307692309,0.7645308004755562,25,0.11660501357785737
ap_exp_1to20_fixed,poor,interpolated,64,0.09615384615384616,0.6475146685503539,25,0.18875038879370892
ap_exp_1to20_fixed,poor,interpolated,65,0.10076923076923076,0.6317435746332144,25,0.1994591665280002
ap_exp_1to20_fixed,poor,interpolated,66,0.12,0.5677601210384973,25,0.24583511519366533
ap_exp_1to20_fixed,poor,interpolated,67,0.14615384615384616,0.4857313808455339,25,0.3136038378738746
ap_exp_1to20_fixed,poor,interpolated,68,0.15307692307692308,0.4650710581407873,25,0.33248068624819976
ap_exp_1to20_fixed,poor,interpolated,69,0.15692307692307692,0.45379350880333014,25,0.34314172068346965
ap_exp_1to20_fixed,poor,interpolated,70,0.11384615384615385,0.587918223858522,25,0.230683077659992
ap_exp_1to20_fixed,poor,interpolated,71,0.10461538461538461,0.6187190398978742,25,0.20850651919035743
ap_exp_1to20_fixed,poor,interpolated,72,0.10461538461538461,0.6187190398978742,25,0.20850651919035743
ap_exp_1to30_knee,poor,interpolated,12,0.15153846153846154,0.4696224202911933,25,0.3282511775689674
ap_exp_1to30_knee,poor,interpolated,13,0.07923076923076922,0.706571251745497,25,0.15084403667513924
ap_exp_1to30_knee,poor,interpolated,14,0.09846153846153846,0.6396101242558592,25,0.19408467051421135
ap_exp_1to30_knee,poor,interpolated,15,0.12230769230769231,0.5602813366901465,25,0.2515938439030891
ap_exp_1to30_knee,poor,interpolated,16,0.12615384615384617,0.5479166934662429,25,0.26128546764371624
ap_exp_1to30_knee,poor,interpolated,17,0.14615384615384616,0.4857313808455339,25,0.3136038378738746
ap_exp_1to30_knee,poor,interpolated,18,0.1346153846153846,0.521166503416824,25,0.28302350517879854
ap_exp_1to30_knee,poor,interpolated,19,0.15923076923076923,0.4470967473255907,25,0.3495984896570987
ap_exp_1to30_knee,poor,interpolated,20,0.14846153846153848,0.4787936059036386,25,0.3198516580553278
ap_exp_1to30_knee,poor,interpolated,21,0.16692307692307692,0.4251577275286923,25,0.371449922920324
ap_exp_1to30_knee,poor,interpolated,22,0.16999999999999998,0.4165494576141051,25,0.38033342668524966
ap_exp_1to30_knee,poor,interpolated,23,0.16538461538461538,0.42949792777079765,25,0.3670389271991623
ap_exp_1to30_knee,poor,interpolated,24,0.17153846153846153,0.4122815839225631,25,0.38480606413009094
ap_exp_1to30_knee,poor,interpolated,25,0.17923076923076922,0.3913084960893425,25,0.40748072259596596
ap_exp_1to30_knee,poor,interpolated,26,0.15384615384615383,0.46280399078181256,25,0.3346029047612409
ap_exp_1to30_knee,poor,interpolated,27,0.10769230769230768,0.6083790310806795,25,0.21582576313135024
ap_exp_1to30_knee,poor,interpolated,28,0.1176923076923077,0.5752831629598214,25,0.24011833645711
ap_exp_1to30_knee,poor,interpolated,29,0.12538461538461537,0.5503795193738266,25,0.25933773536197746
ap_exp_1to30_knee,poor,interpolated,30,0.12538461538461537,0.5503795193738266,25,0.25933773536197746
ap_exp_1to30_knee,poor,interpolated,31,0.09461538461538462,0.6528051126847747,25,0.1852164529029539
ap_exp_1to30_knee,poor,interpolated,32,0.1523076923076923,0.46734387324425375,25,0.3303634464238259
ap_exp_1to30_knee,poor,interpolated,33,0.1746153846153846,0.4038188280591748,25,0.3938134359332982
ap_exp_1to30_knee,poor,interpolated,34,0.18307692307692305,0.38105311818715226,25,0.4190144801574303
ap_exp_1to30_knee,poor,interpolated,35,0.16538461538461538,0.42949792777079765,25,0.3670389271991623
ap_exp_1to30_knee,poor,interpolated,36,0.16615384615384618,0.42732483267123456,25,0.36924186875845905
ap_exp_1to30_knee,poor,interpolated,37,0.15692307692307692,0.45379350880333014,25,0.34314172068346965
ap_exp_1to30_knee,poor,interpolated,38,0.15000000000000002,0.4741966461552527,25,0.32404152197617264
ap_exp_1to30_knee,poor,interpolated,39,0.09999999999999999,0.6343614915786997,25,0.19766318839927324
ap_exp_1to30_knee,poor,interpolated,40,0.050769230769230775,0.809551014193721,25,0.0917557788009619
ap_exp_1to30_knee,poor,interpolated,41,-0.07307692307692308,0.7284839479101772,25,-0.13758001343529358
ap_exp_1to30_knee,poor,interpolated,42,-0.20230769230769227,0.3321314401444694,25,-0.478690011378538
ap_exp_1to30_knee,poor,interpolated,43,-0.25076923076923074,0.2266281148852978,25,-0.6446862137041572
ap_exp_1to30_knee,poor,interpolated,44,-0.18,0.38924501850072923,25,-0.4097769367598126
ap_exp_1to30_knee,poor,interpolated,45,-0.13615384615384615,0.516371228104263,25,-0.2870379643600446
ap_exp_1to30_knee,poor,interpolated,46,-0.06230769230769231,0.7673245235239029,25,-0.11502092162083212
ap_exp_1to30_knee,poor,interpolated,47,-0.016153846153846154,0.9389108221379953,25,-0.027375655116830946
ap_exp_1to30_knee,poor,interpolated,48,-0.019999999999999997,0.9244025542285002,25,-0.0341388631866425
ap_exp_1to30_knee,poor,interpolated,49,-0.013846153846153848,0.9476251645766063,25,-0.023363414927271287
ap_exp_1to30_knee,poor,interpolated,50,-0.0015384615384615385,0.9941767167264197,25,-0.0025364121039226895
ap_exp_1to30_knee,poor,interpolated,51,0.016153846153846154,0.9389108221379953,25,0.027375655116830946
ap_exp_1to30_knee,poor,interpolated,52,0.014615384615384615,0.9447196857477185,25,0.02469703486870021
ap_exp_1to30_knee,poor,interpolated,53,-0.009230769230769232,0.9650704283598979,25,-0.015440991804416241
ap_exp_1to30_knee,poor,interpolated,54,-0.02846153846153846,0.8925731044757399,25,-0.049356203708524574
ap_exp_1to30_knee,poor,interpolated,55,0.015384615384615384,0.941814892951957,25,0.026034446325112932
ap_exp_1to30_knee,poor,interpolated,56,-0.006923076923076924,0.9737994035133074,25,-0.011530495810825317
ap_exp_1to30_knee,poor,interpolated,57,-0.020769230769230772,0.921503568780896,25,-0.035502978514523185
ap_exp_1to30_knee,poor,interpolated,58,-0.049999999999999996,0.8123859961085287,25,-0.09023757156118696
ap_exp_1to30_knee,poor,interpolated,59,-0.06692307692307692,0.7506056746243597,25,-0.1245881566179397
ap_exp_1to30_knee,poor,interpolated,60,-0.08461538461538462,0.6875813739255663,25,-0.16267589654419165
ap_exp_1to30_knee,poor,interpolated,61,-0.08538461538461539,0.6848831681823175,25,-0.16438350696190068
ap_exp_1to30_knee,poor,interpolated,62,-0.09,0.6687736167185602,25,-0.17472086825377914
ap_exp_1to30_knee,poor,interpolated,63,-0.07384615384615385,0.7257331056231732,25,-0.13922306534131956
ap_exp_1to30_knee,poor,interpolated,64,-0.10692307692307691,0.6109572957084637,25,-0.21398914472687144
ap_exp_1to30_knee,poor,interpolated,65,-0.09538461538461537,0.6501578339912331,25,-0.1869812001101879
ap_exp_1to30_knee,poor,interpolated,66,-0.08923076923076922,0.6714489122271149,25,-0.17298702541060335
ap_exp_1to30_knee,poor,interpolated,67,-0.08615384615384615,0.6821887087728209,25,-0.1660954730820069
ap_exp_1to30_knee,poor,interpolated,68,-0.09384615384615384,0.6554564771802143,25,-0.18345614050784106
ap_exp_1to30_knee,poor,interpolated,69,-0.10384615384615385,0.6213151863171391,25,-0.20668803113961148
ap_exp_1to30_knee,poor,interpolated,70,-0.11307692307692309,0.5904595228666748,25,-0.22880986875016085
ap_exp_1to30_knee,poor,interpolated,71,-0.11692307692307692,0.5778005716279875,25,-0.23822203283665075
ap_exp_1to30_knee,poor,interpolated,72,-0.11692307692307692,0.5778005716279875,25,-0.23822203283665075
ap_exp_1to40_fixed,poor,interpolated,12,0.12923076923076923,0.538116551492184,25,0.2691236496350276
ap_exp_1to40_fixed,poor,interpolated,13,0.10999999999999999,0.6006715408190598,25,0.221362943977451
ap_exp_1to40_fixed,poor,interpolated,14,0.10615384615384615,0.6135400689983799,25,0.21215706916086627
ap_exp_1to40_fixed,poor,interpolated,15,0.16538461538461538,0.42949792777079765,25,0.3670389271991623
ap_exp_1to40_fixed,poor,interpolated,16,0.17153846153846153,0.4122815839225631,25,0.38480606413009094
ap_exp_1to40_fixed,poor,interpolated,17,0.17615384615384613,0.39962412508987566,25,0.3983483015342815
ap_exp_1to40_fixed,poor,interpolated,18,0.18692307692307694,0.37095344799135543,25,0.43068058782157126
ap_exp_1to40_fixed,poor,interpolated,19,0.2169230769230769,0.2976182551465212,25,0.5263404337906398
ap_exp_1to40_fixed,poor,interpolated,20,0.24384615384615385,0.24013623654456348,25,0.6195422999850125
ap_exp_1to40_fixed,poor,interpolated,21,0.26384615384615384,0.2025154716206569,25,0.6935417922873116
ap_exp_1to40_fixed,poor,interpolated,22,0.2776923076923077,0.17895216877264736,25,0.7472630339027239
ap_exp_1to40_fixed,poor,interpolated,23,0.27384615384615385,0.18529715169369637,25,0.7321312564135241
ap_exp_1to40_fixed,poor,interpolated,24,0.26692307692307693,0.1971058089027914,25,0.7053005764447906
ap_exp_1to40_fixed,poor,interpolated,25,0.22153846153846157,0.28720269174260227,25,0.5418114940833559
ap_exp_1to40_fixed,poor,interpolated,26,0.24384615384615385,0.24013623654456348,25,0.6195422999850125
ap_exp_1to40_fixed,poor,interpolated,27,0.24692307692307694,0.23406875542952846,25,0.6306565540528591
ap_exp_1to40_fixed,poor,interpolated,28,0.2538461538461539,0.22079018035439157,25,0.6560202457650083
ap_exp_1to40_fixed,poor,interpolated,29,0.2376923076923077,0.25257893718598984,25,0.597602868528493
ap_exp_1to40_fixed,poor,interpolated,30,0.2407692307692308,0.24630621673375477,25,0.6085246264918248
ap_exp_1to40_fixed,poor,interpolated,31,0.24923076923076923,0.22958524321981816,25,0.6390560300117134
ap_exp_1to40_fixed,poor,interpolated,32,0.2846153846153846,0.1679142421419649,25,0.7749124663315946
ap_exp_1to40_fixed,poor,interpolated,33,0.2907692307692308,0.15851094976487984,25,0.7999407318171322
ap_exp_1to40_fixed,poor,interpolated,34,0.29923076923076924,0.14619758715586154,25,0.8350597949126461
ap_exp_1to40_fixed,poor,interpolated,35,0.2976923076923077,0.14838393072691372,25,0.8286131285347623
ap_exp_1to40_fixed,poor,interpolated,36,0.2653846153846154,0.1997981662941645,25,0.6994085019557834
ap_exp_1to40_fixed,poor,interpolated,37,0.2538461538461539,0.22079018035439157,25,0.6560202457650083
ap_exp_1to40_fixed,poor,interpolated,38,0.19846153846153847,0.3415987528754716,25,0.46648372352252204
ap_exp_1to40_fixed,poor,interpolated,39,0.18692307692307694,0.37095344799135543,25,0.43068058782157126
ap_exp_1to40_fixed,poor,interpolated,40,0.1446153846153846,0.4903845894182296,25,0.3094631861971983
ap_exp_1to40_fixed,poor,interpolated,41,0.10923076923076921,0.6032361286157772,25,0.21951265588397162
ap_exp_1to40_fixed,poor,interpolated,42,0.03615384615384615,0.8637754440430968,25,0.06359914651237801
ap_exp_1to40_fixed,poor,interpolated,43,-0.01769230769230769,0.9331049901273374,25,-0.03006948801377476
ap_exp_1to40_fixed,poor,interpolated,44,0.006923076923076924,0.9737994035133074,25,0.011530495810825317
ap_exp_1to40_fixed,poor,interpolated,45,0.03461538461538462,0.8695226597695909,25,0.06071909579506408
ap_exp_1to40_fixed,poor,interpolated,46,0.03846153846153846,0.8551673034402157,25,0.0679489123443544
ap_exp_1to40_fixed,poor,interpolated,47,0.05692307692307692,0.7869578479689023,25,0.10404852924801689
ap_exp_1to40_fixed,poor,interpolated,48,0.02692307692307692,0.8983497047434486,25,0.046554570597697915
ap_exp_1to40_fixed,poor,interpolated,49,-0.03615384615384615,0.8637754440430968,25,-0.06359914651237801
ap_exp_1to40_fixed,poor,interpolated,50,-0.003846153846153846,0.9854424249431718,25,-0.0063687445554296545
ap_exp_1to40_fixed,poor,interpolated,51,0.030769230769230767,0.8839182553315145,25,0.053587896638481236
ap_exp_1to40_fixed,poor,interpolated,52,0.06769230769230769,0.7478295709921495,25,0.1261973657867745
ap_exp_1to40_fixed,poor,interpolated,53,0.04692307692307692,0.823748551131227,25,0.08420533626593552
ap_exp_1to40_fixed,poor,interpolated,54,0.08307692307692309,0.6929889078837379,25,0.15927371673514554
ap_exp_1to40_fixed,poor,interpolated,55,0.09153846153846153,0.6634348089960707,25,0.1782017457222953
ap_exp_1to40_fixed,poor,interpolated,56,0.08461538461538462,0.6875813739255663,25,0.16267589654419165
ap_exp_1to40_fixed,poor,interpolated,57,0.041538461538461545,0.8437149161571618,25,0.07380427287041232
ap_exp_1to40_fixed,poor,interpolated,58,0.025384615384615387,0.9041313354468479,25,0.043768478687343564
ap_exp_1to40_fixed,poor,interpolated,59,0.016153846153846154,0.9389108221379953,25,0.027375655116830946
ap_exp_1to40_fixed,poor,interpolated,60,0.023846153846153843,0.9099177127623183,25,0.040997880765848725
ap_exp_1to40_fixed,poor,interpolated,61,0.03461538461538462,0.8695226597695909,25,0.06071909579506408
ap_exp_1to40_fixed,poor,interpolated,62,0.033846153846153845,0.8723986996127842,25,0.05928499044708915
ap_exp_1to40_fixed,poor,interpolated,63,-0.013846153846153848,0.9476251645766063,25,-0.023363414927271287
ap_exp_1to40_fixed,poor,interpolated,64,0.012307692307692308,0.9534380364247024,25,0.02070752633403368
ap_exp_1to40_fixed,poor,interpolated,65,0.018461538461538463,0.9302033007015402,25,0.03142212378609975
ap_exp_1to40_fixed,poor,interpolated,66,0.046153846153846156,0.8265946777375633,25,0.08270739537254054
ap_exp_1to40_fixed,poor,interpolated,67,0.061538461538461535,0.7701210708628821,25,0.11344099395171946
ap_exp_1to40_fixed,poor,interpolated,68,0.08076923076923077,0.7011275748533198,25,0.15420295205636497
ap_exp_1to40_fixed,poor,interpolated,69,0.06615384615384615,0.7533847945421741,25,0.12298314934786715
ap_exp_1to40_fixed,poor,interpolated,70,0.05538461538461539,0.7925912249870333,25,0.10095074017847062
ap_exp_1to40_fixed,poor,interpolated,71,0.07769230769230769,0.712028969222489,25,0.1475023365351476
ap_exp_1to40_fixed,poor,interpolated,72,0.07769230769230769,0.712028969222489,25,0.1475023365351476
ap_exp_20to40_fixed,poor,interpolated,12,0.11846153846153845,0.5727706028933913,25,0.24201928003122006
ap_exp_20to40_fixed,poor,interpolated,13,0.11384615384615385,0.587918223858522,25,0.230683077659992
ap_exp_20to40_fixed,poor,interpolated,14,0.06307692307692309,0.7645308004755562,25,0.11660501357785737
ap_exp_20to40_fixed,poor,interpolated,15,0.04692307692307692,0.823748551131227,25,0.08420533626593552
ap_exp_20to40_fixed,poor,interpolated,16,0.04692307692307692,0.823748551131227,25,0.08420533626593552
ap_exp_20to40_fixed,poor,interpolated,17,0.04538461538461538,0.8294429316309466,25,0.0812134894833551
ap_exp_20to40_fixed,poor,interpolated,18,0.043076923076923075,0.8380001161641176,25,0.0767559211675376
ap_exp_20to40_fixed,poor,interpolated,19,0.05846153846153846,0.7813348550958149,25,0.10716280152155531
ap_exp_20to40_fixed,poor,interpolated,20,0.08153846153846152,0.6984110763822491,25,0.15588888159695274
ap_exp_20to40_fixed,poor,interpolated,21,0.11307692307692309,0.5904595228666748,25,0.22880986875016085
ap_exp_20to40_fixed,poor,interpolated,22,0.1376923076923077,0.5115973965854037,25,0.29107167422362235
ap_exp_20to40_fixed,poor,interpolated,23,0.15615384615384614,0.4560374306078927,25,0.3409995098809197
ap_exp_20to40_fixed,poor,interpolated,24,0.1276923076923077,0.5430063475050673,25,0.26519509367024646
ap_exp_20to40_fixed,poor,interpolated,25,0.13999999999999999,0.504477192636605,25,0.2971584633933153
ap_exp_20to40_fixed,poor,interpolated,26,0.14692307692307693,0.4834131669786844,25,0.31568152466004307
ap_exp_20to40_fixed,poor,interpolated,27,0.1376923076923077,0.5115973965854037,25,0.29107167422362235
ap_exp_20to40_fixed,poor,interpolated,28,0.07999999999999999,0.7038476432462639,25,0.15252133923619812
ap_exp_20to40_fixed,poor,interpolated,29,0.08230769230769232,0.6956981775319502,25,0.15757913432936213
ap_exp_20to40_fixed,poor,interpolated,30,0.07384615384615385,0.7257331056231732,25,0.13922306534131956
ap_exp_20to40_fixed,poor,interpolated,31,0.08615384615384615,0.6821887087728209,25,0.1660954730820069
ap_exp_20to40_fixed,poor,interpolated,32,0.13538461538461538,0.518766195016132,25,0.2850283321182052
ap_exp_20to40_fixed,poor,interpolated,33,0.16692307692307692,0.4251577275286923,25,0.371449922920324
ap_exp_20to40_fixed,poor,interpolated,34,0.21000000000000002,0.31367712745078047,25,0.5035171478118642
ap_exp_20to40_fixed,poor,interpolated,35,0.24384615384615385,0.24013623654456348,25,0.6195422999850125
ap_exp_20to40_fixed,poor,interpolated,36,0.22076923076923075,0.28892247278173616,25,0.539218676828265
ap_exp_20to40_fixed,poor,interpolated,37,0.16076923076923075,0.44266155514604155,25,0.35392819456270547
ap_exp_20to40_fixed,poor,interpolated,38,0.14846153846153848,0.4787936059036386,25,0.3198516580553278
ap_exp_20to40_fixed,poor,interpolated,39,0.10923076923076921,0.6032361286157772,25,0.21951265588397162
ap_exp_20to40_fixed,poor,interpolated,40,0.06846153846153846,0.7450565153020174,25,0.1278107831538572
ap_exp_20to40_fixed,poor,interpolated,41,0.08384615384615385,0.6902832969004511,25,0.16097263530607198
ap_exp_20to40_fixed,poor,interpolated,42,-0.005384615384615384,0.9796204078469652,25,-0.008942176055485059
ap_exp_20to40_fixed,poor,interpolated,43,-0.04230769230769231,0.8408565379913094,25,-0.0752780946580581
ap_exp_20to40_fixed,poor,interpolated,44,0.004615384615384616,0.9825313078759506,25,0.007653602152398421
ap_exp_20to40_fixed,poor,interpolated,45,0.06846153846153846,0.7450565153020174,25,0.1278107831538572
ap_exp_20to40_fixed,poor,interpolated,46,0.10999999999999999,0.6006715408190598,25,0.221362943977451
ap_exp_20to40_fixed,poor,interpolated,47,0.18461538461538463,0.37699450330835127,25,0.4236649818903732
ap_exp_20to40_fixed,poor,interpolated,48,0.2069230769230769,0.32098182056645524,25,0.4935195640164651
ap_exp_20to40_fixed,poor,interpolated,49,0.16384615384615386,0.4338620362289227,25,0.36264834981919164
ap_exp_20to40_fixed,poor,interpolated,50,0.11923076923076922,0.5702629145851892,25,0.24392487059392925
ap_exp_20to40_fixed,poor,interpolated,51,0.11846153846153845,0.5727706028933913,25,0.24201928003122006
ap_exp_20to40_fixed,poor,interpolated,52,0.0876923076923077,0.67681114475276,25,0.1695324985730877
ap_exp_20to40_fixed,poor,interpolated,53,0.0723076923076923,0.7312380568633035,25,0.13594121407998042
ap_exp_20to40_fixed,poor,interpolated,54,0.052307692307692305,0.8038880741031628,25,0.09480441416590192
ap_exp_20to40_fixed,poor,interpolated,55,0.09538461538461537,0.6501578339912331,25,0.1869812001101879
ap_exp_20to40_fixed,poor,interpolated,56,0.09153846153846153,0.6634348089960707,25,0.1782017457222953
ap_exp_20to40_fixed,poor,interpolated,57,0.08076923076923077,0.7011275748533198,25,0.15420295205636497
ap_exp_20to40_fixed,poor,interpolated,58,0.03538461538461538,0.8666482296036683,25,0.062157145825644924
ap_exp_20to40_fixed,poor,interpolated,59,0.03769230769230769,0.858034946173457,25,0.06649502378156533
ap_exp_20to40_fixed,poor,interpolated,60,0.022307692307692306,0.915708552227811,25,0.03824272971624026
ap_exp_20to40_fixed,poor,interpolated,61,0.012307692307692308,0.9534380364247024,25,0.02070752633403368
ap_exp_20to40_fixed,poor,interpolated,62,-0.018461538461538463,0.9302033007015402,25,-0.03142212378609975
ap_exp_20to40_fixed,poor,interpolated,63,-0.004615384615384616,0.9825313078759506,25,-0.007653602152398421
ap_exp_20to40_fixed,poor,interpolated,64,-0.015384615384615384,0.941814892951957,25,-0.026034446325112932
ap_exp_20to40_fixed,poor,interpolated,65,0.05538461538461539,0.7925912249870333,25,0.10095074017847062
ap_exp_20to40_fixed,poor,interpolated,66,0.06,0.7757225089906123,25,0.11029360653365736
ap_exp_20to40_fixed,poor,interpolated,67,0.06,0.7757225089906123,25,0.11029360653365736
ap_exp_20to40_fixed,poor,interpolated,68,0.03923076923076923,0.8523014444616794,25,0.06940677552407411
ap_exp_20to40_fixed,poor,interpolated,69,0.030769230769230767,0.8839182553315145,25,0.053587896638481236
ap_exp_20to40_fixed,poor,interpolated,70,-0.022307692307692306,0.915708552227811,25,-0.03824272971624026
ap_exp_20to40_fixed,poor,interpolated,71,-0.04692307692307692,0.823748551131227,25,-0.08420533626593552
ap_exp_20to40_fixed,poor,interpolated,72,-0.04692307692307692,0.823748551131227,25,-0.08420533626593552
Amp_Mean,all,observed,12,-0.04615384615384615,0.8755025376321142,14,-0.0577425907821032
Amp_Mean,all,observed,13,0.04901960784313726,0.8517943990009383,17,0.06966521996898871
Amp_Mean,all,observed,14,0.410989010989011,0.14433266812460507,14,0.8406353599631496
Amp_Mean,all,observed,15,0.35000000000000003,0.18386882202619317,16,0.7354919062698977
Amp_Mean,all,observed,16,-0.06140350877192983,0.8028068323384662,19,-0.09538894007808987
Amp_Mean,all,observed,17,0.01948051948051948,0.9332057914291583,21,0.030022574659766772
Amp_Mean,all,observed,18,-0.14624505928853757,0.5160696210616291,22,-0.28729170534317394
Amp_Mean,all,observed,19,-0.15304347826086956,0.4752549676743846,24,-0.32307333491007817
Amp_Mean,all,observed,20,-0.16483516483516483,0.4112919013545322,27,-0.38584984199013306
Amp_Mean,all,observed,21,-0.05652173913043478,0.7930697839291405,24,-0.1006885964882818
Amp_Mean,all,observed,22,-0.18309232480533927,0.3328219813746036,30,-0.4777879982634041
Amp_Mean,all,observed,23,-0.039956212370005476,0.8400189580766885,28,-0.07571091239623208
Amp_Mean,all,observed,24,0.04382647385984427,0.818124587425803,30,0.08718055511661874
Amp_Mean,all,observed,25,0.14883203559510566,0.43249188239021186,30,0.3640220395661546
Amp_Mean,all,observed,26,0.12807881773399013,0.5078931884210848,29,0.2942276116466394
Amp_Mean,all,observed,27,0.03189149560117301,0.8624378009547491,32,0.06427221645896332
Amp_Mean,all,observed,28,0.00219941348973607,0.9904681035020086,32,0.004159505684359981
Amp_Mean,all,observed,29,0.1000733137829912,0.5857889606625799,32,0.23225881696391185
Amp_Mean,all,observed,30,0.30392156862745096,0.07590119618365374,35,1.1197513796794
Amp_Mean,all,observed,31,0.13246753246753246,0.4551717087918191,34,0.34182473935778307
Amp_Mean,all,observed,32,0.2686274509803922,0.1186792112513099,35,0.9256253486910739
Amp_Mean,all,observed,33,0.24621848739495797,0.15392465328804483,35,0.8126918159743142
Amp_Mean,all,observed,34,0.2585434173669468,0.13370652416858178,35,0.8738474009557774
Amp_Mean,all,observed,35,0.40161213845424365,0.01374786964746365,37,1.8617645943450845
Amp_Mean,all,observed,36,0.4128700128700129,0.012329711994398659,36,1.9090470678247267
Amp_Mean,all,observed,37,0.2239851187219608,0.176419363349744,38,0.7534537495078786
Amp_Mean,all,observed,38,0.25637378268957217,0.12025662734433264,38,0.9198909803199308
Amp_Mean,all,observed,39,0.31611773717036873,0.05317578231807775,38,1.2742861120707434
Amp_Mean,all,observed,40,0.28141299193930774,0.09154411853242675,37,1.038369552738188
Amp_Mean,all,observed,41,0.15955429113323846,0.34553686158474783,37,0.4615056156445787
Amp_Mean,all,observed,42,0.28235294117647064,0.10030220390138495,35,0.9986895242907025
Amp_Mean,all,observed,43,0.30131964809384165,0.09375544069542191,32,1.0280035204488966
Amp_Mean,all,observed,44,0.1400560224089636,0.42228838051663053,35,0.3743908682481559
Amp_Mean,all,observed,45,0.13980137509549273,0.43036446615053303,34,0.3661635941999831
Amp_Mean,all,observed,46,0.21390374331550804,0.23197028416660867,33,0.6345676454928774
Amp_Mean,all,observed,47,0.19635854341736697,0.25825175537461703,35,0.5879567178357612
Amp_Mean,all,observed,48,0.22549019607843138,0.19277319738543297,35,0.7149533492546659
Amp_Mean,all,observed,49,0.04646752015173067,0.7847785946607049,37,0.10525285112698428
Amp_Mean,all,observed,50,-0.02773826458036984,0.87054568134489,37,-0.06020843461502585
Amp_Mean,all,observed,51,0.05630252100840336,0.7480222989611812,35,0.12608545538227084
Amp_Mean,all,observed,52,-0.0918918918918919,0.5940175229515066,36,-0.22620074355601322
Amp_Mean,all,observed,53,-0.028449502133712654,0.8672554322200352,37,-0.06185297119095052
Amp_Mean,all,observed,54,0.021100047415836886,0.9013508629779627,37,0.045106121125468725
Amp_Mean,all,observed,55,0.17970602181128495,0.2871995514659234,37,0.5418162426888825
Amp_Mean,all,observed,56,0.0239877769289534,0.8928815189225732,34,0.049206166074438756
Amp_Mean,all,observed,57,0.09725935828877007,0.5902672492299021,33,0.22895131278645667
Amp_Mean,all,observed,58,0.04872080088987764,0.7982076547859289,30,0.09788411166180708
Amp_Mean,all,observed,59,0.08923796791443851,0.6214092571939174,33,0.20662228130587487
Amp_Mean,all,observed,60,0.03005865102639296,0.8702751611910936,32,0.06034341164208387
Amp_Mean,all,observed,61,0.12500000000000003,0.5028542101272221,31,0.29855790940685006
Amp_Mean,all,observed,62,0.14798387096774193,0.42692251600323894,31,0.3696509397894139
Amp_Mean,all,observed,63,0.09157509157509157,0.6496282407086063,27,0.18733510366016795
Amp_Mean,all,observed,64,-0.0147008547008547,0.9431773328098857,26,-0.02540664509901288
Amp_Mean,all,observed,65,-0.10989010989010989,0.585310945833047,27,-0.23261335411844802
Amp_Mean,all,observed,66,-0.15076923076923077,0.4719066833093053,25,-0.3261438719814865
Amp_Mean,all,observed,67,0.10085470085470086,0.6239773010938097,26,0.20483120869739613
Amp_Mean,all,observed,68,0.22035573122529645,0.3123301820262032,23,0.5053860456959238
Amp_Mean,all,observed,69,0.06719367588932806,0.766386220986654,22,0.11555231212791628
Amp_Mean,all,observed,70,0.23157894736842105,0.325898627038793,20,0.48691746914741196
Amp_Mean,all,observed,71,0.19478260869565217,0.3617295619849086,24,0.44161599750795594
Amp_Mean,all,observed,72,-0.027692307692307693,0.8931776409313733,26,-0.04906215723255818
BCI,all,observed,12,-0.05054945054945055,0.8637420361792153,14,-0.06361594385434859
BCI,all,observed,13,0.007352941176470588,0.9776558930236225,17,0.00981397758244946
BCI,all,observed,14,0.4021978021978022,0.15397442954140356,14,0.8125513962487783
BCI,all,observed,15,0.4294117647058823,0.09693648522272379,16,1.0135127312199157
BCI,all,observed,16,0.0543859649122807,0.8249897141619513,19,0.08355146612953383
BCI,all,observed,17,0.087012987012987,0.7076308010268806,21,0.15019327182664038
BCI,all,observed,18,-0.13156408808582723,0.5594788375488211,22,-0.252216336141153
BCI,all,observed,19,-0.1695652173913043,0.42829525040358907,24,-0.3682567417018426
BCI,all,observed,20,-0.21978021978021978,0.27067494762899125,27,-0.5675519385773965
BCI,all,observed,21,-0.09304347826086956,0.6654325452454303,24,-0.1768959622966886
BCI,all,observed,22,-0.185761957730812,0.3256980819106049,30,-0.4871847990589923
BCI,all,observed,23,-0.054187192118226604,0.7841921785462467,28,-0.10557749362360244
BCI,all,observed,24,-0.011790878754171301,0.9506909245170636,30,-0.021960651930967596
BCI,all,observed,25,0.0825361512791991,0.6645781141511629,30,0.177453964983109
BCI,all,observed,26,0.09556650246305416,0.6219172487523053,29,0.20626739794758991
BCI,all,observed,27,0.09934017595307917,0.5885515736997657,32,0.2302154747205713
BCI,all,observed,28,0.06598240469208211,0.7197491799818798,32,0.1428188212460562
BCI,all,observed,29,0.08321114369501466,0.6507127872900169,32,0.186610658772635
BCI,all,observed,30,0.21204481792717086,0.22137525170519337,35,0.6548709320057563
BCI,all,observed,31,0.17616501145912908,0.31895388825885845,34,0.49627209914426684
BCI,all,observed,32,0.32605042016806723,0.05594152091551535,35,1.2522657303807119
BCI,all,observed,33,0.3369747899159664,0.04776074180862505,35,1.3209289364664052
BCI,all,observed,34,0.40364145658263306,0.01619195759692133,35,1.7907006421579328
BCI,all,observed,35,0.520388809862494,0.0009611985826616063,37,3.01718687825796
BCI,all,observed,36,0.4311454311454312,0.008658324744962672,36,2.062566129275876
BCI,all,observed,37,0.24937082831819674,0.13108400393138978,38,0.8824503016598838
BCI,all,observed,38,0.22179669548090603,0.18079452576121705,38,0.7428147235713224
BCI,all,observed,39,0.336688915636284,0.03874006237716426,38,1.4118396843387349
BCI,all,observed,40,0.20697012802275958,0.21903388492013304,37,0.6594886938563342
BCI,all,observed,41,0.12731152204836413,0.45271906680314367,37,0.34417121428977854
BCI,all,observed,42,0.2677871148459384,0.11988099145844351,35,0.9212496739416873
BCI,all,observed,43,0.2598973607038123,0.1508518260983656,32,0.8214494282159172
BCI,all,observed,44,0.14229691876750702,0.41482720026151043,35,0.38213277461620654
BCI,all,observed,45,0.15019098548510312,0.39653622132771627,34,0.4017171362044442
BCI,all,observed,46,0.061831550802139035,0.7324812401851004,33,0.13520349368842344
BCI,all,observed,47,0.09411764705882354,0.5907275889916656,35,0.22861274563613662
BCI,all,observed,48,0.08403361344537816,0.6312665993666893,35,0.19978718880425456
BCI,all,observed,49,-0.06401137980085347,0.7066281606783638,37,-0.15080905897091557
BCI,all,observed,50,-0.11640587956377428,0.4926470657320494,37,-0.30746409957916476
BCI,all,observed,51,-0.032492997198879554,0.8529948447188369,35,-0.0690535935885467
BCI,all,observed,52,-0.1747747747747748,0.3079589841280904,36,-0.5115071216586738
BCI,all,observed,53,-0.08843053579895685,0.6027420666455452,37,-0.21986849714252374
BCI,all,observed,54,-0.07491702228544332,0.6594433639085797,37,-0.18082249776460907
BCI,all,observed,55,0.09388335704125178,0.5804738063314163,37,0.23621737286319627
BCI,all,observed,56,-0.08938120702826584,0.6151812787128224,34,-0.21099688951909157
BCI,all,observed,57,-0.030080213903743314,0.8680213839757225,33,-0.061469575712605876
BCI,all,observed,58,0.020689655172413793,0.9135847422192582,30,0.039251162190735316
BCI,all,observed,59,0.014037433155080216,0.9381993063202716,33,0.027704892494583768
BCI,all,observed,60,0.00219941348973607,0.9904681035020086,32,0.004159505684359981
BCI,all,observed,61,0.13548387096774192,0.4674071774476669,31,0.33030462291943874
BCI,all,observed,62,0.13709677419354843,0.4620729162761894,31,0.33528948626707494
BCI,all,observed,63,0.11416361416361415,0.5707137142191469,27,0.2435816912531494
BCI,all,observed,64,0.06393162393162392,0.7563528844737005,26,0.12127553251128025
BCI,all,observed,65,-0.07081807081807082,0.7255806446249797,27,-0.1393143109048004
BCI,all,observed,66,-0.19769230769230767,0.343511353605786,25,-0.46405890423221513
BCI,all,observed,67,0.15555555555555553,0.4479672466656881,26,0.3487537384848064
BCI,all,observed,68,0.1442687747035573,0.5113391540131089,23,0.29129095141428896
BCI,all,observed,69,0.015245623941276118,0.946312760752094,22,0.02396530353472893
BCI,all,observed,70,0.13533834586466165,0.5694186911507699,20,0.24456828125226954
BCI,all,observed,71,0.13304347826086957,0.5354237325436195,24,0.27130238271145773
BCI,all,observed,72,-0.007863247863247862,0.9695892871458933,26,-0.01341219160923132
PowerAbs_Alpha,all,observed,12,-0.178021978021978,0.5425969526062153,14,-0.2655226497008904
PowerAbs_Alpha,all,observed,13,-0.09558823529411767,0.7151579154299805,17,-0.1455980501885008
PowerAbs_Alpha,all,observed,14,0.27472527472527475,0.34182974371948127,14,0.4661901505935518
PowerAbs_Alpha,all,observed,15,0.3029411764705882,0.25406688060961147,16,0.5950519445755584
PowerAbs_Alpha,all,observed,16,-0.21228070175438596,0.3829369333210927,19,-0.4168727450024877
PowerAbs_Alpha,all,observed,17,-0.1077922077922078,0.6418756070398506,21,-0.19254912833392177
PowerAbs_Alpha,all,observed,18,-0.2840203274985884,0.20019815279526967,22,-0.6985399340221465
PowerAbs_Alpha,all,observed,19,-0.23826086956521736,0.26221750952163636,24,-0.5813383117506853
PowerAbs_Alpha,all,observed,20,-0.30586080586080583,0.12077049105679766,27,-0.9180391678402522
PowerAbs_Alpha,all,observed,21,-0.19304347826086957,0.36611583497113953,24,-0.436381486928727
PowerAbs_Alpha,all,observed,22,-0.3210233592880979,0.0836800072526214,30,-1.0773782908361065
PowerAbs_Alpha,all,observed,23,-0.12698412698412698,0.5196295202184369,28,-0.28430618457399315
PowerAbs_Alpha,all,observed,24,-0.014905450500556172,0.937688329422283,30,-0.02794148923783929
PowerAbs_Alpha,all,observed,25,0.0424916573971079,0.8235763471138855,30,0.08429613469294295
PowerAbs_Alpha,all,observed,26,-0.045320197044334966,0.8154189359769,29,-0.08861920741073435
PowerAbs_Alpha,all,observed,27,-0.08651026392961875,0.637790707094201,32,-0.19532181291857129
PowerAbs_Alpha,all,observed,28,-0.1033724340175953,0.5734285123190146,32,-0.24152071663027633
PowerAbs_Alpha,all,observed,29,-0.1063049853372434,0.5625410369773747,32,-0.2498457905805894
PowerAbs_Alpha,all,observed,30,0.10588235294117648,0.5449367538377239,35,0.2636538996557856
PowerAbs_Alpha,all,observed,31,0.01665393430099312,0.9255203645845361,34,0.03361402085555239
PowerAbs_Alpha,all,observed,32,0.15406162464985995,0.3768949731452397,35,0.42377965493522524
PowerAbs_Alpha,all,observed,33,0.11204481792717086,0.5216426883731395,35,0.2826268755462724
PowerAbs_Alpha,all,observed,34,0.103921568627451,0.5524503560268361,35,0.25770674220807627
PowerAbs_Alpha,all,observed,35,0.19535324798482692,0.2465751315249111,37,0.6080507265485532
PowerAbs_Alpha,all,observed,36,0.2254826254826255,0.18608395106214293,36,0.7302910812792696
PowerAbs_Alpha,all,observed,37,0.024619761461866726,0.8833540430509619,38,0.05386519888399858
PowerAbs_Alpha,all,observed,38,0.08567676988729621,0.6090385332093198,38,0.21535522915567745
PowerAbs_Alpha,all,observed,39,0.13951198161724476,0.4035051743199076,38,0.39415089176179885
PowerAbs_Alpha,all,observed,40,0.10834518729255568,0.5232774508601298,37,0.28126797953133453
PowerAbs_Alpha,all,observed,41,0.014935988620199146,0.9300844562666473,37,0.031477613569501066
PowerAbs_Alpha,all,observed,42,0.14985994397759103,0.39020131120452484,35,0.40871127556699277
PowerAbs_Alpha,all,observed,43,0.157258064516129,0.3900319588134783,32,0.40889980587686264
PowerAbs_Alpha,all,observed,44,0.04565826330532213,0.7945215317270947,35,0.0998943288108455
PowerAbs_Alpha,all,observed,45,0.02032085561497326,0.9091826940955636,34,0.041348839478447336
PowerAbs_Alpha,all,observed,46,0.03342245989304813,0.8535069513307668,33,0.0687929374522351
PowerAbs_Alpha,all,observed,47,0.12128851540616246,0.4876433348131164,35,0.31189770741387773
PowerAbs_Alpha,all,observed,48,0.15742296918767507,0.36644470937926144,35,0.4359915441413806
PowerAbs_Alpha,all,observed,49,-0.03105737316263632,0.8552103976714819,37,-0.06792702760295191
PowerAbs_Alpha,all,observed,50,-0.08605974395448078,0.6125371949380325,37,-0.2128675346109594
PowerAbs_Alpha,all,observed,51,-0.04341736694677871,0.804406161992402,35,-0.0945246112365988
PowerAbs_Alpha,all,observed,52,-0.1552123552123552,0.3660469538335063,36,-0.4364632029037179
PowerAbs_Alpha,all,observed,53,-0.10573731626363203,0.5333833902911396,37,-0.2729605124879466
PowerAbs_Alpha,all,observed,54,-0.07183499288762446,0.6726568963883304,37,-0.17220640085957922
PowerAbs_Alpha,all,observed,55,0.05429113323850165,0.7496196852594519,37,0.1251590172546146
PowerAbs_Alpha,all,observed,56,-0.07318563789152024,0.6808288586920515,34,-0.16696204383844546
PowerAbs_Alpha,all,observed,57,-0.0645053475935829,0.7213622278574703,33,-0.14184660205445085
PowerAbs_Alpha,all,observed,58,-0.053170189098998885,0.7802081176079785,30,-0.10778953542129073
PowerAbs_Alpha,all,observed,59,-0.04846256684491979,0.7888386198299027,33,-0.10301183542936752
PowerAbs_Alpha,all,observed,60,-0.056818181818181816,0.7574173060509463,32,-0.12066477600874408
PowerAbs_Alpha,all,observed,61,0.023387096774193553,0.9006188214672899,31,0.04545898123054494
PowerAbs_Alpha,all,observed,62,0.05887096774193549,0.7530784607607368,31,0.12315977373251666
PowerAbs_Alpha,all,observed,63,0.006105006105006104,0.975890270735696,27,0.010599011731922655
PowerAbs_Alpha,all,observed,64,-0.1398290598290598,0.49569158917301404,26,-0.30478845008161115
PowerAbs_Alpha,all,observed,65,-0.19963369963369965,0.31811532679715365,27,-0.4974154060794484
PowerAbs_Alpha,all,observed,66,-0.2646153846153846,0.20115369650871265,25,-0.696471982189983
PowerAbs_Alpha,all,observed,67,-0.0858119658119658,0.6768191025896042,26,-0.16952739223827265
PowerAbs_Alpha,all,observed,68,0.02865612648221344,0.8967308659954056,23,0.04733788131635772
PowerAbs_Alpha,all,observed,69,-0.19706380575945792,0.37938905896201536,22,-0.42091519769864116
PowerAbs_Alpha,all,observed,70,0.003007518796992481,0.9899597295184989,20,0.004382471668729343
PowerAbs_Alpha,all,observed,71,0.040869565217391296,0.8496151500324182,24,0.07077775201023186
PowerAbs_Alpha,all,observed,72,-0.0652991452991453,0.7513008176232436,26,-0.12418613852737967
PowerAbs_Beta,all,observed,12,-0.0945054945054945,0.7479382611415478,14,-0.12613424966515466
PowerAbs_Beta,all,observed,13,0.029411764705882353,0.9107803991169198,17,0.04058632439743145
PowerAbs_Beta,all,observed,14,0.2923076923076923,0.3105263203858819,14,0.5079015828822612
PowerAbs_Beta,all,observed,15,0.25,0.3503914791072017,16,0.4554464636389983
PowerAbs_Beta,all,observed,16,-0.2157894736842105,0.3749350298393408,19,-0.42604398194381415
PowerAbs_Beta,all,observed,17,-0.12207792207792208,0.5980864852006569,21,-0.22323601111254252
PowerAbs_Beta,all,observed,18,-0.3280632411067194,0.13608127719219507,22,-0.8662016233011335
PowerAbs_Beta,all,observed,19,-0.2626086956521739,0.21507317009837812,24,-0.6674137635083052
PowerAbs_Beta,all,observed,20,-0.3571428571428571,0.06742904400568388,27,-1.1711529976123916
PowerAbs_Beta,all,observed,21,-0.1973913043478261,0.3552078904108176,24,-0.44951739558539167
PowerAbs_Beta,all,observed,22,-0.33926585094549494,0.06663860732851865,30,-1.1762740877696292
PowerAbs_Beta,all,observed,23,-0.1718664477285167,0.38184497951675267,28,-0.4181129151111519
PowerAbs_Beta,all,observed,24,-0.03181312569521691,0.8674600788223281,30,-0.061750502642116296
PowerAbs_Beta,all,observed,25,-0.016240266963292546,0.9321204011287032,30,-0.030527986606781285
PowerAbs_Beta,all,observed,26,-0.13694581280788173,0.4787064944087561,29,-0.3199306805883381
PowerAbs_Beta,all,observed,27,-0.13709677419354838,0.45432458352832306,32,-0.3426337628511489
PowerAbs_Beta,all,observed,28,-0.21151026392961875,0.24520092218142847,32,-0.6104779008030818
PowerAbs_Beta,all,observed,29,-0.22214076246334308,0.2217225177602492,32,-0.6541901984397844
PowerAbs_Beta,all,observed,30,0.02212885154061625,0.8995919654777684,35,0.04595443203170562
PowerAbs_Beta,all,observed,31,0.009320091673032849,0.9582790426358094,34,0.018508009678267073
PowerAbs_Beta,all,observed,32,0.10840336134453783,0.5353481198060052,35,0.27136371826989636
PowerAbs_Beta,all,observed,33,0.10308123249299721,0.5556852421917595,35,0.2551711369914623
PowerAbs_Beta,all,observed,34,0.11456582633053221,0.5122562795408112,35,0.29051270905520565
PowerAbs_Beta,all,observed,35,0.22309151256519677,0.1844307979432141,37,0.7341665547576701
PowerAbs_Beta,all,observed,36,0.18404118404118405,0.28260421753066833,36,0.5488213611122696
PowerAbs_Beta,all,observed,37,0.013239960608381663,0.937117296929301,38,0.0282060460162836
PowerAbs_Beta,all,observed,38,0.10493489440857862,0.5306668291166264,38,0.27517805836994
PowerAbs_Beta,all,observed,39,0.16161505635189843,0.33235847140953845,38,0.47839324711542075
PowerAbs_Beta,all,observed,40,0.11474632527264104,0.49887720098629906,37,0.3020063431485952
PowerAbs_Beta,all,observed,41,0.023233760075865334,0.8914315020647949,37,0.04991202255950314
PowerAbs_Beta,all,observed,42,0.1761904761904762,0.31132308984582113,35,0.5067886678791482
PowerAbs_Beta,all,observed,43,0.2254398826979472,0.21475805725451752,32,0.6680505334080875
PowerAbs_Beta,all,observed,44,0.08151260504201681,0.6415751965296657,35,0.19275243434128692
PowerAbs_Beta,all,observed,45,0.09274255156608097,0.6018955165668045,34,0.22047889166033838
PowerAbs_Beta,all,observed,46,0.09224598930481284,0.6096513698453706,33,0.21491844603125485
PowerAbs_Beta,all,observed,47,0.05686274509803922,0.7455974609492884,35,0.127495579593977
PowerAbs_Beta,all,observed,48,0.09607843137254903,0.5829797449024885,35,0.23434653414303416
PowerAbs_Beta,all,observed,49,-0.033191085822664765,0.845379187973708,37,-0.07294844808428048
PowerAbs_Beta,all,observed,50,-0.08131816026552867,0.6323260260616923,37,-0.1990589425860155
PowerAbs_Beta,all,observed,51,-0.01596638655462185,0.9274658867496001,35,-0.03270205526425347
PowerAbs_Beta,all,observed,52,-0.09909909909909911,0.5652718185586119,36,-0.24774266560934646
PowerAbs_Beta,all,observed,53,-0.03366524419155997,0.8431975444869986,37,-0.0740706668579275
PowerAbs_Beta,all,observed,54,-0.03153153153153153,0.8530237721075913,37,-0.06903886572427934
PowerAbs_Beta,all,observed,55,0.12233285917496442,0.4707264379452558,37,0.32723140923260374
PowerAbs_Beta,all,observed,56,0.019709702062643237,0.9119032806279381,34,0.04005122188767656
PowerAbs_Beta,all,observed,57,0.03877005347593583,0.8303834964050092,33,0.08072129086780022
PowerAbs_Beta,all,observed,58,0.07675194660734148,0.6868596934199,30,0.16313196832137866
PowerAbs_Beta,all,observed,59,0.05648395721925135,0.7548780969314797,33,0.12212317566149579
PowerAbs_Beta,all,observed,60,0.07074780058651026,0.7004078088151809,32,0.1546490206319405
PowerAbs_Beta,all,observed,61,0.18467741935483872,0.3199432364653571,31,0.4949270662944556
PowerAbs_Beta,all,observed,62,0.1733870967741936,0.3509238624248171,31,0.4547870992480651
PowerAbs_Beta,all,observed,63,0.221001221001221,0.2679547075673537,27,0.5719386086425167
PowerAbs_Beta,all,observed,64,0.10427350427350426,0.6122046666360923,26,0.21310336424116783
PowerAbs_Beta,all,observed,65,-0.03418803418803419,0.8655690206453507,27,-0.06269829567967475
PowerAbs_Beta,all,observed,66,-0.13076923076923078,0.5332474737633857,25,-0.27307119332479785
PowerAbs_Beta,all,observed,67,0.12410256410256408,0.5458290014621017,26,0.2629433927402464
PowerAbs_Beta,all,observed,68,0.17588932806324112,0.42210052883017857,23,0.37458410373783413
PowerAbs_Beta,all,observed,69,-0.07396950875211745,0.7435587990333694,22,-0.12868468270889025
PowerAbs_Beta,all,observed,70,0.10225563909774435,0.66793535735332,20,0.17526556642146066
PowerAbs_Beta,all,observed,71,0.09652173913043478,0.6536731719946905,24,0.18463933894988133
PowerAbs_Beta,all,observed,72,-0.054358974358974355,0.7919799731683335,26,-0.10128580029491234
PowerAbs_Delta,all,observed,12,-0.0945054945054945,0.7479382611415478,14,-0.12613424966515466
PowerAbs_Delta,all,observed,13,0.002450980392156863,0.992551188788469,17,0.0032470861415745088
PowerAbs_Delta,all,observed,14,0.3142857142857143,0.27380490296286775,14,0.5625587793187067
PowerAbs_Delta,all,observed,15,0.3911764705882353,0.1340712861972552,16,0.8726642242465079
PowerAbs_Delta,all,observed,16,-0.10350877192982455,0.6732515278554065,19,-0.17182265234137686
PowerAbs_Delta,all,observed,17,0.032467532467532464,0.8888886581323974,21,0.05115263519070072
PowerAbs_Delta,all,observed,18,-0.17447769621682668,0.43740178605254565,22,-0.35911944793034034
PowerAbs_Delta,all,observed,19,-0.18,0.399985075450615,24,-0.39795621309795115
PowerAbs_Delta,all,observed,20,-0.2081807081807082,0.2974004800882407,27,-0.5266583347397354
PowerAbs_Delta,all,observed,21,-0.05217391304347826,0.8086881976469136,24,-0.09221889512880768
PowerAbs_Delta,all,observed,22,-0.2622914349276974,0.1614412820441479,30,-0.7919854022562715
PowerAbs_Delta,all,observed,23,-0.034482758620689655,0.8617097887880456,28,-0.06463897355960696
PowerAbs_Delta,all,observed,24,0.018909899888765295,0.9209942150566691,30,0.03574309768247469
PowerAbs_Delta,all,observed,25,0.11902113459399331,0.5310275921265402,30,0.27488291244588575
PowerAbs_Delta,all,observed,26,0.003940886699507388,0.9838129591637323,29,0.007087461044596438
PowerAbs_Delta,all,observed,27,-0.03115835777126099,0.8655712457181038,32,-0.06269717926312861
PowerAbs_Delta,all,observed,28,-0.08394428152492668,0.6478324222371902,32,-0.18853732053339964
PowerAbs_Delta,all,observed,29,0.009530791788856303,0.9587116861177689,32,0.01831197880840601
PowerAbs_Delta,all,observed,30,0.24677871148459385,0.15296016895096734,35,0.8154216453711112
PowerAbs_Delta,all,observed,31,0.05210084033613445,0.7698027485301668,34,0.11362054261872867
PowerAbs_Delta,all,observed,32,0.20476190476190478,0.23802157518515749,35,0.6233836750477674
PowerAbs_Delta,all,observed,33,0.13249299719887955,0.44801618534005117,35,0.3487062960980625
PowerAbs_Delta,all,observed,34,0.13137254901960785,0.4518985449976207,35,0.3449590569881648
PowerAbs_Delta,all,observed,35,0.2830725462304409,0.08956712088399732,37,1.047851385864684
PowerAbs_Delta,all,observed,36,0.28648648648648656,0.09027105478870248,36,1.0444514829170517
PowerAbs_Delta,all,observed,37,0.06488674909727542,0.6987299771968964,38,0.15569062406794207
PowerAbs_Delta,all,observed,38,0.1465149359886202,0.3800748815116425,38,0.420130831216028
PowerAbs_Delta,all,observed,39,0.15308020571178466,0.35885394640669555,38,0.4450822733602507
PowerAbs_Delta,all,observed,40,0.10478899952584161,0.5370815204952347,37,0.26995979025159916
PowerAbs_Delta,all,observed,41,-0.009483167377904219,0.9555766767098364,37,-0.019734458859195197
PowerAbs_Delta,all,observed,42,0.1677871148459384,0.33532416310598945,35,0.47453515064067603
PowerAbs_Delta,all,observed,43,0.1510263929618768,0.40931932148187056,32,0.38793775446319284
PowerAbs_Delta,all,observed,44,-0.012324929971988797,0.9439789652577093,35,-0.02503768300519933
PowerAbs_Delta,all,observed,45,0.010236822001527883,0.9541794482067585,34,0.020369941818718686
PowerAbs_Delta,all,observed,46,0.0752005347593583,0.6774634048445489,33,0.1691141594990539
PowerAbs_Delta,all,observed,47,0.07254901960784314,0.6787534791570577,35,0.16828793128915284
PowerAbs_Delta,all,observed,48,0.12072829131652661,0.4896708763876486,35,0.3100957252655517
PowerAbs_Delta,all,observed,49,-0.10478899952584161,0.5370815204952347,37,-0.26995979025159916
PowerAbs_Delta,all,observed,50,-0.15030820293978187,0.37455789640533566,37,-0.42648104272829324
PowerAbs_Delta,all,observed,51,-0.04061624649859944,0.8168038452917089,35,-0.0878822263753093
PowerAbs_Delta,all,observed,52,-0.16731016731016732,0.3293962428939361,36,-0.4822813587173786
PowerAbs_Delta,all,observed,53,-0.09743954480796585,0.5661527790638061,37,-0.24706635653085784
PowerAbs_Delta,all,observed,54,-0.07752489331436699,0.6483413250013745,37,-0.18819629576856722
PowerAbs_Delta,all,observed,55,0.04646752015173067,0.7847785946607049,37,0.10525285112698428
PowerAbs_Delta,all,observed,56,-0.04201680672268907,0.8134807428465688,34,-0.089652723457868
PowerAbs_Delta,all,observed,57,0.0036764705882352945,0.983799744478463,33,0.00709329457563844
PowerAbs_Delta,all,observed,58,-0.01846496106785317,0.9228476207693762,30,-0.03487000311523403
PowerAbs_Delta,all,observed,59,0.019050802139037436,0.916194787986969,33,0.03801218315034925
PowerAbs_Delta,all,observed,60,0.001099706744868035,0.9952339710589638,32,0.0020748083047291625
PowerAbs_Delta,all,observed,61,0.08427419354838711,0.6521769610520185,31,0.18563454724227696
PowerAbs_Delta,all,observed,62,0.057661290322580654,0.7580002892581764,31,0.12033062863812338
PowerAbs_Delta,all,observed,63,0.05616605616605617,0.7808149971448438,27,0.10745185374979167
PowerAbs_Delta,all,observed,64,-0.02358974358974359,0.9089330600136662,26,-0.041468099987245266
PowerAbs_Delta,all,observed,65,-0.09401709401709402,0.6408961377481243,27,-0.19321234561008438
PowerAbs_Delta,all,observed,66,-0.23153846153846153,0.2654333714204926,25,-0.5760444766762837
PowerAbs_Delta,all,observed,67,0.06598290598290597,0.7487785064324752,26,0.12564663044482344
PowerAbs_Delta,all,observed,68,0.17588932806324112,0.42210052883017857,23,0.37458410373783413
PowerAbs_Delta,all,observed,69,0.051383399209486175,0.8203531110821478,22,0.08599917056139385
PowerAbs_Delta,all,observed,70,0.24661654135338343,0.29455199407204263,20,0.5308380328106793
PowerAbs_Delta,all,observed,71,0.19478260869565217,0.3617295619849086,24,0.44161599750795594
PowerAbs_Delta,all,observed,72,0.1063247863247863,0.6051855622000846,26,0.218111441408315
PowerAbs_Gamma,all,observed,12,0.1252747252747253,0.6695823965448444,14,0.17419597255352254
PowerAbs_Gamma,all,observed,13,0.10049019607843139,0.7011667687510688,17,0.15417867513676
PowerAbs_Gamma,all,observed,14,0.2835164835164835,0.32596594744177265,14,0.48682776683566786
PowerAbs_Gamma,all,observed,15,0.2735294117647059,0.3053231563074052,16,0.5152402567063844
PowerAbs_Gamma,all,observed,16,0.08421052631578947,0.7317826946411556,19,0.13561786501983808
PowerAbs_Gamma,all,observed,17,0.02857142857142857,0.902156216296043,21,0.044718254031081046
PowerAbs_Gamma,all,observed,18,-0.19706380575945792,0.37938905896201536,22,-0.42091519769864116
PowerAbs_Gamma,all,observed,19,-0.19652173913043475,0.35737406951590356,24,-0.4468769623919391
PowerAbs_Gamma,all,observed,20,-0.30586080586080583,0.12077049105679766,27,-0.9180391678402522
PowerAbs_Gamma,all,observed,21,-0.19652173913043475,0.35737406951590356,24,-0.4468769623919391
PowerAbs_Gamma,all,observed,22,-0.2805339265850945,0.1332012106570126,30,-0.8754918278738961
PowerAbs_Gamma,all,observed,23,-0.19704433497536944,0.3148867290910068,28,-0.501845642329461
PowerAbs_Gamma,all,observed,24,-0.10300333704115683,0.5880636614116412,30,-0.23057565640139205
PowerAbs_Gamma,all,observed,25,-0.12791991101223582,0.500533515228615,30,-0.3005668372825125
PowerAbs_Gamma,all,observed,26,-0.21477832512315267,0.263200024950394,29,-0.5797140738885611
PowerAbs_Gamma,all,observed,27,-0.16129032258064516,0.3778365748637942,32,-0.42269600434776605
PowerAbs_Gamma,all,observed,28,-0.16458944281524926,0.3680264724933848,32,-0.43412094098871223
PowerAbs_Gamma,all,observed,29,-0.2456011730205278,0.17544503434024453,32,-0.7558589192077617
PowerAbs_Gamma,all,observed,30,-0.06358543417366948,0.7166927705619259,35,-0.14466697633260595
PowerAbs_Gamma,all,observed,31,-0.0022918258212375857,0.9897365616187187,34,-0.0044803862713448115
PowerAbs_Gamma,all,observed,32,0.02913165266106443,0.8680616198515847,35,0.061449445086563095
PowerAbs_Gamma,all,observed,33,0.09439775910364147,0.5896179920982965,35,0.22942927252046472
PowerAbs_Gamma,all,observed,34,0.0957983193277311,0.5840838077601145,35,0.23352483330474347
PowerAbs_Gamma,all,observed,35,0.2927927927927928,0.0786402659500271,37,1.1043550264521933
PowerAbs_Gamma,all,observed,36,0.1927927927927928,0.2599364836054285,36,0.5851327604508059
PowerAbs_Gamma,all,observed,37,0.02177481124849546,0.8967561034424509,38,0.047325658775378504
PowerAbs_Gamma,all,observed,38,0.08261297734981946,0.6219468718896345,38,0.20624671214297882
PowerAbs_Gamma,all,observed,39,0.15067294014662436,0.3665506358739177,38,0.4358660227646496
PowerAbs_Gamma,all,observed,40,0.10289236605026078,0.5445145544518342,37,0.2639905073983048
PowerAbs_Gamma,all,observed,41,0.030583214793741105,0.8573980871358847,37,0.0668174897398445
PowerAbs_Gamma,all,observed,42,0.126890756302521,0.4676078955530749,35,0.33011816439175745
PowerAbs_Gamma,all,observed,43,0.14956011730205276,0.41393445598628653,32,0.3830684213356728
PowerAbs_Gamma,all,observed,44,0.02521008403361345,0.885697102187314,35,0.052714776239123684
PowerAbs_Gamma,all,observed,45,0.02062643239113827,0.9078227791401519,34,0.04199892411492182
PowerAbs_Gamma,all,observed,46,0.04578877005347594,0.8002475072362791,33,0.09677567000509191
PowerAbs_Gamma,all,observed,47,-0.04901960784313727,0.7797538500832571,35,-0.10804247220943938
PowerAbs_Gamma,all,observed,48,-0.0025210084033613447,0.9885325340993036,35,-0.0050090328275075886
PowerAbs_Gamma,all,observed,49,-0.03176861071597913,0.8519308632096848,37,-0.0695956481263012
PowerAbs_Gamma,all,observed,50,-0.045756282598387855,0.7879969482522536,37,-0.10347546443909039
PowerAbs_Gamma,all,observed,51,0.050700280112044825,0.7723979912559349,35,0.11215886434318333
PowerAbs_Gamma,all,observed,52,-0.0069498069498069494,0.9679116404517265,36,-0.014164287129362112
PowerAbs_Gamma,all,observed,53,0.045756282598387855,0.7879969482522536,37,0.10347546443909039
PowerAbs_Gamma,all,observed,54,0.06211474632527264,0.7149515238158278,37,0.14572340386745727
PowerAbs_Gamma,all,observed,55,0.15481270744428638,0.3602438817611109,37,0.4434033863361857
PowerAbs_Gamma,all,observed,56,0.1147440794499618,0.5181622114313433,34,0.2855342624525805
PowerAbs_Gamma,all,observed,57,0.09692513368983958,0.5915510929665697,33,0.22800773888870401
PowerAbs_Gamma,all,observed,58,0.2360400444938821,0.20920868417299004,30,0.6794202920316665
PowerAbs_Gamma,all,observed,59,0.10962566844919787,0.5436490247460217,33,0.26468138671390723
PowerAbs_Gamma,all,observed,60,0.14516129032258063,0.42795385198519764,32,0.3686030602128485
PowerAbs_Gamma,all,observed,61,0.29475806451612907,0.10746419746308655,31,0.9687362002510876
PowerAbs_Gamma,all,observed,62,0.2842741935483871,0.1211647002115323,31,0.9166238878949822
PowerAbs_Gamma,all,observed,63,0.31440781440781446,0.11021816603874851,27,0.9577468196386008
PowerAbs_Gamma,all,observed,64,0.35521367521367525,0.07495254621410256,26,1.1252136091405638
PowerAbs_Gamma,all,observed,65,0.12026862026862026,0.5501478713750526,27,0.25952056306793536
PowerAbs_Gamma,all,observed,66,0.05153846153846154,0.8067183623480412,25,0.09327805762791785
PowerAbs_Gamma,all,observed,67,0.29435897435897435,0.14437477036657703,26,0.8405086935247
PowerAbs_Gamma,all,observed,68,0.33992094861660077,0.11251980895696762,23,0.948771013878017
PowerAbs_Gamma,all,observed,69,0.2693393562958781,0.22546327178614411,22,0.6469241950709145
PowerAbs_Gamma,all,observed,70,0.4766917293233082,0.03358407951093336,20,1.473866550560188
PowerAbs_Gamma,all,observed,71,0.28782608695652173,0.17261549938271942,24,0.762920210972068
PowerAbs_Gamma,all,observed,72,0.06393162393162392,0.7563528844737005,26,0.12127553251128025
PowerAbs_Theta,all,observed,12,-0.21318681318681318,0.4643028200397442,14,-0.33319867854795404
PowerAbs_Theta,all,observed,13,-0.06862745098039216,0.7935424429160597,17,-0.10042983988419132
PowerAbs_Theta,all,observed,14,0.2703296703296703,0.3499193863496043,14,0.45603199592399174
PowerAbs_Theta,all,observed,15,0.30882352941176466,0.24449869579851796,16,0.6117234531416599
PowerAbs_Theta,all,observed,16,-0.22456140350877193,0.35534598974510767,19,-0.44934858142149264
PowerAbs_Theta,all,observed,17,-0.1012987012987013,0.6621759840226069,21,-0.17902657440786493
PowerAbs_Theta,all,observed,18,-0.28289102202145683,0.20207079870639186,22,-0.6944964419372973
PowerAbs_Theta,all,observed,19,-0.2269565217391304,0.28619953720339847,24,-0.5433310728479852
PowerAbs_Theta,all,observed,20,-0.3046398046398046,0.12233648508043637,27,-0.9124440016222618
PowerAbs_Theta,all,observed,21,-0.15478260869565216,0.4701917070737499,24,-0.32772503493857863
PowerAbs_Theta,all,observed,22,-0.28987764182424913,0.12022313584512183,30,-0.920011948281634
PowerAbs_Theta,all,observed,23,-0.09688013136288998,0.6238329434181383,28,-0.20493169471683678
PowerAbs_Theta,all,observed,24,-0.03225806451612903,0.8656229259026104,30,-0.06267124985633009
PowerAbs_Theta,all,observed,25,0.055394883203559515,0.7712493167085641,30,0.11280520772347544
PowerAbs_Theta,all,observed,26,-0.04039408866995073,0.8351938603203967,29,-0.07821270691697241
PowerAbs_Theta,all,observed,27,-0.11143695014662756,0.5437193261590425,32,-0.26462523000167254
PowerAbs_Theta,all,observed,28,-0.12573313782991202,0.4929117670654154,32,-0.30723081400072566
PowerAbs_Theta,all,observed,29,-0.07624633431085043,0.678318447814448,32,-0.16856637153136422
PowerAbs_Theta,all,observed,30,0.12717086834733896,0.4666176860100909,35,0.33103880435275934
PowerAbs_Theta,all,observed,31,0.002902979373567609,0.9869998510797835,34,0.005682912857448526
PowerAbs_Theta,all,observed,32,0.16918767507002805,0.331247089906351,35,0.47984792843072865
PowerAbs_Theta,all,observed,33,0.08207282913165267,0.63927860768142,35,0.19430982821334158
PowerAbs_Theta,all,observed,34,0.14565826330532214,0.403776010214803,35,0.39385948762326395
PowerAbs_Theta,all,observed,35,0.24608819345661448,0.14204840671416472,37,0.8475636331774199
PowerAbs_Theta,all,observed,36,0.2453024453024453,0.14929942111692057,36,0.8259418761746026
PowerAbs_Theta,all,observed,37,0.03993872414925046,0.8118272585720356,38,0.09053637054931715
PowerAbs_Theta,all,observed,38,0.11062479483532114,0.5084899121422637,38,0.29371765856111237
PowerAbs_Theta,all,observed,39,0.12484954590217748,0.4551574689147502,38,0.3418383263111313
PowerAbs_Theta,all,observed,40,0.0820293978188715,0.6293411515656375,37,0.20111386953400406
PowerAbs_Theta,all,observed,41,-0.0388809862494073,0.8192788044842267,37,-0.08656828060333176
PowerAbs_Theta,all,observed,42,0.09047619047619049,0.6052349013037812,35,0.21807603602459016
PowerAbs_Theta,all,observed,43,0.07734604105571846,0.673931181637811,32,0.17138444910396122
PowerAbs_Theta,all,observed,44,-0.04397759103641457,0.8019321429849491,35,-0.09586237881557075
PowerAbs_Theta,all,observed,45,-0.06401833460656989,0.7190755416759196,34,-0.143225482899904
PowerAbs_Theta,all,observed,46,-0.05314171122994653,0.7689776016843931,33,-0.11408630988197402
PowerAbs_Theta,all,observed,47,0.0288515406162465,0.8693193249493479,35,0.060820665910794956
PowerAbs_Theta,all,observed,48,0.061344537815126055,0.7262869887944374,35,0.13889173601951293
PowerAbs_Theta,all,observed,49,-0.13679468942626838,0.41947298472280903,37,-0.3772960037592602
PowerAbs_Theta,all,observed,50,-0.18255097202465623,0.2795098359571793,37,-0.5536029046764284
PowerAbs_Theta,all,observed,51,-0.10504201680672269,0.5481509355240087,35,-0.26109984034851036
PowerAbs_Theta,all,observed,52,-0.20926640926640927,0.22061145078839944,36,-0.6563719493520771
PowerAbs_Theta,all,observed,53,-0.17401612138454245,0.30298473635321693,37,-0.5185792496645046
PowerAbs_Theta,all,observed,54,-0.11996206733048836,0.47943233155190945,37,-0.3192726817309873
PowerAbs_Theta,all,observed,55,0.019203413940256042,0.9101805050874401,37,0.04087247076724455
PowerAbs_Theta,all,observed,56,-0.1147440794499618,0.5181622114313433,34,-0.2855342624525805
PowerAbs_Theta,all,observed,57,-0.07419786096256685,0.6815375957464214,33,-0.16651018212591204
PowerAbs_Theta,all,observed,58,-0.1221357063403782,0.5202542743830019,30,-0.28378434296001553
PowerAbs_Theta,all,observed,59,-0.057152406417112306,0.7520673293676933,33,-0.12374327714250727
PowerAbs_Theta,all,observed,60,-0.05351906158357771,0.7711179742669981,32,-0.11287917363040752
PowerAbs_Theta,all,observed,61,-0.005241935483870968,0.9776728208886185,31,-0.009806457948225274
PowerAbs_Theta,all,observed,62,0.0125,0.9467890999890155,31,0.023746750575942215
PowerAbs_Theta,all,observed,63,-0.07203907203907202,0.7210335182048953,27,-0.1420445460530001
PowerAbs_Theta,all,observed,64,-0.1938461538461538,0.342694089322361,26,-0.46509338607734046
PowerAbs_Theta,all,observed,65,-0.27838827838827834,0.15970188971672838,27,-0.7966899449216802
PowerAbs_Theta,all,observed,66,-0.3069230769230769,0.13561015159724565,25,-0.8677077985394249
PowerAbs_Theta,all,observed,67,-0.18427350427350422,0.36750617088856974,26,-0.4347353641706597
PowerAbs_Theta,all,observed,68,-0.0790513833992095,0.7199415184401361,23,-0.14270278030522493
PowerAbs_Theta,all,observed,69,-0.2749858836815359,0.21550907797170593,22,-0.6665344311645879
PowerAbs_Theta,all,observed,70,-0.10827067669172932,0.6495672222012883,20,-0.18737589813921007
PowerAbs_Theta,all,observed,71,-0.017391304347826087,0.9357145967179171,24,-0.028856595675913508
PowerAbs_Theta,all,observed,72,-0.10427350427350426,0.6122046666360923,26,-0.21310336424116783
PowerRel_Alpha,all,observed,12,-0.2571428571428571,0.3748119038799703,14,-0.42618662454176137
PowerRel_Alpha,all,observed,13,-0.2132352941176471,0.4112256782090655,17,-0.3859197744692124
PowerRel_Alpha,all,observed,14,-0.2571428571428571,0.3748119038799703,14,-0.42618662454176137
PowerRel_Alpha,all,observed,15,-0.2058823529411765,0.4442846410521438,16,-0.3523387000870537
PowerRel_Alpha,all,observed,16,-0.368421052631579,0.12064548315260959,19,-0.9184889330060678
PowerRel_Alpha,all,observed,17,-0.26233766233766237,0.2506256259413439,21,-0.6009745253772599
PowerRel_Alpha,all,observed,18,-0.409373235460192,0.05850104223477937,22,-1.2328363966053153
PowerRel_Alpha,all,observed,19,-0.09043478260869564,0.6743027582561099,24,-0.17114506382483083
PowerRel_Alpha,all,observed,20,-0.3302808302808303,0.09245737145571277,27,-1.0340584576263214
PowerRel_Alpha,all,observed,21,-0.1443478260869565,0.5009827163280622,24,-0.30017725683301055
PowerRel_Alpha,all,observed,22,-0.1982202447163515,0.29370519292189223,30,-0.5320883747663201
PowerRel_Alpha,all,observed,23,-0.11713191023535852,0.552783130009666,28,-0.2574452193522145
PowerRel_Alpha,all,observed,24,-0.022914349276974413,0.9043329468719745,30,-0.043671646551215755
PowerRel_Alpha,all,observed,25,-0.04872080088987764,0.7982076547859289,30,-0.09788411166180708
PowerRel_Alpha,all,observed,26,-0.12709359605911327,0.5111895798249493,29,-0.2914180074917693
PowerRel_Alpha,all,observed,27,-0.1440615835777126,0.4314992102837436,32,-0.3650199947801187
PowerRel_Alpha,all,observed,28,-0.05571847507331378,0.7619763900698244,32,-0.11805848511872918
PowerRel_Alpha,all,observed,29,-0.16495601173020527,0.3669458353404673,32,-0.4353980369708054
PowerRel_Alpha,all,observed,30,-0.08123249299719888,0.6427247202830153,35,-0.19197499606588464
PowerRel_Alpha,all,observed,31,-0.05546218487394957,0.7553895583174374,34,-0.12182902268093276
PowerRel_Alpha,all,observed,32,0.015126050420168069,0.931274202559421,35,0.030922427369643304
PowerRel_Alpha,all,observed,33,-0.03781512605042017,0.8292454029757634,35,-0.08131692736686767
PowerRel_Alpha,all,observed,34,-0.012044817927170869,0.9452502406700564,35,-0.024453203389744015
PowerRel_Alpha,all,observed,35,-0.07467994310099572,0.6604562522795064,37,-0.18015594417033098
PowerRel_Alpha,all,observed,36,0.04633204633204633,0.7884487934643183,36,0.10322650707575722
PowerRel_Alpha,all,observed,37,-0.02702702702702703,0.8720386070010135,38,-0.05946428750281529
PowerRel_Alpha,all,observed,38,0.011708064339643288,0.944380945006782,38,0.024852784365329696
PowerRel_Alpha,all,observed,39,0.09683772841667579,0.5630151578083996,38,0.2494799126727569
PowerRel_Alpha,all,observed,40,0.02513039355144618,0.8826278660640794,37,0.05422236525635579
PowerRel_Alpha,all,observed,41,-0.012091038406827879,0.9433777791225773,37,-0.02531435759858761
PowerRel_Alpha,all,observed,42,0.054621848739495805,0.7553110051410551,35,0.12187418743680131
PowerRel_Alpha,all,observed,43,0.056451612903225805,0.7589361193843545,32,0.1197947776834714
PowerRel_Alpha,all,observed,44,0.02521008403361345,0.885697102187314,35,0.052714776239123684
PowerRel_Alpha,all,observed,45,0.00320855614973262,0.9856315485162239,34,0.006285403873616214
PowerRel_Alpha,all,observed,46,-0.0213903743315508,0.9059458835398706,33,-0.04289774402512718
PowerRel_Alpha,all,observed,47,0.06722689075630252,0.7011933007233331,35,0.15416224185489383
PowerRel_Alpha,all,observed,48,0.08599439775910364,0.6232957006786302,35,0.2053058687409012
PowerRel_Alpha,all,observed,49,0.015647226173541962,0.9267638990411122,37,0.033030891965143416
PowerRel_Alpha,all,observed,50,-0.024419155998103365,0.8859276621689893,37,-0.05260173771045875
PowerRel_Alpha,all,observed,51,-0.03613445378151261,0.836730194023509,35,-0.0774145588962099
PowerRel_Alpha,all,observed,52,-0.019562419562419563,0.9098380216873673,36,-0.04103591817216111
PowerRel_Alpha,all,observed,53,-0.04646752015173067,0.7847785946607049,37,-0.10525285112698428
PowerRel_Alpha,all,observed,54,0.009246088193456613,0.9566862023591787,37,0.019230489529050567
PowerRel_Alpha,all,observed,55,0.031294452347083924,0.8541169509173565,37,0.06848265898243981
PowerRel_Alpha,all,observed,56,-0.04751718869365927,0.7895788962091622,34,-0.1026044679655614
PowerRel_Alpha,all,observed,57,-0.09491978609625669,0.5992796260006483,33,-0.22237048697213058
PowerRel_Alpha,all,observed,58,-0.09944382647385984,0.6010917668848579,30,-0.2210592204941388
PowerRel_Alpha,all,observed,59,-0.10594919786096257,0.5573248802897377,33,-0.25389156858681244
PowerRel_Alpha,all,observed,60,-0.029692082111436948,0.8718441095309661,32,-0.059561162341398424
PowerRel_Alpha,all,observed,61,-0.13870967741935486,0.4567710138270421,31,-0.3403014637253996
PowerRel_Alpha,all,observed,62,-0.10322580645161292,0.5805384684951491,31,-0.23616899711121672
PowerRel_Alpha,all,observed,63,-0.07264957264957266,0.7187634104448266,27,-0.1434140393070354
PowerRel_Alpha,all,observed,64,-0.11726495726495725,0.5683363226143228,26,-0.2453945871245927
PowerRel_Alpha,all,observed,65,-0.14407814407814404,0.4733858404290411,27,-0.3247847365115013
PowerRel_Alpha,all,observed,66,-0.1769230769230769,0.3975359801687698,25,-0.4006235581229947
PowerRel_Alpha,all,observed,67,-0.23555555555555555,0.2466918684181422,26,-0.6078451657082085
PowerRel_Alpha,all,observed,68,-0.10375494071146245,0.6375569641629661,23,-0.19548100600551327
PowerRel_Alpha,all,observed,69,-0.15640880858272163,0.4869950838634771,22,-0.31247542289571606
PowerRel_Alpha,all,observed,70,-0.1533834586466165,0.5185244542213634,20,-0.2852307569548636
PowerRel_Alpha,all,observed,71,-0.09043478260869564,0.6743027582561099,24,-0.17114506382483083
PowerRel_Alpha,all,observed,72,-0.059829059829059825,0.7715669137554447,26,-0.11262640399539194
PowerRel_Beta,all,observed,12,0.09010989010989012,0.7593388378159541,14,0.11956438674423242
PowerRel_Beta,all,observed,13,-0.019607843137254905,0.9404583435037518,17,-0.026660436250884635
PowerRel_Beta,all,observed,14,-0.1164835164835165,0.6916912502331573,14,-0.16008771803173125
PowerRel_Beta,all,observed,15,-0.26176470588235295,0.3274104118125859,16,-0.48490751392574416
PowerRel_Beta,all,observed,16,0.13684210526315788,0.5764173798364027,19,0.23926293303977322
PowerRel_Beta,all,observed,17,0.0012987012987012987,0.9955422850919049,21,0.001940288833888111
PowerRel_Beta,all,observed,18,-0.09994353472614344,0.6581099564182369,22,-0.18170153879308867
PowerRel_Beta,all,observed,19,0.14956521739130432,0.48546433225418195,24,0.3138426728089609
PowerRel_Beta,all,observed,20,-0.12515262515262515,0.5339461707880506,27,-0.27250252369817696
PowerRel_Beta,all,observed,21,-0.05826086956521739,0.7868436161547347,24,-0.10411157436237066
PowerRel_Beta,all,observed,22,-0.08565072302558399,0.6526939314208455,30,-0.1852904252428805
PowerRel_Beta,all,observed,23,0.009852216748768473,0.9603158381197108,28,0.017585908425310375
PowerRel_Beta,all,observed,24,0.07586206896551724,0.6903111456075934,30,0.16095511453462846
PowerRel_Beta,all,observed,25,-0.10211345939933258,0.5913091021135704,30,-0.22818543578649803
PowerRel_Beta,all,observed,26,-0.1403940886699507,0.46759445330113825,29,-0.33013064916758805
PowerRel_Beta,all,observed,27,-0.10263929618768328,0.5761651141952058,32,-0.2394530410420418
PowerRel_Beta,all,observed,28,-0.04838709677419354,0.7925640380560134,32,-0.10096563731113423
PowerRel_Beta,all,observed,29,-0.24010263929618766,0.18562022140511195,32,-0.7313747136436516
PowerRel_Beta,all,observed,30,-0.19019607843137257,0.27378929717071027,35,-0.5625835330849807
PowerRel_Beta,all,observed,31,-0.06432391138273491,0.7177891842537184,34,-0.14400308996254038
PowerRel_Beta,all,observed,32,-0.15014005602240896,0.38930584527273304,35,-0.40970907547363034
PowerRel_Beta,all,observed,33,-0.08795518207282914,0.6153666664960089,35,-0.21086603254245315
PowerRel_Beta,all,observed,34,-0.08067226890756303,0.6450262150952368,35,-0.1904226344502434
PowerRel_Beta,all,observed,35,-0.1735419630156472,0.3043245920392495,37,-0.5166629515018138
PowerRel_Beta,all,observed,36,-0.1655083655083655,0.33470575731452634,36,-0.4753368172256568
PowerRel_Beta,all,observed,37,-0.12725681146733778,0.44644092236986477,38,-0.3502360032621112
PowerRel_Beta,all,observed,38,-0.1185031185031185,0.4785710819162122,38,-0.3200535475605503
PowerRel_Beta,all,observed,39,-0.09158551263814423,0.5844728620376748,38,-0.23323564898614718
PowerRel_Beta,all,observed,40,-0.1209103840682788,0.4759399283540534,37,-0.32244785910872215
PowerRel_Beta,all,observed,41,0.10241820768136557,0.5463804203536268,37,0.2625048720731105
PowerRel_Beta,all,observed,42,0.1061624649859944,0.5438673472833693,35,0.2645070145812984
PowerRel_Beta,all,observed,43,0.17815249266862168,0.3293021772444631,32,0.4824053978573902
PowerRel_Beta,all,observed,44,0.1142857142857143,0.5132950485495196,35,0.28963292509827254
PowerRel_Beta,all,observed,45,0.12146676852559204,0.49377612756579947,34,0.3064699105909232
PowerRel_Beta,all,observed,46,0.043114973262032084,0.8116970583519417,33,0.09060602794423407
PowerRel_Beta,all,observed,47,-0.010644257703081233,0.9516085509642491,35,-0.02154166413382213
PowerRel_Beta,all,observed,48,0.06862745098039216,0.6952630062059201,35,0.15785087809037157
PowerRel_Beta,all,observed,49,0.20459933617828355,0.22447514300212573,37,0.6488317431002644
PowerRel_Beta,all,observed,50,0.15931721194879087,0.34626339610711354,37,0.46059341578205837
PowerRel_Beta,all,observed,51,0.11596638655462184,0.5070781649894405,35,0.29492508996240624
PowerRel_Beta,all,observed,52,0.15341055341055343,0.37170580662178365,36,0.42980065449722016
PowerRel_Beta,all,observed,53,0.12185870080606921,0.4724609101077143,37,0.32563411779342716
PowerRel_Beta,all,observed,54,0.09293504030346134,0.5843199627481044,37,0.2333492761691996
PowerRel_Beta,all,observed,55,0.11925082977714554,0.4820603834616499,37,0.31689855810619905
PowerRel_Beta,all,observed,56,0.2137509549274255,0.2248083582154243,34,0.648187546041778
PowerRel_Beta,all,observed,57,0.1711229946524064,0.34101007801092376,33,0.46723278593460765
PowerRel_Beta,all,observed,58,0.28097886540600664,0.1325608926398219,30,0.8775845801224875
PowerRel_Beta,all,observed,59,0.15073529411764705,0.4024127489932253,33,0.39532826868349175
PowerRel_Beta,all,observed,60,0.1689882697947214,0.35518309259445024,32,0.4495477156628521
PowerRel_Beta,all,observed,61,0.25080645161290327,0.17354064495935093,31,0.7605987928369228
PowerRel_Beta,all,observed,62,0.2778225806451613,0.13021513815651406,31,0.8853385239423962
PowerRel_Beta,all,observed,63,0.39987789987789985,0.038769001097768215,27,1.4115153886578904
PowerRel_Beta,all,observed,64,0.3887179487179487,0.04969681589973404,26,1.3036714358436081
PowerRel_Beta,all,observed,65,0.24236874236874237,0.22320307469992495,27,0.6512998271358317
PowerRel_Beta,all,observed,66,0.3069230769230769,0.13561015159724565,25,0.8677077985394249
PowerRel_Beta,all,observed,67,0.11863247863247862,0.5638018209840501,26,0.2488735257647935
PowerRel_Beta,all,observed,68,0.10474308300395258,0.6343387370358158,23,0.19767876681912513
PowerRel_Beta,all,observed,69,0.3280632411067194,0.13608127719219507,22,0.8662016233011335
PowerRel_Beta,all,observed,70,0.2827067669172932,0.22715328510473623,20,0.6436809780105137
PowerRel_Beta,all,observed,71,0.11913043478260868,0.579275902008125,24,0.23711453786134212
PowerRel_Beta,all,observed,72,0.21846153846153846,0.2836425887399225,26,0.5472285595747077
PowerRel_Delta,all,observed,12,-0.0857142857142857,0.7707850311186757,14,-0.11306672806651169
PowerRel_Delta,all,observed,13,0.10294117647058824,0.6942047830993174,17,0.1585123983475747
PowerRel_Delta,all,observed,14,0.1076923076923077,0.7140308087262492,14,0.14628304904855735
PowerRel_Delta,all,observed,15,0.06176470588235294,0.8202418775044894,16,0.08605806154837053
PowerRel_Delta,all,observed,16,0.06491228070175438,0.7917682134335994,19,0.10140193755159287
PowerRel_Delta,all,observed,17,0.05324675324675325,0.8186916800528405,21,0.08687962310195332
PowerRel_Delta,all,observed,18,0.2648221343873518,0.23364124157867966,22,0.6314504945683788
PowerRel_Delta,all,observed,19,-0.05826086956521739,0.7868436161547347,24,-0.10411157436237066
PowerRel_Delta,all,observed,20,0.2045177045177045,0.30617218409200175,27,0.5140342677334039
PowerRel_Delta,all,observed,21,0.08782608695652173,0.6832152692148052,24,0.16544243613985007
PowerRel_Delta,all,observed,22,0.19288097886540603,0.30716349187801617,30,0.5126304039339162
PowerRel_Delta,all,observed,23,0.16091954022988503,0.41333684647570323,28,0.3836958782706659
PowerRel_Delta,all,observed,24,0.11190211345939934,0.5560467850001415,30,0.25488866594925624
PowerRel_Delta,all,observed,25,0.2266963292547275,0.22833181846663,30,0.6414335645429996
PowerRel_Delta,all,observed,26,0.3216748768472905,0.08882310360948317,29,1.0514740560112081
PowerRel_Delta,all,observed,27,0.2525659824046921,0.1631317546717163,32,0.7874614924461055
PowerRel_Delta,all,observed,28,0.2008797653958944,0.270278409593274,32,0.5681886452705835
PowerRel_Delta,all,observed,29,0.3196480938416422,0.07452420167283254,32,1.1277026675722939
PowerRel_Delta,all,observed,30,0.22549019607843138,0.19277319738543297,35,0.7149533492546659
PowerRel_Delta,all,observed,31,0.07715813598166539,0.664488447664801,34,0.17751256499821205
PowerRel_Delta,all,observed,32,0.10476190476190476,0.5492243108413789,35,0.26025024741746206
PowerRel_Delta,all,observed,33,0.08095238095238096,0.6438750605634938,35,0.19119839626121532
PowerRel_Delta,all,observed,34,0.03697478991596639,0.8329859936808328,35,0.07936230101610108
PowerRel_Delta,all,observed,35,0.07681365576102417,0.6513618739662093,37,0.18617766549892217
PowerRel_Delta,all,observed,36,0.0015444015444015446,0.992867507218649,36,0.003108701880169013
PowerRel_Delta,all,observed,37,0.07385928438560017,0.6594354988271256,38,0.18082767756022455
PowerRel_Delta,all,observed,38,0.010395010395010394,0.9506104779667911,38,0.021997403066633628
PowerRel_Delta,all,observed,39,-0.006674690885217201,0.9682753169855262,38,-0.014001138923991097
PowerRel_Delta,all,observed,40,0.04433380749170222,0.7944440012681064,37,0.09993670990703113
PowerRel_Delta,all,observed,41,0.015410146989094355,0.9278706186599648,37,0.03251257714252489
PowerRel_Delta,all,observed,42,-0.04397759103641457,0.8019321429849491,35,-0.09586237881557075
PowerRel_Delta,all,observed,43,-0.11363636363636363,0.5357449997635357,32,-0.2710418736416886
PowerRel_Delta,all,observed,44,-0.12521008403361344,0.4735724077819854,35,-0.3246136092773525
PowerRel_Delta,all,observed,45,-0.09488158899923606,0.5935056713509288,34,-0.22657512670998764
PowerRel_Delta,all,observed,46,0.011029411764705883,0.9514246216815017,33,0.02162561377164722
PowerRel_Delta,all,observed,47,0.014565826330532215,0.9338139189176131,35,0.02973965700184808
PowerRel_Delta,all,observed,48,0.0008403361344537815,0.9961773997948424,35,0.00166331529960682
PowerRel_Delta,all,observed,49,-0.08843053579895685,0.6027420666455452,37,-0.21986849714252374
PowerRel_Delta,all,observed,50,-0.05310573731626362,0.7549168356701691,37,-0.12210088916405284
PowerRel_Delta,all,observed,51,-0.0196078431372549,0.9109825508342876,35,-0.040489941522016404
PowerRel_Delta,all,observed,52,-0.07001287001287002,0.6849259210518526,36,-0.16435639758516116
PowerRel_Delta,all,observed,53,0.0173067804646752,0.9190207699399379,37,0.036674673414351946
PowerRel_Delta,all,observed,54,0.011379800853485063,0.9467036074630821,37,0.023785967977874568
PowerRel_Delta,all,observed,55,-0.014224751066856327,0.9334061780099114,37,-0.029929328941826764
PowerRel_Delta,all,observed,56,-0.02215431627196333,0.901027138065561,34,-0.045262128294376806
PowerRel_Delta,all,observed,57,0.022393048128342245,0.9015579543205565,33,0.045006350547088916
PowerRel_Delta,all,observed,58,-0.047830923248053395,0.8018200804754043,30,-0.095923071644414
PowerRel_Delta,all,observed,59,0.0046791443850267385,0.9793823278219826,33,0.009047736746879476
PowerRel_Delta,all,observed,60,-0.01686217008797654,0.9270173379146761,32,-0.03291214321229158
PowerRel_Delta,all,observed,61,-0.027016129032258068,0.8852918802384591,31,-0.05291351904458592
PowerRel_Delta,all,observed,62,-0.06048387096774194,0.7465308117000464,31,-0.1269522628550188
PowerRel_Delta,all,observed,63,-0.13186813186813187,0.5120451607063371,27,-0.29069173398387155
PowerRel_Delta,all,observed,64,-0.11316239316239315,0.582036773695964,26,-0.23504957530078913
PowerRel_Delta,all,observed,65,0.04395604395604395,0.8276632359973477,27,0.08214633531472638
PowerRel_Delta,all,observed,66,-0.061538461538461535,0.7701210708628821,25,-0.11344099395171946
PowerRel_Delta,all,observed,67,0.17675213675213672,0.3877155926568773,26,0.4114867327336509
PowerRel_Delta,all,observed,68,0.0909090909090909,0.6799528986653571,23,0.16752117046760584
PowerRel_Delta,all,observed,69,-0.0536420101637493,0.8125892965812408,22,-0.09012890249486324
PowerRel_Delta,all,observed,70,-0.004511278195488721,0.9849400483404018,20,-0.006590203479375944
PowerRel_Delta,all,observed,71,0.029565217391304344,0.8909226043767046,24,0.0501600220597124
PowerRel_Delta,all,observed,72,0.022905982905982905,0.9115623858509039,26,0.0402136035820753
PowerRel_Gamma,all,observed,12,0.221978021978022,0.44562965795360865,14,0.351025913307898
PowerRel_Gamma,all,observed,13,0.08333333333333334,0.750504450153402,17,0.12464672824238153
PowerRel_Gamma,all,observed,14,0.0945054945054945,0.7479382611415478,14,0.12613424966515466
PowerRel_Gamma,all,observed,15,0.0,1.0,16,-0.0
PowerRel_Gamma,all,observed,16,0.41578947368421054,0.07664058021073578,19,1.115541216072426
PowerRel_Gamma,all,observed,17,0.18961038961038962,0.4103911543962161,21,0.38680200861337755
PowerRel_Gamma,all,observed,18,0.11236589497459064,0.6185828298318784,22,0.2086021389929745
PowerRel_Gamma,all,observed,19,0.13739130434782607,0.5220471463273302,24,0.282290273884323
PowerRel_Gamma,all,observed,20,0.043345543345543344,0.8300222411503807,27,0.08091027017878512
PowerRel_Gamma,all,observed,21,0.023478260869565212,0.9132865779270147,24,0.039392924893497924
PowerRel_Gamma,all,observed,22,0.06384872080088987,0.7374770663068841,30,0.13225148061248881
PowerRel_Gamma,all,observed,23,0.005473453749315818,0.9779473255739854,28,0.00968453665271187
PowerRel_Gamma,all,observed,24,-0.014460511679644046,0.9395449585639919,30,-0.027082433456917143
PowerRel_Gamma,all,observed,25,-0.13993325917686317,0.46080677886565224,30,-0.3364811406909823
PowerRel_Gamma,all,observed,26,-0.06354679802955664,0.74329859092808,29,-0.12883669048877597
PowerRel_Gamma,all,observed,27,-0.03409090909090909,0.8530499667748352,32,-0.06902552960734493
PowerRel_Gamma,all,observed,28,-0.025293255131964804,0.8907071683928598,32,-0.05026505247722474
PowerRel_Gamma,all,observed,29,-0.22030791788856302,0.2256572752928422,32,-0.6465506600671623
PowerRel_Gamma,all,observed,30,-0.35490196078431374,0.036436718738742956,35,-1.4384607397621696
PowerRel_Gamma,all,observed,31,-0.14774637127578302,0.40435498000041614,34,-0.39323720378773575
PowerRel_Gamma,all,observed,32,-0.2871148459383754,0.09446019069842822,35,-1.0247511819946409
PowerRel_Gamma,all,observed,33,-0.18319327731092436,0.29217016456983425,35,-0.5343641348228196
PowerRel_Gamma,all,observed,34,-0.21400560224089635,0.21703301859495075,35,-0.6634741891803617
PowerRel_Gamma,all,observed,35,-0.1986723565670934,0.2384801109229621,37,-0.622547834974339
PowerRel_Gamma,all,observed,36,-0.2398970398970399,0.15875826332382806,36,-0.7992636605396513
PowerRel_Gamma,all,observed,37,-0.15329904803589015,0.3581591071970315,38,-0.44592400121307996
PowerRel_Gamma,all,observed,38,-0.13272786956997482,0.42697323100725426,38,-0.3695993521184445
PowerRel_Gamma,all,observed,39,-0.16270926797242588,0.3290514964444927,38,-0.4827361297960385
PowerRel_Gamma,all,observed,40,-0.17970602181128495,0.2871995514659234,37,-0.5418162426888825
PowerRel_Gamma,all,observed,41,-0.03674727358937885,0.8290455951469439,37,-0.08142158383309173
PowerRel_Gamma,all,observed,42,-0.036414565826330535,0.83548173103701,35,-0.07806304211596529
PowerRel_Gamma,all,observed,43,-0.003299120234604105,0.9857025586979924,32,-0.006254116097483824
PowerRel_Gamma,all,observed,44,-0.013165266106442579,0.9401659677492705,35,-0.026795473511731196
PowerRel_Gamma,all,observed,45,-0.027654698242933536,0.8766233267597529,34,-0.05718697704476494
PowerRel_Gamma,all,observed,46,-0.04846256684491979,0.7888386198299027,33,-0.10301183542936752
PowerRel_Gamma,all,observed,47,-0.13193277310924373,0.4499551018932053,35,-0.3468308194976251
PowerRel_Gamma,all,observed,48,-0.07983193277310925,0.6484845413605438,35,-0.18810037221187134
PowerRel_Gamma,all,observed,49,0.19203413940256045,0.2548522478837463,37,0.5937115314329284
PowerRel_Gamma,all,observed,50,0.23470839260312942,0.1620243840725301,37,0.7904196208200968
PowerRel_Gamma,all,observed,51,0.1854341736694678,0.28620430580549244,35,0.5433238367764559
PowerRel_Gamma,all,observed,52,0.31222651222651226,0.06375408538437059,36,1.195491980258089
PowerRel_Gamma,all,observed,53,0.225936462778568,0.1787511328944006,37,0.7477511970333007
PowerRel_Gamma,all,observed,54,0.21597913703176858,0.19918586365360214,37,0.7007414869719889
PowerRel_Gamma,all,observed,55,0.19511616880037932,0.24716030683096818,37,0.6070212743131251
PowerRel_Gamma,all,observed,56,0.306951871657754,0.0774325174198337,34,1.1110766210958904
PowerRel_Gamma,all,observed,57,0.27874331550802145,0.11622144237675733,33,0.9347137390127213
PowerRel_Gamma,all,observed,58,0.4589543937708565,0.010738880925773105,30,1.969040973113519
PowerRel_Gamma,all,observed,59,0.29812834224598933,0.09196027379819002,33,1.0363997443528883
PowerRel_Gamma,all,observed,60,0.24230205278592373,0.18150161167861317,32,0.7411195142090221
PowerRel_Gamma,all,observed,61,0.35725806451612907,0.04849005557206219,31,1.3143473181606948
PowerRel_Gamma,all,observed,62,0.29435483870967744,0.10796864769303649,31,0.9667023381303441
PowerRel_Gamma,all,observed,63,0.4267399267399268,0.026428143155303178,27,1.5779333493818883
PowerRel_Gamma,all,observed,64,0.5398290598290598,0.004421206698992582,26,2.3544591806079347
PowerRel_Gamma,all,observed,65,0.37301587301587297,0.05532064403787982,27,1.257112772516646
PowerRel_Gamma,all,observed,66,0.43999999999999995,0.02773337204061013,25,1.5569973222866913
PowerRel_Gamma,all,observed,67,0.2547008547008547,0.20923008767241574,26,0.6793758629666393
PowerRel_Gamma,all,observed,68,0.1956521739130435,0.3709586113629685,23,0.43067454283612766
PowerRel_Gamma,all,observed,69,0.5674760022586111,0.005877604819694788,22,2.2307996170377113
PowerRel_Gamma,all,observed,70,0.5338345864661653,0.0153370468002174,20,1.8142582571955173
PowerRel_Gamma,all,observed,71,0.3660869565217391,0.07851394802456449,24,1.1050531838661204
PowerRel_Gamma,all,observed,72,0.3497435897435897,0.07987035766814785,26,1.0976143707452528
PowerRel_Theta,all,observed,12,-0.06813186813186813,0.8169838797817922,14,-0.08778651261187237
PowerRel_Theta,all,observed,13,-0.16176470588235298,0.5350755062766513,17,-0.2715849289217642
PowerRel_Theta,all,observed,14,0.01098901098901099,0.970258390096969,14,0.013112593105276139
PowerRel_Theta,all,observed,15,0.05294117647058824,0.8456104411493658,16,0.07282966322953369
PowerRel_Theta,all,observed,16,-0.18596491228070175,0.44590627508518843,19,-0.35075641593095996
PowerRel_Theta,all,observed,17,-0.10519480519480517,0.6499672847296489,21,-0.18710850246322708
PowerRel_Theta,all,observed,18,-0.2625635234330887,0.2378020275258315,22,-0.6237844468597716
PowerRel_Theta,all,observed,19,-0.12869565217391304,0.5489587886992762,24,-0.26046025757593866
PowerRel_Theta,all,observed,20,-0.2222222222222222,0.26525215945804975,27,-0.5763410717550012
PowerRel_Theta,all,observed,21,-0.08347826086956521,0.6981606006787421,24,-0.15604466338579615
PowerRel_Theta,all,observed,22,-0.1421579532814238,0.4536377262539488,30,-0.34329083501770014
PowerRel_Theta,all,observed,23,-0.052545155993431854,0.7905861413646891,28,-0.10205080292195635
PowerRel_Theta,all,observed,24,-0.035817575083426034,0.8509511779244581,30,-0.07009535620946775
PowerRel_Theta,all,observed,25,0.004226918798665183,0.9823138806139919,30,0.007749719099446002
PowerRel_Theta,all,observed,26,-0.07586206896551723,0.695705520575608,29,-0.15757455040688825
PowerRel_Theta,all,observed,27,-0.0755131964809384,0.6812490623853001,32,-0.16669408244179
PowerRel_Theta,all,observed,28,-0.05351906158357771,0.7711179742669981,32,-0.11287917363040752
PowerRel_Theta,all,observed,29,-0.10117302052785922,0.5816557882521758,32,-0.23533394573890098
PowerRel_Theta,all,observed,30,-0.046218487394957986,0.7920552188164527,35,-0.10124454013862876
PowerRel_Theta,all,observed,31,-0.11138273491214666,0.530573558554391,34,-0.2752543971355538
PowerRel_Theta,all,observed,32,0.09915966386554623,0.5708968189866019,35,0.24344237685741668
PowerRel_Theta,all,observed,33,-0.04005602240896359,0.819288739113402,35,-0.08656301435154067
PowerRel_Theta,all,observed,34,0.0380952380952381,0.827999355152756,35,0.08197000144423675
PowerRel_Theta,all,observed,35,0.0820293978188715,0.6293411515656375,37,0.20111386953400406
PowerRel_Theta,all,observed,36,0.11505791505791506,0.5040005076184113,36,0.2975690261422447
PowerRel_Theta,all,observed,37,-0.037531458584090155,0.8229833106988643,38,-0.08460897176814507
PowerRel_Theta,all,observed,38,0.012802275960170697,0.9391921391218425,38,0.027245551052054548
PowerRel_Theta,all,observed,39,0.08589561221140168,0.6081208926372286,38,0.21601007568419917
PowerRel_Theta,all,observed,40,0.009246088193456613,0.9566862023591787,37,0.019230489529050567
PowerRel_Theta,all,observed,41,-0.11119013750592696,0.5123610706777475,37,-0.29042387547714305
PowerRel_Theta,all,observed,42,-0.0288515406162465,0.8693193249493479,35,-0.060820665910794956
PowerRel_Theta,all,observed,43,-0.11180351906158356,0.5423863903112729,32,-0.265691216425044
PowerRel_Theta,all,observed,44,-0.10196078431372549,0.5600120914390809,35,-0.2518025958713355
PowerRel_Theta,all,observed,45,-0.13857906799083267,0.4344462898835504,34,-0.36206390724528326
PowerRel_Theta,all,observed,46,-0.24832887700534761,0.1634760905602663,33,-0.7865457567471157
PowerRel_Theta,all,observed,47,-0.10812324929971989,0.5364095045867602,35,-0.27050353553145184
PowerRel_Theta,all,observed,48,-0.16050420168067225,0.357018399936444,35,-0.4473094007367074
PowerRel_Theta,all,observed,49,-0.23897581792318634,0.1543087616301416,37,-0.8116094140561413
PowerRel_Theta,all,observed,50,-0.24063537221431955,0.1513815324555618,37,-0.8199271026552253
PowerRel_Theta,all,observed,51,-0.29103641456582635,0.08984743322956582,35,-1.046494325345866
PowerRel_Theta,all,observed,52,-0.2787644787644788,0.09968583138488457,36,-1.0013665647438739
PowerRel_Theta,all,observed,53,-0.3079658605974395,0.06369001568032692,37,-1.1959286441920807
PowerRel_Theta,all,observed,54,-0.285443338074917,0.08680006908532419,37,-1.0614799291626424
PowerRel_Theta,all,observed,55,-0.23115220483641533,0.16866370471731276,37,-0.77297836457683
PowerRel_Theta,all,observed,56,-0.33231474407944994,0.05483219517757503,34,-1.2609643670214274
PowerRel_Theta,all,observed,57,-0.26437165775401067,0.1370838329495368,33,-0.8630137609276026
PowerRel_Theta,all,observed,58,-0.3730812013348164,0.042295423230642434,30,-1.3737066248995504
PowerRel_Theta,all,observed,59,-0.2359625668449198,0.18617014332469822,33,-0.7300899669047394
PowerRel_Theta,all,observed,60,-0.22360703812316712,0.21860848865566862,32,-0.6603329782292295
PowerRel_Theta,all,observed,61,-0.31975806451612904,0.07950854451857503,31,-1.0995861966534057
PowerRel_Theta,all,observed,62,-0.23629032258064517,0.2006301841627385,31,-0.6976037281990538
PowerRel_Theta,all,observed,63,-0.34676434676434675,0.07638959567402227,27,-1.1169657886633233
PowerRel_Theta,all,observed,64,-0.38598290598290597,0.05146642543373397,26,-1.2884759943360795
PowerRel_Theta,all,observed,65,-0.3968253968253968,0.040421982720901695,27,-1.3933823879105696
PowerRel_Theta,all,observed,66,-0.40923076923076923,0.0422204388543982,25,-1.3744772567921486
PowerRel_Theta,all,observed,67,-0.3757264957264957,0.05854558759124512,26,-1.232505830856088
PowerRel_Theta,all,observed,68,-0.283596837944664,0.18973853053259218,23,-0.7218444672214366
PowerRel_Theta,all,observed,69,-0.4409937888198759,0.03993999904430384,22,-1.3985919498572434
PowerRel_Theta,all,observed,70,-0.45112781954887216,0.04588325880000641,20,-1.3383457444630098
PowerRel_Theta,all,observed,71,-0.2982608695652174,0.15688329961066771,24,-0.8044232850488671
PowerRel_Theta,all,observed,72,-0.2772649572649572,0.17027813735611166,26,-0.7688411091431678
X,all,observed,12,0.2527472527472528,0.3833149644785111,14,0.4164442257141291
X,all,observed,13,0.30637254901960786,0.23168960494057989,17,0.635093450967118
X,all,observed,14,0.3406593406593406,0.23331605103682404,14,0.6320553827796105
X,all,observed,15,0.2647058823529412,0.3218043958686153,16,0.49240802770608955
X,all,observed,16,0.3701754385964912,0.11875173008045027,19,0.9253600544700895
X,all,observed,17,0.2987012987012987,0.1884184241053723,21,0.7248766328802964
X,all,observed,18,0.41614906832298143,0.0540548911416165,22,1.2671650029186685
X,all,observed,19,0.2582608695652174,0.22304321813179345,24,0.6516109774110064
X,all,observed,20,0.42735042735042733,0.026190090380871424,27,1.5818630028406708
X,all,observed,21,0.2278260869565217,0.28430742700718314,24,0.5462117950189982
X,all,observed,22,0.27919911012235815,0.1351357369086209,30,0.869229785768191
X,all,observed,23,0.29666119321291734,0.12528588321721257,28,0.9020978610589615
X,all,observed,24,0.22847608453837595,0.22460164252039547,30,0.648587072050804
X,all,observed,25,0.17374860956618463,0.3584964502231812,30,0.4455151402921837
X,all,observed,26,0.23251231527093594,0.22483934932841254,29,0.6481276801994559
X,all,observed,27,0.3086510263929618,0.08565493216164119,32,1.0672476245383649
X,all,observed,28,0.2734604105571847,0.12992087085219872,32,0.8863210770419632
X,all,observed,29,0.34274193548387094,0.05481709662027947,32,1.261083970532806
X,all,observed,30,0.12380952380952381,0.4785731431310817,35,0.32005167704987825
X,all,observed,31,0.09488158899923606,0.5935056713509288,34,0.22657512670998764
X,all,observed,32,0.08431372549019608,0.6301253648903931,35,0.20057303806426582
X,all,observed,33,0.12829131652661066,0.4626679688209919,35,0.33473056630044684
X,all,observed,34,0.14061624649859944,0.4204160897851881,35,0.3763206713992499
X,all,observed,35,0.12778568041725935,0.4510237212419361,37,0.3458006161407556
X,all,observed,36,0.20669240669240674,0.22647058047521051,36,0.6449882067510061
X,all,observed,37,0.2795710690447533,0.08914865227762171,38,1.049885217971703
X,all,observed,38,0.26075062917168174,0.11383872202384378,38,0.943709988372718
X,all,observed,39,0.3058321479374111,0.061856979147293635,38,1.2086112930573063
X,all,observed,40,0.33428165007112376,0.04316036654012516,37,1.3649148757204104
X,all,observed,41,0.35324798482693215,0.03198043632352974,37,1.4951156152736924
X,all,observed,42,0.2736694677871148,0.11165690619252383,35,0.9521144098200822
X,all,observed,43,0.2653958944281525,0.14209091467156978,32,0.8474336900819996
X,all,observed,44,0.3014005602240897,0.07848796222285778,35,1.1051969463257532
X,all,observed,45,0.32742551566080974,0.05872194206687173,34,1.2311995897578802
X,all,observed,46,0.41143048128342247,0.0173698360980134,33,1.7602042795416284
X,all,observed,47,0.45238095238095244,0.0063626191570033104,35,2.196364071257237
X,all,observed,48,0.37142857142857144,0.028030353952207262,35,1.5523714181683645
X,all,observed,49,0.4063537221431958,0.012572659738386819,37,1.9005728378657756
X,all,observed,50,0.3757705073494547,0.021906217250972998,37,1.659432609607791
X,all,observed,51,0.3689075630252101,0.02919843675880437,35,1.5346403994145497
X,all,observed,52,0.26203346203346206,0.12262918545376038,36,0.91140615646458
X,all,observed,53,0.24585111427216685,0.14244519116003915,37,0.8463522076243024
X,all,observed,54,0.2652916073968705,0.11253461250288342,37,0.9487138801565694
X,all,observed,55,0.17022285443338073,0.31380873797437886,37,0.5033349676922894
X,all,observed,56,0.2021390374331551,0.25160525070597095,34,0.5992802999166138
X,all,observed,57,0.2697192513368984,0.12902264915368578,33,0.8893340452119588
X,all,observed,58,0.2765294771968854,0.13906619973692344,30,0.8567784131532182
X,all,observed,59,0.2737299465240642,0.12321051488700015,33,0.9093522275405903
X,all,observed,60,0.2349706744868035,0.19548420463444008,32,0.7088883283818568
X,all,observed,61,0.18225806451612905,0.3264347652272521,31,0.48620359519285794
X,all,observed,62,0.2838709677419355,0.12171631382605971,31,0.9146512087065974
X,all,observed,63,0.27106227106227104,0.17143796790981555,27,0.7658929897192853
X,all,observed,64,0.3094017094017094,0.12402967143012682,26,0.9064744067983644
X,all,observed,65,0.3412698412698412,0.08148808987305818,27,1.088905862185081
X,all,observed,66,0.22230769230769232,0.2854893707641191,25,0.5444100566105098
X,all,observed,67,0.24854700854700856,0.22082337584912237,26,0.6559549551052889
X,all,observed,68,0.3616600790513834,0.08994509168798813,23,1.0460225311620475
X,all,observed,69,0.3054771315640881,0.16682142842253087,22,0.7777481644420693
X,all,observed,70,0.26616541353383455,0.25667084540254065,20,0.5906234589478623
X,all,observed,71,0.23826086956521736,0.26221750952163636,24,0.5813383117506853
X,all,observed,72,0.2957264957264957,0.14243221349119528,26,0.8463917764344554
Y,all,observed,12,-0.02417582417582418,0.9346189946036425,14,-0.029365396896425124
Y,all,observed,13,0.029411764705882353,0.9107803991169198,17,0.04058632439743145
Y,all,observed,14,0.1912087912087912,0.5125839704707784,14,0.2902349791992541
Y,all,observed,15,0.18235294117647058,0.49907485724580003,16,0.3018343087843604
Y,all,observed,16,0.05087719298245614,0.8361300467881018,19,0.07772616967813913
Y,all,observed,17,0.10389610389610389,0.6540274583163916,21,0.18440401812074553
Y,all,observed,18,-0.04686617730095992,0.8359288882240985,22,-0.0778306660603256
Y,all,observed,19,-0.01652173913043478,0.9389228669455103,24,-0.02737008381041563
Y,all,observed,20,-0.07692307692307693,0.7029387757193472,27,-0.153082499340272
Y,all,observed,21,0.009565217391304347,0.9646181660759277,24,0.01564456352937115
Y,all,observed,22,-0.0037819799777530586,0.9841753330448095,30,-0.00692752413913882
Y,all,observed,23,-0.18500273672687464,0.3459466143517801,28,-0.460990915314959
Y,all,observed,24,-0.1296996662958843,0.494541947671974,30,-0.3057968650985036
Y,all,observed,25,0.06562847608453837,0.7304254391781347,30,0.13642410964914778
Y,all,observed,26,-0.04827586206896551,0.8036061885881776,29,-0.09495672739996147
Y,all,observed,27,-0.06781524926686217,0.7122892631054462,32,-0.1473436020673382
Y,all,observed,28,-0.09200879765395893,0.6164857352212592,32,-0.21007696803234707
Y,all,observed,29,-0.0909090909090909,0.6207230048851273,32,-0.20710215873974092
Y,all,observed,30,-0.09747899159663866,0.5774734095758988,35,-0.23846800856192493
Y,all,observed,31,-0.06799083269671503,0.7024131983622692,34,-0.15340733662067343
Y,all,observed,32,0.08795518207282914,0.6153666664960089,35,0.21086603254245315
Y,all,observed,33,0.0075630252100840345,0.9656066373763852,35,0.015199757651768436
Y,all,observed,34,0.16134453781512606,0.3544731031855932,35,0.4504167127552132
Y,all,observed,35,0.1811284969179706,0.2833377940586889,37,0.5476954916412846
Y,all,observed,36,0.23371943371943374,0.17009014064539701,36,0.7693208597407344
Y,all,observed,37,0.1281321807637597,0.44329398500083916,38,0.3533081615467449
Y,all,observed,38,0.15811357916621074,0.34307831218685303,38,0.4646067351506976
Y,all,observed,39,0.26140715614399823,0.11289875132617487,38,0.9473108613978918
Y,all,observed,40,0.2411095305832148,0.15055266092982167,37,0.8223115641835984
Y,all,observed,41,0.12162162162162161,0.4733294067394269,37,0.32483651309394296
Y,all,observed,42,0.1980392156862745,0.2541175508725182,35,0.5949653389485985
Y,all,observed,43,0.21444281524926684,0.2385651716954223,32,0.6223929590082896
Y,all,observed,44,0.1296918767507003,0.4577559390941258,35,0.3393660122931719
Y,all,observed,45,0.03223834988540871,0.8563708362093021,34,0.06733813106586924
Y,all,observed,46,-0.08255347593582889,0.6478658971996248,33,-0.18851488013774204
Y,all,observed,47,0.03081232492997199,0.8605221797214899,35,0.06523793137184888
Y,all,observed,48,-0.06834733893557424,0.6964476569393709,35,-0.15711151837372037
Y,all,observed,49,-0.17140825035561877,0.3104004233786951,37,-0.5080776950462408
Y,all,observed,50,-0.2038880986249407,0.22612537829145632,37,-0.6456506935881625
Y,all,observed,51,-0.17058823529411765,0.327200731709133,35,-0.48518573379997043
Y,all,observed,52,-0.1680823680823681,0.32713678334576013,36,-0.48527062094395657
Y,all,observed,53,-0.20459933617828355,0.22447514300212573,37,-0.6488317431002644
Y,all,observed,54,-0.13750592697961117,0.41703623001063617,37,-0.37982621406650163
Y,all,observed,55,-0.1353722143195827,0.42437043470544655,37,-0.3722548804058147
Y,all,observed,56,-0.22902979373567606,0.19260612767101323,34,-0.7153299001223103
Y,all,observed,57,-0.19585561497326204,0.2746816672977247,33,-0.5611703251339415
Y,all,observed,58,-0.25917686318131256,0.16665993466599774,30,-0.778168792762388
Y,all,observed,59,-0.21056149732620322,0.23951993116893414,33,-0.620658341804615
Y,all,observed,60,-0.13306451612903225,0.4678284736997066,32,-0.329913349020376
Y,all,observed,61,-0.2120967741935484,0.25201554865317327,31,-0.5985726636392545
Y,all,observed,62,-0.14838709677419354,0.4256497022345397,31,-0.37094766608446456
Y,all,observed,63,-0.1916971916971917,0.338124397419868,27,-0.47092349151596363
Y,all,observed,64,-0.21914529914529915,0.28210067105544356,26,-0.549595880752363
Y,all,observed,65,-0.2289377289377289,0.25070396134185446,27,-0.6008388037549209
Y,all,observed,66,-0.2553846153846154,0.21790928375396257,25,-0.6617242667834397
Y,all,observed,67,-0.3121367521367521,0.12056796044738737,26,-0.91876808564165
Y,all,observed,68,-0.1432806324110672,0.5142668225083572,23,-0.28881149291849717
Y,all,observed,69,-0.3427442123094297,0.11840466287505201,22,-0.9266311943949397
Y,all,observed,70,-0.4451127819548871,0.04922529669211778,20,-1.3078116575898184
Y,all,observed,71,-0.35130434782608694,0.09231725461010774,24,-1.0347171193249287
Y,all,observed,72,-0.23076923076923075,0.25670309114113005,26,-0.5905689016540231
Z,all,observed,12,0.26153846153846155,0.3664111370667421,14,0.4360313344225192
Z,all,observed,13,0.2573529411764706,0.3186676476453986,17,0.49666202551993976
Z,all,observed,14,0.14725274725274726,0.6154187624847252,14,0.2108292674006022
Z,all,observed,15,0.09117647058823529,0.7370049501736589,16,0.13252959514517554
Z,all,observed,16,0.39122807017543854,0.09765306029948713,19,1.0103141420294348
Z,all,observed,17,0.18051948051948052,0.433594674982858,21,0.36291606004845534
Z,all,observed,18,0.11575381140598533,0.6079713857022657,22,0.21611686040497122
Z,all,observed,19,0.3347826086956522,0.10980353592186973,24,0.9593836743974861
Z,all,observed,20,0.13736263736263737,0.494459682182252,27,0.305869114622147
Z,all,observed,21,0.27304347826086955,0.1967307228902543,24,0.7061278122220016
Z,all,observed,22,0.08075639599555061,0.6714052660558583,30,0.17301525675790252
Z,all,observed,23,0.11330049261083742,0.565934214819054,28,0.24723404902645124
Z,all,observed,24,0.08342602892102337,0.661174334820857,30,0.17968401302861667
Z,all,observed,25,-0.04471635150166852,0.8144946781880171,30,-0.08911174897502802
Z,all,observed,26,-0.12167487684729061,0.5295061285339406,29,-0.27612900897846065
Z,all,observed,27,-0.06744868035190615,0.7137791833722286,32,-0.14643612194270184
Z,all,observed,28,-0.09347507331378298,0.6108548681558674,32,-0.2140619607002383
Z,all,observed,29,-0.21224340175953074,0.24353058552892465,32,-0.6134464870478069
Z,all,observed,30,-0.14369747899159666,0.41020196757779925,35,-0.38700226082252437
Z,all,observed,31,0.04048892284186402,0.820150594045137,34,0.08610639620414867
Z,all,observed,32,-0.04649859943977591,0.7908228046090304,35,-0.10192081561903163
Z,all,observed,33,0.06750700280112044,0.7000058386671467,35,0.15489833757095964
Z,all,observed,34,0.06582633053221289,0.7071410086992638,35,0.15049397631085243
Z,all,observed,35,-0.12873399715504977,0.44764336408642835,37,-0.34906784915165245
Z,all,observed,36,-0.049163449163449176,0.775841441490009,36,-0.11022702632174654
Z,all,observed,37,-0.11653353758616918,0.4859632901175983,38,-0.31339653629636927
Z,all,observed,38,-0.0322792428055586,0.8474401978070858,38,-0.07189093935349966
Z,all,observed,39,-0.05219389429915746,0.7556417059032793,38,-0.1216840802052001
Z,all,observed,40,-0.103366524419156,0.5426517222298207,37,-0.2654788143184947
Z,all,observed,41,0.0692271218587008,0.6839137910892186,37,0.1649986386510047
Z,all,observed,42,0.19579831932773112,0.25963964840942105,35,0.585628987639634
Z,all,observed,43,0.249633431085044,0.16823861835999768,32,0.7740743068997955
Z,all,observed,44,0.30448179271708686,0.07533547086819743,35,1.1230004929205841
Z,all,observed,45,0.3090909090909091,0.07528488915568052,34,1.1232921846872699
Z,all,observed,46,0.22994652406417115,0.19797551063132637,33,0.7033885282003851
Z,all,observed,47,0.2173669467787115,0.20972585540631541,35,0.6783480255761251
Z,all,observed,48,0.20560224089635856,0.23605900367547572,35,0.6269794302168253
Z,all,observed,49,0.2773826458036984,0.09648496415929131,37,1.0155403601425044
Z,all,observed,50,0.24063537221431955,0.1513815324555618,37,0.8199271026552253
Z,all,observed,51,0.19971988795518206,0.2500275065607469,35,0.602012210166311
Z,all,observed,52,0.21261261261261263,0.2131509906502498,36,0.6713126445653491
Z,all,observed,53,0.18587008060692267,0.27070927805691314,37,0.5674968593389538
Z,all,observed,54,0.15694642010431484,0.3535798324526723,37,0.4515125143159272
Z,all,observed,55,0.16524419155998102,0.3283795928657498,37,0.48362383992402447
Z,all,observed,56,0.2559205500381971,0.1440430302617377,34,0.8415077508656748
Z,all,observed,57,0.15106951871657756,0.4013581166223674,33,0.39646794990743334
Z,all,observed,58,0.22714126807563956,0.22739538972145504,30,0.6432183445683752
Z,all,observed,59,0.05581550802139038,0.7576919536696729,33,0.12050732472815548
Z,all,observed,60,0.01759530791788856,0.9238531477996262,32,0.0343970571012054
Z,all,observed,61,0.19596774193548389,0.29071626762763747,31,0.5365306657072253
Z,all,observed,62,0.17943548387096778,0.3341098641288649,31,0.4761107022322801
Z,all,observed,63,0.3614163614163614,0.06398466960947076,27,1.1939240682278
Z,all,observed,64,0.38324786324786325,0.05328499327495931,26,1.2733950846982651
Z,all,observed,65,0.21550671550671552,0.28033520327893063,27,0.5523223619978056
Z,all,observed,66,0.3146153846153846,0.12558660108939315,25,0.9010566932688007
Z,all,observed,67,0.1794871794871795,0.380294564217309,26,0.4198798821805793
Z,all,observed,68,0.06225296442687748,0.7778062934206543,23,0.10912854719163831
Z,all,observed,69,0.4229249011857708,0.04987344425552436,22,1.3021306384085336
Z,all,observed,70,0.28872180451127816,0.21699266668730374,20,0.6635549429766006
Z,all,observed,71,0.12,0.5764898720889464,24,0.2392083180909135
Z,all,observed,72,0.12,0.5592837048093393,26,0.25236783401428764
ap_exp_1to20_fixed,all,observed,12,0.006593406593406593,0.9821527354577905,14,0.007820969434481628
ap_exp_1to20_fixed,all,observed,13,0.11519607843137256,0.6597500431074229,17,0.18062057273153484
ap_exp_1to20_fixed,all,observed,14,0.5076923076923077,0.06383915813376861,14,1.194912848791875
ap_exp_1to20_fixed,all,observed,15,0.3852941176470588,0.1405441773736763,16,0.8521871421366792
ap_exp_1to20_fixed,all,observed,16,0.09649122807017543,0.6943484389585837,19,0.15842253654580304
ap_exp_1to20_fixed,all,observed,17,0.16623376623376623,0.4714220223155512,21,0.32659013342237453
ap_exp_1to20_fixed,all,observed,18,0.2806324110671937,0.20585133458672233,22,0.6864463130154372
ap_exp_1to20_fixed,all,observed,19,0.07478260869565216,0.7283751615575544,24,0.13764487257291538
ap_exp_1to20_fixed,all,observed,20,0.3492063492063492,0.07420355228979757,27,1.1295753035763716
ap_exp_1to20_fixed,all,observed,21,0.12347826086956522,0.5654049951421966,24,0.2476403589998252
ap_exp_1to20_fixed,all,observed,22,0.15550611790878754,0.4118971733664478,30,0.385211188367851
ap_exp_1to20_fixed,all,observed,23,0.06677613574165298,0.7356545295452077,28,0.1333260866622545
ap_exp_1to20_fixed,all,observed,24,0.01268075639599555,0.9469744867472,30,0.023661721539669115
ap_exp_1to20_fixed,all,observed,25,0.16974416017797553,0.36985030900798976,30,0.4319740141111641
ap_exp_1to20_fixed,all,observed,26,0.180295566502463,0.3493174290775386,29,0.4567797448422806
ap_exp_1to20_fixed,all,observed,27,0.1473607038123167,0.4209116420104123,32,0.37580906191898455
ap_exp_1to20_fixed,all,observed,28,0.0846774193548387,0.6449570515028771,32,0.19046920461486028
ap_exp_1to20_fixed,all,observed,29,0.2382697947214076,0.18910213638987597,32,0.7233035646658368
ap_exp_1to20_fixed,all,observed,30,0.15210084033613447,0.3830710446314016,35,0.4167206739946145
ap_exp_1to20_fixed,all,observed,31,-0.006875477463712757,0.9692161526019745,34,-0.013579356681197757
ap_exp_1to20_fixed,all,observed,32,0.05350140056022409,0.7601817533329349,35,0.1190825589922203
ap_exp_1to20_fixed,all,observed,33,-0.001400560224089636,0.9936290409816725,35,-0.00277572377601351
ap_exp_1to20_fixed,all,observed,34,0.02212885154061625,0.8995919654777684,35,0.04595443203170562
ap_exp_1to20_fixed,all,observed,35,0.06021811284969179,0.7233074341768061,37,0.14067707118745132
ap_exp_1to20_fixed,all,observed,36,0.04504504504504505,0.794197160856104,36,0.10007166981146005
ap_exp_1to20_fixed,all,observed,37,0.11565816828974723,0.4892675951149268,38,0.3104535472255712
ap_exp_1to20_fixed,all,observed,38,0.12091038406827881,0.4696166881376812,38,0.3282564785463594
ap_exp_1to20_fixed,all,observed,39,0.13250902724586935,0.4277427190526655,38,0.36881737419402133
ap_exp_1to20_fixed,all,observed,40,0.20910384068278803,0.21421480482879884,37,0.6691505174758516
ap_exp_1to20_fixed,all,observed,41,0.09174964438122332,0.589143538958742,37,0.22977888079343356
ap_exp_1to20_fixed,all,observed,42,0.11176470588235295,0.5226908052639817,35,0.28175513957747
ap_exp_1to20_fixed,all,observed,43,0.00843108504398827,0.9634723562362201,32,0.016160741523626575
ap_exp_1to20_fixed,all,observed,44,-0.004201680672268907,0.980888672465843,35,-0.008380280772329173
ap_exp_1to20_fixed,all,observed,45,-0.015737203972498087,0.929609720307388,34,-0.03169934380293731
ap_exp_1to20_fixed,all,observed,46,0.07352941176470588,0.6842586450037624,33,0.16477970695589106
ap_exp_1to20_fixed,all,observed,47,0.12212885154061627,0.4846101446750777,35,0.3146074987204027
ap_exp_1to20_fixed,all,observed,48,0.02521008403361345,0.885697102187314,35,0.052714776239123684
ap_exp_1to20_fixed,all,observed,49,-0.05405405405405405,0.7506782208083539,37,-0.12454618400035258
ap_exp_1to20_fixed,all,observed,50,-0.08771929824561402,0.605673521384531,37,-0.21776141225043247
ap_exp_1to20_fixed,all,observed,51,-0.05602240896358543,0.7492356117056708,35,-0.12538158847818853
ap_exp_1to20_fixed,all,observed,52,-0.11711711711711713,0.49634622625542857,36,-0.30421527573404533
ap_exp_1to20_fixed,all,observed,53,-0.06021811284969179,0.7233074341768061,37,-0.14067707118745132
ap_exp_1to20_fixed,all,observed,54,-0.07562825983878615,0.6564082861248709,37,-0.18282594529780752
ap_exp_1to20_fixed,all,observed,55,-0.10834518729255568,0.5232774508601298,37,-0.28126797953133453
ap_exp_1to20_fixed,all,observed,56,-0.14346829640947287,0.41824703578097877,34,-0.378567128305857
ap_exp_1to20_fixed,all,observed,57,-0.09024064171122995,0.6174795492563178,33,-0.20937742153746128
ap_exp_1to20_fixed,all,observed,58,-0.23781979977753054,0.2056944800012495,30,-0.6867773628369439
ap_exp_1to20_fixed,all,observed,59,-0.11564171122994654,0.5216188950016374,33,-0.28264668520880715
ap_exp_1to20_fixed,all,observed,60,-0.12096774193548386,0.5095747265540842,32,-0.29279211990011456
ap_exp_1to20_fixed,all,observed,61,-0.21693548387096775,0.24110301851266808,31,-0.6177973523965441
ap_exp_1to20_fixed,all,observed,62,-0.19475806451612906,0.29376355274670485,31,-0.5320020881335377
ap_exp_1to20_fixed,all,observed,63,-0.24358974358974358,0.2208077812861436,27,-0.6559856260964214
ap_exp_1to20_fixed,all,observed,64,-0.212991452991453,0.2961698050823268,26,-0.5284592204757598
ap_exp_1to20_fixed,all,observed,65,-0.05738705738705738,0.7761681541609328,27,-0.11004418014264612
ap_exp_1to20_fixed,all,observed,66,-0.14846153846153848,0.4787936059036386,25,-0.3198516580553278
ap_exp_1to20_fixed,all,observed,67,0.07418803418803417,0.718713542130672,26,0.14344417201090806
ap_exp_1to20_fixed,all,observed,68,0.024703557312252968,0.9109154893296205,23,0.040521913060265126
ap_exp_1to20_fixed,all,observed,69,-0.2648221343873518,0.23364124157867966,22,-0.6314504945683788
ap_exp_1to20_fixed,all,observed,70,-0.1639097744360902,0.4898669433807742,20,-0.3099218660992866
ap_exp_1to20_fixed,all,observed,71,-0.1217391304347826,0.5709355226889166,24,-0.24341293504930284
ap_exp_1to30_knee,all,observed,12,-0.09010989010989012,0.7593388378159541,14,-0.11956438674423242
ap_exp_1to30_knee,all,observed,13,-0.1519607843137255,0.5604155062809044,17,-0.2514898566141996
ap_exp_1to30_knee,all,observed,14,-0.05054945054945055,0.8637420361792153,14,-0.06361594385434859
ap_exp_1to30_knee,all,observed,15,0.12352941176470587,0.6485420669723405,16,0.1880618486293522
ap_exp_1to30_knee,all,observed,16,-0.39122807017543854,0.09765306029948713,19,-1.0103141420294348
ap_exp_1to30_knee,all,observed,17,-0.20909090909090908,0.3630256651563165,21,-0.4400626701656826
ap_exp_1to30_knee,all,observed,18,-0.2207792207792208,0.3234691059087892,22,-0.49016719188567304
ap_exp_1to30_knee,all,observed,19,-0.07826086956521738,0.7162392905010877,24,-0.14494185872235993
ap_exp_1to30_knee,all,observed,20,-0.05372405372405373,0.7901306090134299,27,-0.10230111366473751
ap_exp_1to30_knee,all,observed,21,0.023478260869565212,0.9132865779270147,24,0.039392924893497924
ap_exp_1to30_knee,all,observed,22,-0.07230255839822024,0.7041773195709669,30,-0.15231796697358913
ap_exp_1to30_knee,all,observed,23,-0.029009304871373837,0.8834992095572607,28,-0.05379383470851707
ap_exp_1to30_knee,all,observed,24,0.06696329254727475,0.7251507830564099,30,0.13957167971768134
ap_exp_1to30_knee,all,observed,25,0.18264738598442715,0.33401847147300123,30,0.4762295157124474
ap_exp_1to30_knee,all,observed,26,0.0881773399014778,0.6492171971406481,29,0.18760998464930426
ap_exp_1to30_knee,all,observed,27,-0.005865102639296188,0.9745851155018977,32,-0.011180225732022186
ap_exp_1to30_knee,all,observed,28,-0.002565982404692082,0.9888795447377972,32,-0.004856606523835861
ap_exp_1to30_knee,all,observed,29,0.0755131964809384,0.6812490623853001,32,0.16669408244179
ap_exp_1to30_knee,all,observed,30,0.19215686274509805,0.26878087812273893,35,0.5706016315303237
ap_exp_1to30_knee,all,observed,31,0.04598930481283422,0.7962003995756731,34,0.09897760879981536
ap_exp_1to30_knee,all,observed,32,0.18739495798319328,0.2810490326179191,35,0.5512179052275554
ap_exp_1to30_knee,all,observed,33,0.09047619047619049,0.6052349013037812,35,0.21807603602459016
ap_exp_1to30_knee,all,observed,34,0.1442577030812325,0.4083600922656798,35,0.388956706731208
ap_exp_1to30_knee,all,observed,35,0.1690374585111427,0.31724050529411424,37,0.4986113670585659
ap_exp_1to30_knee,all,observed,36,0.23217503217503221,0.17301135629314443,36,0.7619253892782625
ap_exp_1to30_knee,all,observed,37,0.13973082394135025,0.40276068170698753,38,0.3949529327339824
ap_exp_1to30_knee,all,observed,38,0.13951198161724476,0.4035051743199076,38,0.39415089176179885
ap_exp_1to30_knee,all,observed,39,0.17518328044643836,0.29280399130039225,38,0.5334230075729297
ap_exp_1to30_knee,all,observed,40,0.17235656709340916,0.30769066521128785,37,0.5118856792765035
ap_exp_1to30_knee,all,observed,41,0.0007112375533428164,0.9966666119599199,37,0.0014500902335326839
ap_exp_1to30_knee,all,observed,42,0.017927170868347338,0.9185861197290208,35,0.036880121263661705
ap_exp_1to30_knee,all,observed,43,0.020894428152492667,0.9096291185775631,32,0.04113564568713654
ap_exp_1to30_knee,all,observed,44,-0.04593837535014006,0.7932881287957424,35,-0.10056904468908785
ap_exp_1to30_knee,all,observed,45,-0.04568372803666921,0.7975263945396821,34,-0.09825493483724235
ap_exp_1to30_knee,all,observed,46,-0.03442513368983957,0.8491615782324099,33,-0.07100966445792899
ap_exp_1to30_knee,all,observed,47,0.08907563025210086,0.610854872119662,35,0.2140619578821317
ap_exp_1to30_knee,all,observed,48,0.03893557422969188,0.8242636996345059,35,0.08393382595462853
ap_exp_1to30_knee,all,observed,49,-0.18990042674253202,0.2602697169005899,37,-0.5845763603120557
ap_exp_1to30_knee,all,observed,50,-0.24608819345661448,0.14204840671416472,37,-0.8475636331774199
ap_exp_1to30_knee,all,observed,51,-0.1753501400560224,0.31367330144865996,35,-0.5035224450477699
ap_exp_1to30_knee,all,observed,52,-0.2898326898326899,0.08641015910990515,36,-1.0634351951830976
ap_exp_1to30_knee,all,observed,53,-0.25746799431009953,0.12394331015437193,37,-0.9067769093273674
ap_exp_1to30_knee,all,observed,54,-0.20080606922712183,0.23337197319260425,37,-0.6319513017553424
ap_exp_1to30_knee,all,observed,55,-0.17614983404457088,0.2970018811858197,37,-0.5272407998880618
ap_exp_1to30_knee,all,observed,56,-0.31856378915202443,0.06632523020142646,34,-1.1783212339949247
ap_exp_1to30_knee,all,observed,57,-0.22159090909090912,0.21522054403472485,33,-0.6671162751289395
ap_exp_1to30_knee,all,observed,58,-0.439377085650723,0.015127673433642873,30,-1.8202278593281203
ap_exp_1to30_knee,all,observed,59,-0.2613636363636364,0.1417774016753254,33,-0.8483929871348452
ap_exp_1to30_knee,all,observed,60,-0.25439882697947214,0.15999684254694768,32,-0.7958885878313752
ap_exp_1to30_knee,all,observed,61,-0.328225806451613,0.07143542219257844,31,-1.1460863841895468
ap_exp_1to30_knee,all,observed,62,-0.2794354838709678,0.12790733268747845,31,-0.8931045575195818
ap_exp_1to30_knee,all,observed,63,-0.40964590964590963,0.03383843484646117,27,-1.4705897329044442
ap_exp_1to30_knee,all,observed,64,-0.4618803418803418,0.017530055016799922,26,-1.7562167209024901
ap_exp_1to30_knee,all,observed,65,-0.336996336996337,0.0856295299558586,27,-1.067376439934041
ap_exp_1to30_knee,all,observed,66,-0.3738461538461539,0.06563115158714224,25,-1.1828899753933348
ap_exp_1to30_knee,all,observed,67,-0.24102564102564097,0.2355681346933715,26,-0.6278834569358132
ap_exp_1to30_knee,all,observed,68,-0.18379446640316205,0.4012010903963962,23,-0.3966378953114041
ap_exp_1to30_knee,all,observed,69,-0.47374364765669114,0.025933448801781583,22,-1.586139724033382
ap_exp_1to30_knee,all,observed,70,-0.4857142857142857,0.029920782525592476,20,-1.5240270524485295
ap_exp_1to30_knee,all,observed,71,-0.25304347826086954,0.23286356530495447,24,-0.6328984574714867
ap_exp_1to40_fixed,all,observed,12,-0.1824175824175824,0.5325088185186945,14,-0.27367319577223737
ap_exp_1to40_fixed,all,observed,13,-0.06862745098039216,0.7935424429160597,17,-0.10042983988419132
ap_exp_1to40_fixed,all,observed,14,0.07692307692307693,0.7938058883554533,14,0.10028568387330485
ap_exp_1to40_fixed,all,observed,15,0.2352941176470588,0.38035580118865675,16,0.4198099554967525
ap_exp_1to40_fixed,all,observed,16,-0.2614035087719298,0.27969131340863357,19,-0.5533210216416288
ap_exp_1to40_fixed,all,observed,17,-0.07012987012987014,0.7625997832797398,21,-0.11770332248278684
ap_exp_1to40_fixed,all,observed,18,0.0028232636928289105,0.9900512231067919,22,0.004342335364936873
ap_exp_1to40_fixed,all,observed,19,-0.008695652173913044,0.967832994170269,24,-0.014199576542507931
ap_exp_1to40_fixed,all,observed,20,0.14468864468864467,0.47149333148811245,27,0.32652444527743857
ap_exp_1to40_fixed,all,observed,21,0.09652173913043478,0.6536731719946905,24,0.18463933894988133
ap_exp_1to40_fixed,all,observed,22,0.07185761957730812,0.7059172540757829,30,0.15124620292040125
ap_exp_1to40_fixed,all,observed,23,0.09797482211275313,0.6198989091088627,28,0.2076791279143051
ap_exp_1to40_fixed,all,observed,24,0.10433815350389322,0.583210155884633,30,0.23417492192216038
ap_exp_1to40_fixed,all,observed,25,0.21913236929922134,0.24464891217929435,30,0.6114567109712005
ap_exp_1to40_fixed,all,observed,26,0.15073891625615762,0.4350833137823691,29,0.36142757235242595
ap_exp_1to40_fixed,all,observed,27,0.10410557184750732,0.5706977739799803,32,0.24359382142352576
ap_exp_1to40_fixed,all,observed,28,0.10117302052785922,0.5816557882521758,32,0.23533394573890098
ap_exp_1to40_fixed,all,observed,29,0.26099706744868034,0.1490691457623214,32,0.8266122372432843
ap_exp_1to40_fixed,all,observed,30,0.28907563025210087,0.0921317022064127,35,1.0355909048274687
ap_exp_1to40_fixed,all,observed,31,0.09488158899923606,0.5935056713509288,34,0.22657512670998764
ap_exp_1to40_fixed,all,observed,32,0.17787114845938376,0.30665598915063486,35,0.5133485488970104
ap_exp_1to40_fixed,all,observed,33,0.12296918767507005,0.4815867349533194,35,0.3173254839925819
ap_exp_1to40_fixed,all,observed,34,0.11176470588235295,0.5226908052639817,35,0.28175513957747
ap_exp_1to40_fixed,all,observed,35,0.07444286391654813,0.6614697359414683,37,0.1794900211881834
ap_exp_1to40_fixed,all,observed,36,0.17142857142857146,0.31745721574085073,36,0.4983147970482235
ap_exp_1to40_fixed,all,observed,37,0.12988291935660357,0.43703668158669395,38,0.3594821100727776
ap_exp_1to40_fixed,all,observed,38,0.10296531349162928,0.5384514215230425,38,0.26885347215456684
ap_exp_1to40_fixed,all,observed,39,0.14323230112703797,0.3909564053547663,38,0.4078716670783251
ap_exp_1to40_fixed,all,observed,40,0.18918918918918917,0.26209234923469144,37,0.5815456564042267
ap_exp_1to40_fixed,all,observed,41,0.03176861071597913,0.8519308632096848,37,0.0695956481263012
ap_exp_1to40_fixed,all,observed,42,0.08683473389355742,0.6198923733533046,35,0.20768370681821277
ap_exp_1to40_fixed,all,observed,43,-0.017961876832844573,0.9222714784270948,32,-0.03514122186559516
ap_exp_1to40_fixed,all,observed,44,0.055462184873949584,0.7516640112274134,35,0.12397624275577412
ap_exp_1to40_fixed,all,observed,45,0.06860198624904508,0.6998615788868094,34,0.15498784780028166
ap_exp_1to40_fixed,all,observed,46,0.030414438502673797,0.8665679561192239,33,0.06219737431145004
ap_exp_1to40_fixed,all,observed,47,0.1123249299719888,0.5205956036912529,35,0.2834995037271506
ap_exp_1to40_fixed,all,observed,48,0.05518207282913166,0.752879092615126,35,0.12327476301069094
ap_exp_1to40_fixed,all,observed,49,-0.13726884779516357,0.4178475932148423,37,-0.3789820950081713
ap_exp_1to40_fixed,all,observed,50,-0.15955429113323846,0.34553686158474783,37,-0.4615056156445787
ap_exp_1to40_fixed,all,observed,51,-0.11820728291316528,0.4988480889576119,35,-0.3020316871857703
ap_exp_1to40_fixed,all,observed,52,-0.25997425997426005,0.12570475899802436,36,-0.9006482802499394
ap_exp_1to40_fixed,all,observed,53,-0.20341394025604548,0.2272301235369922,37,-0.643534095413965
ap_exp_1to40_fixed,all,observed,54,-0.164058795637743,0.3319096893212913,37,-0.47898006920227887
ap_exp_1to40_fixed,all,observed,55,-0.16239924134660974,0.336891061003583,37,-0.4725105123442623
ap_exp_1to40_fixed,all,observed,56,-0.2592818945760122,0.13866844204615392,34,-0.8580223637618228
ap_exp_1to40_fixed,all,observed,57,-0.2035427807486631,0.255905333012112,33,-0.5919206634148915
ap_exp_1to40_fixed,all,observed,58,-0.4309232480533926,0.01743804449976638,30,-1.7585022184044359
ap_exp_1to40_fixed,all,observed,59,-0.2356283422459893,0.1868127165606313,33,-0.7285935641651478
ap_exp_1to40_fixed,all,observed,60,-0.20124633431085046,0.2693868830667172,32,-0.5696235546799638
ap_exp_1to40_fixed,all,observed,61,-0.28709677419354845,0.11735514439325474,31,-0.9304978678665506
ap_exp_1to40_fixed,all,observed,62,-0.2995967741935484,0.10154787342356654,31,-0.9933291669916289
ap_exp_1to40_fixed,all,observed,63,-0.44688644688644685,0.01944261348039029,27,-1.7112453575258029
ap_exp_1to40_fixed,all,observed,64,-0.4817094017094017,0.012711413521852599,26,-1.8958061527813914
ap_exp_1to40_fixed,all,observed,65,-0.32905982905982906,0.09374164725677799,27,-1.02806741919384
ap_exp_1to40_fixed,all,observed,66,-0.3484615384615385,0.08780609400675049,25,-1.056475341705953
ap_exp_1to40_fixed,all,observed,67,-0.20615384615384613,0.3123081399823765,26,-0.5054166961945259
ap_exp_1to40_fixed,all,observed,68,-0.14130434782608697,0.5201462786439695,23,-0.2838745042994398
ap_exp_1to40_fixed,all,observed,69,-0.34048560135516664,0.12100987408488009,22,-0.9171791909594411
ap_exp_1to40_fixed,all,observed,70,-0.34736842105263155,0.13344922901624715,20,-0.8746839309432156
ap_exp_1to40_fixed,all,observed,71,-0.14956521739130432,0.48546433225418195,24,-0.3138426728089609
ap_exp_20to40_fixed,all,observed,12,-0.5868131868131868,0.02738437553108774,14,-1.5624971582040632
ap_exp_20to40_fixed,all,observed,13,-0.2573529411764706,0.3186676476453986,17,-0.49666202551993976
ap_exp_20to40_fixed,all,observed,14,-0.2879120879120879,0.3181928710258003,14,-0.4973095547612142
ap_exp_20to40_fixed,all,observed,15,-0.2588235294117647,0.3330723066336081,16,-0.4774614753130032
ap_exp_20to40_fixed,all,observed,16,-0.5,0.02925803623664952,19,-1.5337548265431553
ap_exp_20to40_fixed,all,observed,17,-0.2909090909090909,0.20076764144119405,21,-0.6973062829412255
ap_exp_20to40_fixed,all,observed,18,-0.4421230942970074,0.03937489110637283,22,-1.4047806342681664
ap_exp_20to40_fixed,all,observed,19,-0.16695652173913042,0.4355381053206143,24,-0.36097384247832
ap_exp_20to40_fixed,all,observed,20,-0.2588522588522589,0.19232085476688993,27,-0.7159736194583515
ap_exp_20to40_fixed,all,observed,21,-0.1034782608695652,0.6303950708493536,24,-0.20038719131687577
ap_exp_20to40_fixed,all,observed,22,-0.20978865406006672,0.2658489717443996,30,-0.5753650151188335
ap_exp_20to40_fixed,all,observed,23,0.022441160372194853,0.9097550550840692,28,0.04107552256336216
ap_exp_20to40_fixed,all,observed,24,0.05005561735261402,0.7927966871761778,30,0.10083817328578752
ap_exp_20to40_fixed,all,observed,25,0.11635150166852058,0.5403461755338033,30,0.2673279180379785
ap_exp_20to40_fixed,all,observed,26,0.07832512315270934,0.6863145172907235,29,0.16347681458365196
ap_exp_20to40_fixed,all,observed,27,0.007697947214076245,0.9666468330034552,32,0.014732167585039637
ap_exp_20to40_fixed,all,observed,28,0.03665689149560117,0.8421224928098057,32,0.07462473263078952
ap_exp_20to40_fixed,all,observed,29,0.09494134897360704,0.6052457588380471,32,0.21806824512404274
ap_exp_20to40_fixed,all,observed,30,0.2913165266106443,0.08952469004121352,35,1.0480571739588813
ap_exp_20to40_fixed,all,observed,31,0.10588235294117647,0.5511879453066593,34,0.2587002891846965
ap_exp_20to40_fixed,all,observed,32,0.2515406162464986,0.14493846578396613,35,0.838816340127469
ap_exp_20to40_fixed,all,observed,33,0.2607843137254902,0.1302516789546729,35,0.8852166699013722
ap_exp_20to40_fixed,all,observed,34,0.2579831932773109,0.13458070141176295,35,0.8710172125583969
ap_exp_20to40_fixed,all,observed,35,0.20981507823613088,0.2126248223570755,37,0.6723860362218159
ap_exp_20to40_fixed,all,observed,36,0.2906048906048906,0.08553754285131424,36,1.0678432294292477
ap_exp_20to40_fixed,all,observed,37,0.22748659590764853,0.16957716879564594,38,0.7706326198477362
ap_exp_20to40_fixed,all,observed,38,0.19006455848561113,0.2530577055632645,38,0.5967804339621673
ap_exp_20to40_fixed,all,observed,39,0.1999124630703578,0.2288332092598893,38,0.6404809486214408
ap_exp_20to40_fixed,all,observed,40,0.2418207681365576,0.14931556449028546,37,0.8258949195360116
ap_exp_20to40_fixed,all,observed,41,0.29634898055950687,0.07491265803941578,37,1.1254447930855631
ap_exp_20to40_fixed,all,observed,42,0.2826330532212885,0.09995113120732574,35,1.0002122863450698
ap_exp_20to40_fixed,all,observed,43,0.23423753665689148,0.19692254559410596,32,0.7057045587903658
ap_exp_20to40_fixed,all,observed,44,0.1450980392156863,0.40560610620546067,35,0.3918955155303039
ap_exp_20to40_fixed,all,observed,45,0.16271963330786857,0.3578501030898199,34,0.446298853338027
ap_exp_20to40_fixed,all,observed,46,0.15474598930481284,0.38986165929610095,33,0.40908947313436006
ap_exp_20to40_fixed,all,observed,47,0.2568627450980392,0.13634168359523452,35,0.8653713474828928
ap_exp_20to40_fixed,all,observed,48,0.21484593837535013,0.21519007191692413,35,0.6671777693028488
ap_exp_20to40_fixed,all,observed,49,0.06353722143195827,0.7087059024449424,37,0.14953395020928412
ap_exp_20to40_fixed,all,observed,50,-0.06330014224751065,0.7097455523219862,37,-0.14889732033513925
ap_exp_20to40_fixed,all,observed,51,-0.0473389355742297,0.787128564766016,35,-0.10395432684255106
ap_exp_20to40_fixed,all,observed,52,-0.26743886743886747,0.11482319291937632,36,-0.9399703807571436
ap_exp_20to40_fixed,all,observed,53,-0.26884779516358465,0.10761862456671013,37,-0.9681125628089935
ap_exp_20to40_fixed,all,observed,54,-0.23210052157420574,0.16687443884866457,37,-0.7776101816978709
ap_exp_20to40_fixed,all,observed,55,-0.1773352299668089,0.29371095249105467,37,-0.5320798583197601
ap_exp_20to40_fixed,all,observed,56,-0.27669977081741787,0.11315234680929422,34,-0.9463364342345979
ap_exp_20to40_fixed,all,observed,57,-0.18716577540106952,0.2969572614974286,33,-0.5273060504519353
ap_exp_20to40_fixed,all,observed,58,-0.35172413793103446,0.05664728136801373,30,-1.24682092808128
ap_exp_20to40_fixed,all,observed,59,-0.18683155080213906,0.2978363025309883,33,-0.5260223682762215
ap_exp_20to40_fixed,all,observed,60,-0.18035190615835775,0.32326799127801975,32,-0.4904372953869829
ap_exp_20to40_fixed,all,observed,61,-0.1733870967741936,0.3509238624248171,31,-0.4547870992480651
ap_exp_20to40_fixed,all,observed,62,-0.23629032258064517,0.2006301841627385,31,-0.6976037281990538
ap_exp_20to40_fixed,all,observed,63,-0.30586080586080583,0.12077049105679766,27,-0.9180391678402522
ap_exp_20to40_fixed,all,observed,64,-0.41948717948717945,0.03290032452846344,26,-1.4827998181525859
ap_exp_20to40_fixed,all,observed,65,-0.2667887667887668,0.1785571784154984,27,-0.7482226854679923
ap_exp_20to40_fixed,all,observed,66,-0.27999999999999997,0.17521838241225215,25,-0.7564203333196698
ap_exp_20to40_fixed,all,observed,67,-0.18153846153846154,0.3747828144852431,26,-0.4262203317259471
ap_exp_20to40_fixed,all,observed,68,0.004940711462450594,0.9821500334482505,23,0.007822164227720073
ap_exp_20to40_fixed,all,observed,69,-0.34161490683229817,0.11970214821095877,22,-0.9218980555435162
ap_exp_20to40_fixed,all,observed,70,-0.41503759398496237,0.06880769728594098,20,-1.1623629759821636
ap_exp_20to40_fixed,all,observed,71,-0.25217391304347825,0.2345275709216195,24,-0.6298060945468914
Amp_Mean,good,observed,12,,,5,
Amp_Mean,good,observed,13,,,8,
Amp_Mean,good,observed,14,,,6,
Amp_Mean,good,observed,15,,,5,
Amp_Mean,good,observed,16,,,7,
Amp_Mean,good,observed,17,,,8,
Amp_Mean,good,observed,18,,,9,
Amp_Mean,good,observed,19,,,8,
Amp_Mean,good,observed,20,-0.39860139860139865,0.19933549461780897,12,-0.7004153618909521
Amp_Mean,good,observed,21,,,9,
Amp_Mean,good,observed,22,-0.34615384615384615,0.24662526251007164,13,-0.6079624394726875
Amp_Mean,good,observed,23,-0.3131868131868132,0.2974384220710292,13,-0.5266029315247808
Amp_Mean,good,observed,24,-0.1384615384615385,0.6368849912650183,14,-0.1959389855115532
Amp_Mean,good,observed,25,0.03736263736263736,0.899093096973967,14,0.04619533673311713
Amp_Mean,good,observed,26,-0.18181818181818185,0.5717012385276553,12,-0.24283086693363062
Amp_Mean,good,observed,27,-0.03214285714285714,0.9094621170945906,15,-0.04121538640745461
Amp_Mean,good,observed,28,0.03823529411764706,0.8881976539853073,16,0.051490378271756385
Amp_Mean,good,observed,29,0.1647058823529412,0.5421481352010777,16,0.26588203170823416
Amp_Mean,good,observed,30,0.3533834586466165,0.12640665077932206,20,0.8982300754146044
Amp_Mean,good,observed,31,0.27554179566563464,0.2684251313890622,18,0.5711768256392484
Amp_Mean,good,observed,32,0.27543859649122804,0.25372370328900945,19,0.59563895837246
Amp_Mean,good,observed,33,0.24035087719298245,0.32160243714265613,19,0.49268066877434297
Amp_Mean,good,observed,34,0.2239422084623323,0.37168616375621744,18,0.4298236054799213
Amp_Mean,good,observed,35,0.5,0.02925803623664952,19,1.5337548265431553
Amp_Mean,good,observed,36,0.46491228070175433,0.04489612659323345,19,1.3477911260734816
Amp_Mean,good,observed,37,0.20779220779220778,0.3660815543839818,21,0.4364221532027846
Amp_Mean,good,observed,38,0.29740259740259745,0.19043999754486557,21,0.7202418327964103
Amp_Mean,good,observed,39,0.3666666666666667,0.12256059977421564,19,0.9116491224014608
Amp_Mean,good,observed,40,0.2982456140350877,0.21489010690621163,19,0.6677835780634244
Amp_Mean,good,observed,41,0.07218045112781954,0.7623392575365604,20,0.11785171516043352
Amp_Mean,good,observed,42,0.14035087719298248,0.5665827574598226,19,0.24673664628927808
Amp_Mean,good,observed,43,0.052631578947368425,0.8356904320597222,18,0.0779545701045183
Amp_Mean,good,observed,44,-0.10375939849624059,0.6633257542362446,20,-0.17827314048912346
Amp_Mean,good,observed,45,-0.2,0.41168101338159957,19,-0.3854391620861794
Amp_Mean,good,observed,46,-0.03333333333333333,0.8922406862320766,19,-0.04951797678684549
Amp_Mean,good,observed,47,0.08074534161490683,0.7209375060406074,22,0.14210238015993612
Amp_Mean,good,observed,48,0.023376623376623374,0.9198848317686953,21,0.03626654228296484
Amp_Mean,good,observed,49,-0.06126482213438736,0.7812492703654053,23,-0.107210375249694
Amp_Mean,good,observed,50,-0.05826086956521739,0.7868436161547347,24,-0.10411157436237066
Amp_Mean,good,observed,51,-0.012987012987012986,0.9554439323134465,21,-0.019794793278066682
Amp_Mean,good,observed,52,-0.06521739130434782,0.767501825584294,23,-0.11492058283417367
Amp_Mean,good,observed,53,-0.003952569169960475,0.9860720320762009,22,-0.006091358902016465
Amp_Mean,good,observed,54,0.044155844155844164,0.8492705803407118,21,0.07095392008924475
Amp_Mean,good,observed,55,0.09994353472614344,0.6581099564182369,22,0.18170153879308867
Amp_Mean,good,observed,56,0.04231166150670795,0.8676065335789527,18,0.06167718615691973
Amp_Mean,good,observed,57,0.16315789473684209,0.504515720888777,19,0.2971252964461553
Amp_Mean,good,observed,58,0.14460784313725492,0.5797547992794121,17,0.23675564753354778
Amp_Mean,good,observed,59,0.0824561403508772,0.7371803788984196,19,0.13242623266287692
Amp_Mean,good,observed,60,0.07058823529411765,0.795039302337628,16,0.09961140170018679
Amp_Mean,good,observed,61,-0.007142857142857141,0.9798442277615982,15,-0.00884296145112686
Amp_Mean,good,observed,62,-0.03676470588235294,0.8885928675683452,17,-0.05129717701473126
Amp_Mean,good,observed,63,0.13214285714285715,0.6387442188840665,15,0.19467301753137725
Amp_Mean,good,observed,64,0.14725274725274726,0.6154187624847252,14,0.2108292674006022
Amp_Mean,good,observed,65,-0.049999999999999996,0.8540995521297436,16,-0.06849150586740885
Amp_Mean,good,observed,66,-0.0823529411764706,0.761733078752474,16,-0.11819718447785271
Amp_Mean,good,observed,67,0.002197802197802198,0.9940505286658998,14,0.002591539382322533
Amp_Mean,good,observed,68,-0.045454545454545456,0.8944269969053026,11,-0.048455100747840915
Amp_Mean,good,observed,69,-0.11538461538461539,0.7073898735142602,13,-0.15034116152488067
Amp_Mean,good,observed,70,0.09090909090909091,0.7903727377532903,11,0.10216804823761354
Amp_Mean,good,observed,71,-0.04615384615384615,0.8755025376321142,14,-0.0577425907821032
Amp_Mean,good,observed,72,-0.1824175824175824,0.5325088185186945,14,-0.27367319577223737
BCI,good,observed,12,,,5,
BCI,good,observed,13,,,8,
BCI,good,observed,14,,,6,
BCI,good,observed,15,,,5,
BCI,good,observed,16,,,7,
BCI,good,observed,17,,,8,
BCI,good,observed,18,,,9,
BCI,good,observed,19,,,8,
BCI,good,observed,20,-0.41958041958041964,0.1745190081300594,12,-0.7581572639688874
BCI,good,observed,21,,,9,
BCI,good,observed,22,-0.34065934065934067,0.2547064607541252,13,-0.5939600388044294
BCI,good,observed,23,-0.32417582417582413,0.2798818688931399,13,-0.5530252347768041
BCI,good,observed,24,-0.15164835164835166,0.6047905984521367,14,-0.21839496861811628
BCI,good,observed,25,-0.054945054945054944,0.8520077036323677,14,-0.06955647843763954
BCI,good,observed,26,-0.20979020979020982,0.5128409431818263,12,-0.2900173097604524
BCI,good,observed,27,-0.10357142857142855,0.7133796306287292,15,-0.14667929537870952
BCI,good,observed,28,-0.05294117647058824,0.8456104411493658,16,-0.07282966322953369
BCI,good,observed,29,0.0588235294117647,0.8286807500332258,16,0.08161274954950345
BCI,good,observed,30,0.2541353383458646,0.2795976355152773,20,0.5534665056266769
BCI,good,observed,31,0.2631578947368421,0.29139239227836833,18,0.53552179105146
BCI,good,observed,32,0.2912280701754386,0.22639719358125593,19,0.6451289609631329
BCI,good,observed,33,0.19824561403508772,0.41587984219447305,19,0.38103212949288995
BCI,good,observed,34,0.3126934984520124,0.2064536417438368,18,0.6851774519740527
BCI,good,observed,35,0.519298245614035,0.02269420152703128,19,1.6440850928728665
BCI,good,observed,36,0.4929824561403509,0.031981574415356324,19,1.4951001602561114
BCI,good,observed,37,0.22987012987012984,0.3161498376663409,21,0.5001070368481707
BCI,good,observed,38,0.14025974025974028,0.5442470998307318,21,0.264203876537425
BCI,good,observed,39,0.28421052631578947,0.23829623657568158,19,0.6228828164337404
BCI,good,observed,40,0.03508771929824562,0.8866031221985,19,0.052270743653430936
BCI,good,observed,41,-0.025563909774436087,0.9148041683144317,20,-0.038671865193587944
BCI,good,observed,42,0.11228070175438597,0.6472068934597522,19,0.18895686566094483
BCI,good,observed,43,0.06707946336429307,0.7914253837974394,18,0.10159002449409282
BCI,good,observed,44,-0.060150375939849614,0.8011125555760907,20,-0.09630646165423154
BCI,good,observed,45,-0.10526315789473684,0.6680128800865883,19,-0.1752151637271425
BCI,good,observed,46,-0.1701754385964912,0.486099539787445,19,-0.3132747900916124
BCI,good,observed,47,-0.02992659514398645,0.8948231841333145,22,-0.048262772216524745
BCI,good,observed,48,-0.17012987012987013,0.4609431837520659,21,-0.3363526028177866
BCI,good,observed,49,-0.2766798418972332,0.20123629781698085,23,-0.6962936810722186
BCI,good,observed,50,-0.15652173913043477,0.4651562978756907,24,-0.33240109463788725
BCI,good,observed,51,-0.012987012987012986,0.9554439323134465,21,-0.019794793278066682
BCI,good,observed,52,-0.11462450592885376,0.6025160030357669,23,-0.2200314135865731
BCI,good,observed,53,0.019762845849802372,0.9304384215377666,22,0.03131236414664138
BCI,good,observed,54,-0.00909090909090909,0.968803151925576,21,-0.013764456919444437
BCI,good,observed,55,0.016374929418407683,0.9423421025261127,22,0.025791404778800733
BCI,good,observed,56,-0.08152734778121776,0.7477594697936525,18,-0.12623807825908356
BCI,good,observed,57,0.06140350877192983,0.8028068323384662,19,0.09538894007808987
BCI,good,observed,58,0.08578431372549021,0.7433950261372769,17,0.12878034898196733
BCI,good,observed,59,0.057894736842105256,0.8138813182743415,19,0.08943892014324302
BCI,good,observed,60,-0.01764705882352941,0.9482801500547112,16,-0.023063340247392154
BCI,good,observed,61,-0.07142857142857141,0.8002959873970544,15,-0.09674936060908546
BCI,good,observed,62,-0.13235294117647062,0.6125925983674196,17,-0.21282825484842446
BCI,good,observed,63,0.010714285714285713,0.9697698761545686,15,0.013331310448411944
BCI,good,observed,64,0.14725274725274726,0.6154187624847252,14,0.2108292674006022
BCI,good,observed,65,0.0411764705882353,0.8796536149318311,16,0.0556883082341365
BCI,good,observed,66,-0.02941176470588235,0.9138955872505001,16,-0.039103419661395473
BCI,good,observed,67,0.2,0.49300373503999984,14,0.3071497904568126
BCI,good,observed,68,-0.07272727272727274,0.831716405381337,11,-0.08002473209083355
BCI,good,observed,69,-0.24725274725274726,0.4154051197255382,13,-0.38152815523749095
BCI,good,observed,70,-0.17272727272727276,0.6115423848512369,11,-0.21357343745173676
BCI,good,observed,71,-0.1912087912087912,0.5125839704707784,14,-0.2902349791992541
BCI,good,observed,72,-0.3494505494505495,0.22068999774644735,14,-0.6562173497652234
PowerAbs_Alpha,good,observed,12,,,5,
PowerAbs_Alpha,good,observed,13,,,8,
PowerAbs_Alpha,good,observed,14,,,6,
PowerAbs_Alpha,good,observed,15,,,5,
PowerAbs_Alpha,good,observed,16,,,7,
PowerAbs_Alpha,good,observed,17,,,8,
PowerAbs_Alpha,good,observed,18,,,9,
PowerAbs_Alpha,good,observed,19,,,8,
PowerAbs_Alpha,good,observed,20,-0.4685314685314686,0.124454791188834,12,-0.9049883795148546
PowerAbs_Alpha,good,observed,21,,,9,
PowerAbs_Alpha,good,observed,22,-0.3681318681318681,0.21585718064938147,13,-0.6658334996390205
PowerAbs_Alpha,good,observed,23,-0.3736263736263736,0.20855405979520908,13,-0.6807813515889684
PowerAbs_Alpha,good,observed,24,-0.23956043956043957,0.4094298928517326,14,-0.3878204522777646
PowerAbs_Alpha,good,observed,25,-0.06373626373626373,0.828626422928612,14,-0.08164122219735648
PowerAbs_Alpha,good,observed,26,-0.1258741258741259,0.6966831093957659,12,-0.15696471850969104
PowerAbs_Alpha,good,observed,27,-0.028571428571428564,0.9194899083821857,15,-0.03645303288374049
PowerAbs_Alpha,good,observed,28,-0.032352941176470584,0.9053195187918449,16,-0.04319811609011541
PowerAbs_Alpha,good,observed,29,0.02941176470588235,0.9138955872505001,16,0.039103419661395473
PowerAbs_Alpha,good,observed,30,0.13684210526315788,0.5650957921363965,20,0.24787792656999671
PowerAbs_Alpha,good,observed,31,0.09391124871001032,0.7108992592881785,18,0.14819193827875976
PowerAbs_Alpha,good,observed,32,0.11929824561403508,0.6266484588490696,19,0.20297602407766754
PowerAbs_Alpha,good,observed,33,0.04385964912280702,0.8584985542787698,19,0.06626043185924563
PowerAbs_Alpha,good,observed,34,0.029927760577915376,0.9061604960497216,18,0.04279487475623516
PowerAbs_Alpha,good,observed,35,0.2543859649122807,0.29326785559945445,19,0.532735536408544
PowerAbs_Alpha,good,observed,36,0.2368421052631579,0.32893104152682706,19,0.4828951398111249
PowerAbs_Alpha,good,observed,37,0.05064935064935065,0.8274046658865746,21,0.0822820343674114
PowerAbs_Alpha,good,observed,38,0.0935064935064935,0.6868397848627377,21,0.16314455648444573
PowerAbs_Alpha,good,observed,39,0.13508771929824562,0.5813619464266702,19,0.23555339877436152
PowerAbs_Alpha,good,observed,40,0.057894736842105256,0.8138813182743415,19,0.08943892014324302
PowerAbs_Alpha,good,observed,41,0.018045112781954885,0.9398091995407436,20,0.026960308099801975
PowerAbs_Alpha,good,observed,42,0.014035087719298246,0.9545239437308348,19,0.020213173085134144
PowerAbs_Alpha,good,observed,43,-0.08978328173374613,0.7231227825767574,18,-0.14078795544648093
PowerAbs_Alpha,good,observed,44,-0.156390977443609,0.5102566899029022,20,-0.2922112926013701
PowerAbs_Alpha,good,observed,45,-0.26491228070175443,0.2730511755617616,19,-0.5637559493650715
PowerAbs_Alpha,good,observed,46,-0.12631578947368421,0.6063502472896753,19,-0.21727644097428767
PowerAbs_Alpha,good,observed,47,0.042348955392433656,0.8515642629643547,22,0.06978257260130888
PowerAbs_Alpha,good,observed,48,-0.08311688311688312,0.7202033241160488,21,-0.1425448784633094
PowerAbs_Alpha,good,observed,49,-0.20355731225296442,0.351547972328356,23,-0.4540154026614835
PowerAbs_Alpha,good,observed,50,-0.15478260869565216,0.4701917070737499,24,-0.32772503493857863
PowerAbs_Alpha,good,observed,51,-0.10389610389610389,0.6540274583163916,21,-0.18440401812074553
PowerAbs_Alpha,good,observed,52,-0.19367588932806326,0.37590567971294964,23,-0.4249211123033257
PowerAbs_Alpha,good,observed,53,-0.08752117447769624,0.6985393337442606,22,-0.15580913436421237
PowerAbs_Alpha,good,observed,54,-0.10259740259740259,0.6580970577075415,21,-0.18171005088703554
PowerAbs_Alpha,good,observed,55,0.008469791078486732,0.9701593779567589,22,0.013156913897303456
PowerAbs_Alpha,good,observed,56,-0.03611971104231166,0.8868532969155285,18,-0.05214821512815468
PowerAbs_Alpha,good,observed,57,-0.04736842105263158,0.8473003277281558,19,-0.07196262561188004
PowerAbs_Alpha,good,observed,58,0.007352941176470588,0.9776558930236225,17,0.00981397758244946
PowerAbs_Alpha,good,observed,59,-0.0017543859649122807,0.9943127370369946,19,-0.0024769972850109917
PowerAbs_Alpha,good,observed,60,0.08529411764705883,0.7534650694747833,16,0.12293687670832577
PowerAbs_Alpha,good,observed,61,-0.07142857142857141,0.8002959873970544,15,-0.09674936060908546
PowerAbs_Alpha,good,observed,62,-0.11274509803921569,0.666592049963725,17,-0.17613987020965308
PowerAbs_Alpha,good,observed,63,0.035714285714285705,0.8994469934720875,15,0.046024425560106726
PowerAbs_Alpha,good,observed,64,-0.01098901098901099,0.970258390096969,14,-0.013112593105276139
PowerAbs_Alpha,good,observed,65,-0.15,0.5792486306642535,16,-0.23713498420291823
PowerAbs_Alpha,good,observed,66,-0.12352941176470587,0.6485420669723405,16,-0.1880618486293522
PowerAbs_Alpha,good,observed,67,-0.06813186813186813,0.8169838797817922,14,-0.08778651261187237
PowerAbs_Alpha,good,observed,68,-0.07272727272727274,0.831716405381337,11,-0.08002473209083355
PowerAbs_Alpha,good,observed,69,-0.42857142857142855,0.14397143468783608,13,-0.8417236675441658
PowerAbs_Alpha,good,observed,70,-0.20000000000000004,0.5554454421055854,11,-0.2553585926297126
PowerAbs_Alpha,good,observed,71,-0.3626373626373627,0.20256454381724162,14,-0.6934365696967928
PowerAbs_Alpha,good,observed,72,-0.4197802197802198,0.13510107382914271,14,-0.869341199044455
PowerAbs_Beta,good,observed,12,,,5,
PowerAbs_Beta,good,observed,13,,,8,
PowerAbs_Beta,good,observed,14,,,6,
PowerAbs_Beta,good,observed,15,,,5,
PowerAbs_Beta,good,observed,16,,,7,
PowerAbs_Beta,good,observed,17,,,8,
PowerAbs_Beta,good,observed,18,,,9,
PowerAbs_Beta,good,observed,19,,,8,
PowerAbs_Beta,good,observed,20,-0.22377622377622378,0.48445166145539886,12,-0.3147495503170274
PowerAbs_Beta,good,observed,21,,,9,
PowerAbs_Beta,good,observed,22,-0.2582417582417582,0.39428401739736163,13,-0.40419082702724074
PowerAbs_Beta,good,observed,23,-0.14285714285714285,0.6415164215860882,13,-0.19279222204362603
PowerAbs_Beta,good,observed,24,-0.032967032967032975,0.910918653071845,14,-0.040520404694867534
PowerAbs_Beta,good,observed,25,0.015384615384615385,0.9583697893719862,14,0.018466884975459116
PowerAbs_Beta,good,observed,26,-0.09090909090909093,0.7787253962454419,12,-0.10861566160871236
PowerAbs_Beta,good,observed,27,0.08214285714285713,0.7710285652881772,15,0.1129295317840357
PowerAbs_Beta,good,observed,28,0.06764705882352941,0.8034203137966691,16,0.0950571917003538
PowerAbs_Beta,good,observed,29,0.09117647058823529,0.7370049501736589,16,0.13252959514517554
PowerAbs_Beta,good,observed,30,0.18796992481203004,0.42742125802266384,20,0.36914388176869706
PowerAbs_Beta,good,observed,31,0.1413828689370485,0.5757540929543488,18,0.23976296601476008
PowerAbs_Beta,good,observed,32,0.15964912280701754,0.5138473123904943,19,0.28916591064940345
PowerAbs_Beta,good,observed,33,0.1105263157894737,0.6523856873272676,19,0.1854955755026598
PowerAbs_Beta,good,observed,34,0.08771929824561403,0.7292587507339037,18,0.13711835086218382
PowerAbs_Beta,good,observed,35,0.30000000000000004,0.2120743320967533,19,0.6735118920837015
PowerAbs_Beta,good,observed,36,0.1824561403508772,0.45468613071911324,19,0.34228829286773377
PowerAbs_Beta,good,observed,37,-0.045454545454545456,0.8448883449705005,21,-0.07320068083396203
PowerAbs_Beta,good,observed,38,0.024675324675324677,0.9154489258699161,21,0.038365880561205344
PowerAbs_Beta,good,observed,39,0.08070175438596491,0.7425898686237979,19,0.1292509802792563
PowerAbs_Beta,good,observed,40,0.07017543859649124,0.7752817747006228,19,0.11054042529140365
PowerAbs_Beta,good,observed,41,0.02857142857142857,0.9048224147367736,20,0.04343664937800583
PowerAbs_Beta,good,observed,42,0.04736842105263158,0.8473003277281558,19,0.07196262561188004
PowerAbs_Beta,good,observed,43,-0.07739938080495357,0.7601672386317742,18,-0.11909085137068616
PowerAbs_Beta,good,observed,44,-0.11428571428571428,0.6313917305184382,20,-0.1997011104604771
PowerAbs_Beta,good,observed,45,-0.1842105263157895,0.45028518879802637,19,-0.34651233802280335
PowerAbs_Beta,good,observed,46,-0.0035087719298245615,0.9886257366379809,19,-0.004968087852210485
PowerAbs_Beta,good,observed,47,0.07396950875211745,0.7435587990333694,22,0.12868468270889025
PowerAbs_Beta,good,observed,48,0.00909090909090909,0.968803151925576,21,0.013764456919444437
PowerAbs_Beta,good,observed,49,-0.0909090909090909,0.6799528986653571,23,-0.16752117046760584
PowerAbs_Beta,good,observed,50,-0.03913043478260869,0.855947935071337,24,-0.06755265144306019
PowerAbs_Beta,good,observed,51,0.006493506493506493,0.9777139815073874,21,0.009788174271989148
PowerAbs_Beta,good,observed,52,-0.06126482213438736,0.7812492703654053,23,-0.107210375249694
PowerAbs_Beta,good,observed,53,0.02428006775832863,0.9145895800131818,22,0.03877375087634644
PowerAbs_Beta,good,observed,54,-0.01948051948051948,0.9332057914291583,21,-0.030022574659766772
PowerAbs_Beta,good,observed,55,0.10220214568040656,0.6508533489140007,22,0.18651685618173652
PowerAbs_Beta,good,observed,56,0.054695562435500514,0.8293348337875046,18,0.08127009296328795
PowerAbs_Beta,good,observed,57,0.08070175438596491,0.7425898686237979,19,0.1292509802792563
PowerAbs_Beta,good,observed,58,0.10784313725490197,0.6803504180481621,17,0.16726734401993792
PowerAbs_Beta,good,observed,59,0.1280701754385965,0.6013177937232191,19,0.22089594466361576
PowerAbs_Beta,good,observed,60,0.17352941176470588,0.5204075144487408,16,0.28365644104961174
PowerAbs_Beta,good,observed,61,0.075,0.7905107941552679,15,0.10209219554826288
PowerAbs_Beta,good,observed,62,0.04656862745098039,0.8591333762840925,17,0.06593940882567242
PowerAbs_Beta,good,observed,63,0.21428571428571427,0.44314093482351424,15,0.3534581304765343
PowerAbs_Beta,good,observed,64,0.178021978021978,0.5425969526062153,14,0.2655226497008904
PowerAbs_Beta,good,observed,65,0.0058823529411764705,0.9827505044191351,16,0.0075567245962570905
PowerAbs_Beta,good,observed,66,-0.008823529411764706,0.9741279946623942,16,-0.011383975643453706
PowerAbs_Beta,good,observed,67,0.03736263736263736,0.899093096973967,14,0.04619533673311713
PowerAbs_Beta,good,observed,68,-0.009090909090909092,0.9788365001441937,11,-0.009289844473848032
PowerAbs_Beta,good,observed,69,-0.3516483516483516,0.2386997053420337,13,-0.62214811709885
PowerAbs_Beta,good,observed,70,-0.17272727272727276,0.6115423848512369,11,-0.21357343745173676
PowerAbs_Beta,good,observed,71,-0.2923076923076923,0.3105263203858819,14,-0.5079015828822612
PowerAbs_Beta,good,observed,72,-0.389010989010989,0.16921738979769044,14,-0.7715550082880974
PowerAbs_Delta,good,observed,12,,,5,
PowerAbs_Delta,good,observed,13,,,8,
PowerAbs_Delta,good,observed,14,,,6,
PowerAbs_Delta,good,observed,15,,,5,
PowerAbs_Delta,good,observed,16,,,7,
PowerAbs_Delta,good,observed,17,,,8,
PowerAbs_Delta,good,observed,18,,,9,
PowerAbs_Delta,good,observed,19,,,8,
PowerAbs_Delta,good,observed,20,-0.46153846153846156,0.13094806950717278,12,-0.8829008997478153
PowerAbs_Delta,good,observed,21,,,9,
PowerAbs_Delta,good,observed,22,-0.4010989010989011,0.17435746494503282,13,-0.7585594539947252
PowerAbs_Delta,good,observed,23,-0.45604395604395603,0.11728306543614495,13,-0.9307646913676466
PowerAbs_Delta,good,observed,24,-0.2571428571428571,0.3748119038799703,14,-0.42618662454176137
PowerAbs_Delta,good,observed,25,-0.06373626373626373,0.828626422928612,14,-0.08164122219735648
PowerAbs_Delta,good,observed,26,-0.27272727272727276,0.3910967709418962,12,-0.4077157697494941
PowerAbs_Delta,good,observed,27,-0.1357142857142857,0.6296204418728145,15,-0.20092118019085334
PowerAbs_Delta,good,observed,28,-0.05294117647058824,0.8456104411493658,16,-0.07282966322953369
PowerAbs_Delta,good,observed,29,0.07941176470588236,0.770025319039825,16,0.11349499464764301
PowerAbs_Delta,good,observed,30,0.2902255639097744,0.2144999822607423,20,0.6685727393956301
PowerAbs_Delta,good,observed,31,0.20330237358101136,0.4184467334719628,18,0.3783598180327867
PowerAbs_Delta,good,observed,32,0.27368421052631575,0.2568831960450062,19,0.590264304077822
PowerAbs_Delta,good,observed,33,0.28070175438596495,0.24439328171471775,19,0.6119107368678183
PowerAbs_Delta,good,observed,34,0.21362229102167182,0.3946884572555506,18,0.4037455744494861
PowerAbs_Delta,good,observed,35,0.5385964912280702,0.01735062387146656,19,1.7606849047887179
PowerAbs_Delta,good,observed,36,0.524561403508772,0.021123061265022048,19,1.6752431413388083
PowerAbs_Delta,good,observed,37,0.22857142857142856,0.3189673988056578,21,0.4962537032824504
PowerAbs_Delta,good,observed,38,0.251948051948052,0.2705631402262357,21,0.5677313691822743
PowerAbs_Delta,good,observed,39,0.32631578947368417,0.17272947700679198,19,0.7626335419403656
PowerAbs_Delta,good,observed,40,0.16842105263157894,0.4906723619708301,19,0.30920840377086695
PowerAbs_Delta,good,observed,41,0.05864661654135337,0.8059928433862233,20,0.09366881438804953
PowerAbs_Delta,good,observed,42,0.15964912280701754,0.5138473123904943,19,0.28916591064940345
PowerAbs_Delta,good,observed,43,0.07946336429308565,0.7539561864360347,18,0.12265389092322983
PowerAbs_Delta,good,observed,44,-0.12481203007518797,0.6000744184144979,20,-0.22179488711197506
PowerAbs_Delta,good,observed,45,-0.1649122807017544,0.49988058994796014,19,-0.30113372630432483
PowerAbs_Delta,good,observed,46,-0.057894736842105256,0.8138813182743415,19,-0.08943892014324302
PowerAbs_Delta,good,observed,47,0.145115753811406,0.519350532177154,22,0.2845394190224869
PowerAbs_Delta,good,observed,48,-0.023376623376623374,0.9198848317686953,21,-0.03626654228296484
PowerAbs_Delta,good,observed,49,-0.11660079051383401,0.5962323605575823,23,-0.2245844562970292
PowerAbs_Delta,good,observed,50,-0.06956521739130435,0.7466974841785088,24,-0.126855311922356
PowerAbs_Delta,good,observed,51,-0.0025974025974025974,0.9910846979963881,21,-0.0038892291669528688
PowerAbs_Delta,good,observed,52,-0.1373517786561265,0.5320006487985598,23,-0.2740878380631049
PowerAbs_Delta,good,observed,53,-0.011857707509881424,0.9582317578505689,22,-0.018529439791060483
PowerAbs_Delta,good,observed,54,-0.033766233766233764,0.8844723124673912,21,-0.053315757701500315
PowerAbs_Delta,good,observed,55,-0.0028232636928289105,0.9900512231067919,22,-0.004342335364936873
PowerAbs_Delta,good,observed,56,0.007223942208462332,0.9773044881689206,18,0.009970106773018161
PowerAbs_Delta,good,observed,57,0.019298245614035085,0.9374978309415845,19,0.02802972841218012
PowerAbs_Delta,good,observed,58,0.058823529411764705,0.8225588681711514,17,0.0848330110594202
PowerAbs_Delta,good,observed,59,-0.02631578947368421,0.9148378965354744,19,-0.03865585334015896
PowerAbs_Delta,good,observed,60,0.11470588235294117,0.672291046599723,16,0.1724426725296388
PowerAbs_Delta,good,observed,61,-0.021428571428571425,0.9395779040128779,15,-0.027067205046959045
PowerAbs_Delta,good,observed,62,-0.019607843137254905,0.9404583435037518,17,-0.026660436250884635
PowerAbs_Delta,good,observed,63,0.10714285714285714,0.7039010016261615,15,0.15248841681066663
PowerAbs_Delta,good,observed,64,0.22637362637362637,0.4364347945560526,14,0.36008063278278846
PowerAbs_Delta,good,observed,65,0.07941176470588236,0.770025319039825,16,0.11349499464764301
PowerAbs_Delta,good,observed,66,-0.11176470588235293,0.6802736949858406,16,-0.16731632213566747
PowerAbs_Delta,good,observed,67,0.11208791208791209,0.7028331631967695,14,0.15314775449950788
PowerAbs_Delta,good,observed,68,0.03636363636363637,0.9154683168905347,11,0.03835668144170749
PowerAbs_Delta,good,observed,69,-0.1043956043956044,0.7343037452877026,13,-0.134124256684417
PowerAbs_Delta,good,observed,70,0.07272727272727274,0.831716405381337,11,0.08002473209083355
PowerAbs_Delta,good,observed,71,0.006593406593406593,0.9821527354577905,14,0.007820969434481628
PowerAbs_Delta,good,observed,72,-0.1164835164835165,0.6916912502331573,14,-0.16008771803173125
PowerAbs_Gamma,good,observed,12,,,5,
PowerAbs_Gamma,good,observed,13,,,8,
PowerAbs_Gamma,good,observed,14,,,6,
PowerAbs_Gamma,good,observed,15,,,5,
PowerAbs_Gamma,good,observed,16,,,7,
PowerAbs_Gamma,good,observed,17,,,8,
PowerAbs_Gamma,good,observed,18,,,9,
PowerAbs_Gamma,good,observed,19,,,8,
PowerAbs_Gamma,good,observed,20,-0.20979020979020982,0.5128409431818263,12,-0.2900173097604524
PowerAbs_Gamma,good,observed,21,,,9,
PowerAbs_Gamma,good,observed,22,-0.13186813186813187,0.6676075762175147,13,-0.17547874345655584
PowerAbs_Gamma,good,observed,23,-0.06043956043956044,0.8445023706449684,13,-0.07339912696143523
PowerAbs_Gamma,good,observed,24,0.032967032967032975,0.910918653071845,14,0.040520404694867534
PowerAbs_Gamma,good,observed,25,0.0945054945054945,0.7479382611415478,14,0.12613424966515466
PowerAbs_Gamma,good,observed,26,-0.11188811188811189,0.729194990751066,12,-0.13715632341893025
PowerAbs_Gamma,good,observed,27,-0.05714285714285713,0.8396998687415758,15,-0.07587591470129416
PowerAbs_Gamma,good,observed,28,0.07058823529411765,0.795039302337628,16,0.09961140170018679
PowerAbs_Gamma,good,observed,29,0.14411764705882352,0.5943782881736932,16,0.22593706314145015
PowerAbs_Gamma,good,observed,30,0.28872180451127816,0.21699266668730374,20,0.6635549429766006
PowerAbs_Gamma,good,observed,31,0.1867905056759546,0.4579894347688285,18,0.3391445404994538
PowerAbs_Gamma,good,observed,32,0.256140350877193,0.28983671332206656,19,0.53784660373954
PowerAbs_Gamma,good,observed,33,0.26842105263157895,0.2665098631799817,19,0.574286713671648
PowerAbs_Gamma,good,observed,34,0.1847265221878225,0.4630613329179911,18,0.33436148245127684
PowerAbs_Gamma,good,observed,35,0.36315789473684207,0.12645534372597733,19,0.8980628135977959
PowerAbs_Gamma,good,observed,36,0.256140350877193,0.28983671332206656,19,0.53784660373954
PowerAbs_Gamma,good,observed,37,0.01038961038961039,0.9643490145476254,21,0.01576575898097886
PowerAbs_Gamma,good,observed,38,0.05454545454545454,0.814342822105269,21,0.08919272729110948
PowerAbs_Gamma,good,observed,39,0.13157894736842105,0.5913047122717008,19,0.22818865997359478
PowerAbs_Gamma,good,observed,40,0.07543859649122807,0.7588868686262757,19,0.11982296190869345
PowerAbs_Gamma,good,observed,41,0.024060150375939848,0.9197997451459456,20,0.036306715094363055
PowerAbs_Gamma,good,observed,42,0.1105263157894737,0.6523856873272676,19,0.1854955755026598
PowerAbs_Gamma,good,observed,43,-0.03611971104231166,0.8868532969155285,18,-0.05214821512815468
PowerAbs_Gamma,good,observed,44,-0.07669172932330826,0.7479334475419401,20,-0.12613704471734474
PowerAbs_Gamma,good,observed,45,-0.10526315789473684,0.6680128800865883,19,-0.1752151637271425
PowerAbs_Gamma,good,observed,46,0.10701754385964912,0.662788885833302,19,0.1786247827839888
PowerAbs_Gamma,good,observed,47,0.10333145115753813,0.6472364124252026,22,0.18893705803592098
PowerAbs_Gamma,good,observed,48,0.029870129870129873,0.8977307350801784,21,0.046853905876792695
PowerAbs_Gamma,good,observed,49,-0.07213438735177866,0.7436083699952876,23,-0.12865573048928777
PowerAbs_Gamma,good,observed,50,0.002608695652173913,0.9903476848039034,24,0.004212309358965395
PowerAbs_Gamma,good,observed,51,0.15064935064935067,0.514513864469408,21,0.288602917925006
PowerAbs_Gamma,good,observed,52,0.04545454545454545,0.836836496093119,23,0.07735938762328572
PowerAbs_Gamma,good,observed,53,0.14172783738001132,0.5292524692456129,22,0.2763371070879694
PowerAbs_Gamma,good,observed,54,0.12467532467532469,0.590260853646067,21,0.22895601842075955
PowerAbs_Gamma,good,observed,55,0.14963297571993225,0.5062867949707296,22,0.29560339978308525
PowerAbs_Gamma,good,observed,56,0.1991744066047472,0.428158031919205,18,0.36839590453144005
PowerAbs_Gamma,good,observed,57,0.2157894736842105,0.3749350298393408,19,0.42604398194381415
PowerAbs_Gamma,good,observed,58,0.18872549019607845,0.4681922842798525,17,0.3295757476712075
PowerAbs_Gamma,good,observed,59,0.16666666666666666,0.4952660907838653,19,0.3051614056932587
PowerAbs_Gamma,good,observed,60,0.2323529411764706,0.38651134990798475,16,0.41283774849847865
PowerAbs_Gamma,good,observed,61,0.12857142857142856,0.6479163294665075,15,0.1884810743719624
PowerAbs_Gamma,good,observed,62,0.11764705882352941,0.6529334399539918,17,0.18513108845543033
PowerAbs_Gamma,good,observed,63,0.25,0.36884629178393047,15,0.43315457838662935
PowerAbs_Gamma,good,observed,64,0.3450549450549451,0.2269486800417005,14,0.644072338817906
PowerAbs_Gamma,good,observed,65,0.21470588235294116,0.4245592336201027,16,0.37206170933114124
PowerAbs_Gamma,good,observed,66,0.1176470588235294,0.6643410791623536,16,0.17760889236961602
PowerAbs_Gamma,good,observed,67,0.3274725274725274,0.2530710007719406,14,0.5967576174900217
PowerAbs_Gamma,good,observed,68,0.27272727272727276,0.41714143714253127,11,0.3797166669547044
PowerAbs_Gamma,good,observed,69,0.14835164835164835,0.6286094178894162,13,0.20161911662616225
PowerAbs_Gamma,good,observed,70,0.21818181818181823,0.519248247554982,11,0.2846249605193639
PowerAbs_Gamma,good,observed,71,0.06813186813186813,0.8169838797817922,14,0.08778651261187237
PowerAbs_Gamma,good,observed,72,-0.22637362637362637,0.4364347945560526,14,-0.36008063278278846
PowerAbs_Theta,good,observed,12,,,5,
PowerAbs_Theta,good,observed,13,,,8,
PowerAbs_Theta,good,observed,14,,,6,
PowerAbs_Theta,good,observed,15,,,5,
PowerAbs_Theta,good,observed,16,,,7,
PowerAbs_Theta,good,observed,17,,,8,
PowerAbs_Theta,good,observed,18,,,9,
PowerAbs_Theta,good,observed,19,,,8,
PowerAbs_Theta,good,observed,20,-0.5174825174825175,0.08486877113393493,12,-1.0712520861892576
PowerAbs_Theta,good,observed,21,,,9,
PowerAbs_Theta,good,observed,22,-0.38461538461538464,0.19441291997748622,13,-0.7112748768146897
PowerAbs_Theta,good,observed,23,-0.4010989010989011,0.17435746494503282,13,-0.7585594539947252
PowerAbs_Theta,good,observed,24,-0.24835164835164836,0.39191953893845743,14,-0.40680308446365054
PowerAbs_Theta,good,observed,25,-0.04175824175824176,0.8872869731890637,14,-0.05193589458117909
PowerAbs_Theta,good,observed,26,-0.1958041958041958,0.5419358857313175,12,-0.26605209006699926
PowerAbs_Theta,good,observed,27,-0.08928571428571427,0.751672517350277,15,-0.12397132813798652
PowerAbs_Theta,good,observed,28,-0.055882352941176466,0.8371372217954723,16,-0.07720334752169052
PowerAbs_Theta,good,observed,29,0.014705882352941175,0.956891924031642,16,0.019137110757344547
PowerAbs_Theta,good,observed,30,0.14285714285714285,0.5479501508336087,20,0.26125894918464243
PowerAbs_Theta,good,observed,31,0.07120743034055728,0.7788829476841138,18,0.1085278041945798
PowerAbs_Theta,good,observed,32,0.11228070175438597,0.6472068934597522,19,0.18895686566094483
PowerAbs_Theta,good,observed,33,0.07192982456140351,0.7698063189062444,19,0.11361852834814323
PowerAbs_Theta,good,observed,34,0.11042311661506708,0.6626984309773885,18,0.17868405765497
PowerAbs_Theta,good,observed,35,0.3368421052631579,0.15848304296395407,19,0.8000171986900633
PowerAbs_Theta,good,observed,36,0.3245614035087719,0.17518568656196792,19,0.7565013804801229
PowerAbs_Theta,good,observed,37,0.13896103896103898,0.5480180624883648,21,0.26120512708178073
PowerAbs_Theta,good,observed,38,0.16103896103896104,0.48557914428522886,21,0.31373997456119584
PowerAbs_Theta,good,observed,39,0.22982456140350876,0.3438801731989136,19,0.4635928631966833
PowerAbs_Theta,good,observed,40,0.0894736842105263,0.7156627488431646,19,0.14529158777822324
PowerAbs_Theta,good,observed,41,0.0015037593984962405,0.9949797739432688,20,0.0021857475498626346
PowerAbs_Theta,good,observed,42,0.06666666666666667,0.7862629610688756,19,0.10443218240607394
PowerAbs_Theta,good,observed,43,-0.013415892672858616,0.9578637574487228,18,-0.018696258766992428
PowerAbs_Theta,good,observed,44,-0.09473684210526315,0.6911525963694354,20,-0.16042605617898725
PowerAbs_Theta,good,observed,45,-0.19649122807017544,0.4201015343407333,19,-0.376645732281344
PowerAbs_Theta,good,observed,46,-0.13333333333333333,0.586324449796729,19,-0.23186199530794446
PowerAbs_Theta,good,observed,47,0.047995482778091486,0.8320291403130908,22,0.0798614630655788
PowerAbs_Theta,good,observed,48,-0.03896103896103896,0.8668411213715635,21,-0.06206049472051976
PowerAbs_Theta,good,observed,49,-0.21640316205533597,0.3213076984569004,23,-0.49307886873015894
PowerAbs_Theta,good,observed,50,-0.16,0.455169720215426,24,-0.3418266367288723
PowerAbs_Theta,good,observed,51,-0.06363636363636363,0.7840544504932396,21,-0.10565377567321177
PowerAbs_Theta,good,observed,52,-0.19071146245059292,0.3833965923148731,23,-0.4163517515138342
PowerAbs_Theta,good,observed,53,-0.11688311688311688,0.6044509636026156,22,-0.21863892573887053
PowerAbs_Theta,good,observed,54,-0.12077922077922078,0.602015447332651,21,-0.22039236487961839
PowerAbs_Theta,good,observed,55,-0.042348955392433656,0.8515642629643547,22,-0.06978257260130888
PowerAbs_Theta,good,observed,56,-0.11661506707946334,0.6449317151979074,18,-0.1904862656479131
PowerAbs_Theta,good,observed,57,-0.04912280701754386,0.8417115685641905,19,-0.07483670379824307
PowerAbs_Theta,good,observed,58,-0.06862745098039216,0.7935424429160597,17,-0.10042983988419132
PowerAbs_Theta,good,observed,59,-0.03684210526315789,0.8809707676679907,19,-0.055038502088647044
PowerAbs_Theta,good,observed,60,0.0029411764705882353,0.9913748045563624,16,0.0037621227328513045
PowerAbs_Theta,good,observed,61,-0.08928571428571427,0.751672517350277,15,-0.12397132813798652
PowerAbs_Theta,good,observed,62,-0.10784313725490197,0.6803504180481621,17,-0.16726734401993792
PowerAbs_Theta,good,observed,63,0.007142857142857141,0.9798442277615982,15,0.00884296145112686
PowerAbs_Theta,good,observed,64,-0.02857142857142857,0.9227613765698746,14,-0.03491059175564594
PowerAbs_Theta,good,observed,65,-0.15,0.5792486306642535,16,-0.23713498420291823
PowerAbs_Theta,good,observed,66,-0.08529411764705883,0.7534650694747833,16,-0.12293687670832577
PowerAbs_Theta,good,observed,67,-0.1164835164835165,0.6916912502331573,14,-0.16008771803173125
PowerAbs_Theta,good,observed,68,-0.08181818181818183,0.8109903943000458,11,-0.09098428971879526
PowerAbs_Theta,good,observed,69,-0.32417582417582413,0.2798818688931399,13,-0.5530252347768041
PowerAbs_Theta,good,observed,70,-0.05454545454545456,0.8734465775233149,11,-0.05876365255436646
PowerAbs_Theta,good,observed,71,-0.12087912087912088,0.6806070200628929,14,-0.16710357572382126
PowerAbs_Theta,good,observed,72,-0.3494505494505495,0.22068999774644735,14,-0.6562173497652234
PowerRel_Alpha,good,observed,12,,,5,
PowerRel_Alpha,good,observed,13,,,8,
PowerRel_Alpha,good,observed,14,,,6,
PowerRel_Alpha,good,observed,15,,,5,
PowerRel_Alpha,good,observed,16,,,7,
PowerRel_Alpha,good,observed,17,,,8,
PowerRel_Alpha,good,observed,18,,,9,
PowerRel_Alpha,good,observed,19,,,8,
PowerRel_Alpha,good,observed,20,-0.055944055944055944,0.8628980736949712,12,-0.06404050051434294
PowerRel_Alpha,good,observed,21,,,9,
PowerRel_Alpha,good,observed,22,-0.1868131868131868,0.5411235235098939,13,-0.2667035861774111
PowerRel_Alpha,good,observed,23,0.016483516483516484,0.9573761750901849,13,0.018917384411631984
PowerRel_Alpha,good,observed,24,0.11208791208791209,0.7028331631967695,14,0.15314775449950788
PowerRel_Alpha,good,observed,25,0.16043956043956045,0.5837527526413409,14,0.2337710585386769
PowerRel_Alpha,good,observed,26,0.18181818181818185,0.5717012385276553,12,0.24283086693363062
PowerRel_Alpha,good,observed,27,0.16785714285714282,0.5498555542278019,15,0.25975138367094486
PowerRel_Alpha,good,observed,28,0.1176470588235294,0.6643410791623536,16,0.17760889236961602
PowerRel_Alpha,good,observed,29,0.09117647058823529,0.7370049501736589,16,0.13252959514517554
PowerRel_Alpha,good,observed,30,-0.08571428571428572,0.7193660879190987,20,-0.14305003937926286
PowerRel_Alpha,good,observed,31,-0.06501547987616099,0.7977151313810279,18,-0.09815216999846539
PowerRel_Alpha,good,observed,32,-0.05087719298245614,0.8361300467881018,19,-0.07772616967813913
PowerRel_Alpha,good,observed,33,-0.23333333333333334,0.33635706944227184,19,-0.47319944002665504
PowerRel_Alpha,good,observed,34,-0.1393188854489164,0.5813962095847576,18,-0.23552780394121878
PowerRel_Alpha,good,observed,35,-0.11578947368421051,0.6368959292043223,19,-0.19593152695002683
PowerRel_Alpha,good,observed,36,-0.11578947368421051,0.6368959292043223,19,-0.19593152695002683
PowerRel_Alpha,good,observed,37,-0.20649350649350648,0.36915213065945873,21,-0.432794620588461
PowerRel_Alpha,good,observed,38,-0.1909090909090909,0.40713272974481274,21,-0.39026398291610714
PowerRel_Alpha,good,observed,39,-0.07192982456140351,0.7698063189062444,19,-0.11361852834814323
PowerRel_Alpha,good,observed,40,-0.11403508771929824,0.6420435738344661,19,-0.1924354964892585
PowerRel_Alpha,good,observed,41,-0.09624060150375939,0.6864870716570238,20,-0.163367637248616
PowerRel_Alpha,good,observed,42,-0.09298245614035087,0.7049792897185855,19,-0.15182364115477157
PowerRel_Alpha,good,observed,43,-0.12899896800825592,0.6099496263278286,18,-0.2147060304174401
PowerRel_Alpha,good,observed,44,-0.10526315789473684,0.6587277693915812,20,-0.18129402801237618
PowerRel_Alpha,good,observed,45,-0.29298245614035084,0.22348375285394134,19,-0.6507540443546803
PowerRel_Alpha,good,observed,46,-0.2789473684210526,0.24747875892631563,19,-0.6064620705767346
PowerRel_Alpha,good,observed,47,-0.19480519480519481,0.3849848159236804,22,-0.4145563990385119
PowerRel_Alpha,good,observed,48,-0.1935064935064935,0.4006585883807031,21,-0.3972255434349357
PowerRel_Alpha,good,observed,49,-0.33695652173913043,0.1158921205309747,23,-0.935946090578648
PowerRel_Alpha,good,observed,50,-0.3026086956521739,0.15063640962783909,24,-0.8220700441424789
PowerRel_Alpha,good,observed,51,-0.21168831168831168,0.3569580636727213,21,-0.4473828028943173
PowerRel_Alpha,good,observed,52,-0.2865612648221344,0.18495103236810745,23,-0.7329432401770757
PowerRel_Alpha,good,observed,53,-0.189158667419537,0.3991761294159495,22,-0.39883543725664555
PowerRel_Alpha,good,observed,54,-0.20909090909090908,0.3630256651563165,21,-0.4400626701656826
PowerRel_Alpha,good,observed,55,-0.13721061547148505,0.5425912609634094,22,-0.2655272053144378
PowerRel_Alpha,good,observed,56,-0.2115583075335397,0.39938013616939927,18,-0.3986135392814121
PowerRel_Alpha,good,observed,57,-0.12631578947368421,0.6063502472896753,19,-0.21727644097428767
PowerRel_Alpha,good,observed,58,-0.19607843137254904,0.4507049808818775,17,-0.34610764237818725
PowerRel_Alpha,good,observed,59,-0.18596491228070175,0.44590627508518843,19,-0.35075641593095996
PowerRel_Alpha,good,observed,60,-0.17352941176470588,0.5204075144487408,16,-0.28365644104961174
PowerRel_Alpha,good,observed,61,-0.33928571428571425,0.2160289253419548,15,-0.6654880947965044
PowerRel_Alpha,good,observed,62,-0.31617647058823534,0.21632697166875503,17,-0.6648893293050216
PowerRel_Alpha,good,observed,63,-0.1964285714285714,0.4828987562716336,15,-0.31614391314399426
PowerRel_Alpha,good,observed,64,-0.2835164835164835,0.32596594744177265,14,-0.48682776683566786
PowerRel_Alpha,good,observed,65,-0.28529411764705886,0.28413874015956303,16,-0.5464695494853768
PowerRel_Alpha,good,observed,66,-0.14705882352941177,0.5867933937012053,16,-0.23151478422081825
PowerRel_Alpha,good,observed,67,-0.2351648351648352,0.4183338961985912,14,-0.3784769445621009
PowerRel_Alpha,good,observed,68,-0.13636363636363638,0.6893090205863619,11,-0.1615860381092562
PowerRel_Alpha,good,observed,69,-0.5934065934065934,0.03252444027009699,13,-1.487790168700271
PowerRel_Alpha,good,observed,70,-0.44545454545454555,0.16973260492681172,11,-0.7702347235063776
PowerRel_Alpha,good,observed,71,-0.45494505494505494,0.10215352669182914,14,-0.9907466354303391
PowerRel_Alpha,good,observed,72,-0.49890109890109896,0.06936352739715487,14,-1.1588688294567742
PowerRel_Beta,good,observed,12,,,5,
PowerRel_Beta,good,observed,13,,,8,
PowerRel_Beta,good,observed,14,,,6,
PowerRel_Beta,good,observed,15,,,5,
PowerRel_Beta,good,observed,16,,,7,
PowerRel_Beta,good,observed,17,,,8,
PowerRel_Beta,good,observed,18,,,9,
PowerRel_Beta,good,observed,19,,,8,
PowerRel_Beta,good,observed,20,0.3846153846153847,0.21702022575997748,12,0.6634997890702861
PowerRel_Beta,good,observed,21,,,9,
PowerRel_Beta,good,observed,22,0.25274725274725274,0.40477407127094656,13,0.39278731500375147
PowerRel_Beta,good,observed,23,0.45604395604395603,0.11728306543614495,13,0.9307646913676466
PowerRel_Beta,good,observed,24,0.5296703296703297,0.05141659813787076,14,1.2888966608480508
PowerRel_Beta,good,observed,25,0.2703296703296703,0.3499193863496043,14,0.45603199592399174
PowerRel_Beta,good,observed,26,0.2517482517482518,0.42991878503288405,12,0.36661357824217705
PowerRel_Beta,good,observed,27,0.1928571428571428,0.4910487016052232,15,0.30887543294929926
PowerRel_Beta,good,observed,28,0.15,0.5792486306642535,16,0.23713498420291823
PowerRel_Beta,good,observed,29,0.12352941176470587,0.6485420669723405,16,0.1880618486293522
PowerRel_Beta,good,observed,30,0.030075187969924807,0.8998365956859304,20,0.04583634837730656
PowerRel_Beta,good,observed,31,0.12280701754385966,0.6273461454239682,18,0.20249276607989222
PowerRel_Beta,good,observed,32,-0.0894736842105263,0.7156627488431646,19,-0.14529158777822324
PowerRel_Beta,good,observed,33,-0.015789473684210527,0.9488461264555137,19,-0.022804211017997424
PowerRel_Beta,good,observed,34,0.05675954592363261,0.8229893024799763,18,0.08460580987170419
PowerRel_Beta,good,observed,35,-0.3350877192982456,0.16079938595747956,19,-0.7937156140190815
PowerRel_Beta,good,observed,36,-0.47719298245614034,0.03882943217779468,19,-1.410838960312916
PowerRel_Beta,good,observed,37,-0.41298701298701296,0.06278443721893982,21,-1.2021479942810451
PowerRel_Beta,good,observed,38,-0.38311688311688313,0.08647830979860044,21,-1.0630928071712409
PowerRel_Beta,good,observed,39,-0.32105263157894737,0.18016885539408903,19,-0.7443202805017404
PowerRel_Beta,good,observed,40,-0.2263157894736842,0.3514999662220235,19,-0.454074712378409
PowerRel_Beta,good,observed,41,-0.02857142857142857,0.9048224147367736,20,-0.04343664937800583
PowerRel_Beta,good,observed,42,-0.12105263157894736,0.6215490254755145,19,-0.20652461013775134
PowerRel_Beta,good,observed,43,-0.10835913312693499,0.6686595229846739,18,-0.1747949658332331
PowerRel_Beta,good,observed,44,0.07368421052631578,0.757528699864343,20,0.12060090875753557
PowerRel_Beta,good,observed,45,0.021052631578947368,0.9318278746837038,19,0.030664302215498138
PowerRel_Beta,good,observed,46,0.04035087719298246,0.8697227104002634,19,0.06061918937947074
PowerRel_Beta,good,observed,47,-0.08752117447769624,0.6985393337442606,22,-0.15580913436421237
PowerRel_Beta,good,observed,48,-0.02857142857142857,0.902156216296043,21,-0.044718254031081046
PowerRel_Beta,good,observed,49,0.09881422924901187,0.6537422594768725,23,0.18459344028357239
PowerRel_Beta,good,observed,50,0.06782608695652173,0.7528351863688199,24,0.1233000908444817
PowerRel_Beta,good,observed,51,0.1077922077922078,0.6418756070398506,21,0.19254912833392177
PowerRel_Beta,good,observed,52,0.08794466403162056,0.6898770246642605,23,0.16122831834907433
PowerRel_Beta,good,observed,53,0.13043478260869568,0.5628843446021313,22,0.24958083012369525
PowerRel_Beta,good,observed,54,0.11428571428571428,0.6218181517971058,21,0.20633660440563337
PowerRel_Beta,good,observed,55,0.2049689440993789,0.360170870237696,22,0.4434914147996646
PowerRel_Beta,good,observed,56,0.1475748194014448,0.5589695952802587,18,0.2526118145842887
PowerRel_Beta,good,observed,57,0.18596491228070175,0.44590627508518843,19,0.35075641593095996
PowerRel_Beta,good,observed,58,0.18872549019607845,0.4681922842798525,17,0.3295757476712075
PowerRel_Beta,good,observed,59,0.30877192982456136,0.19835943382493493,19,0.7025471399809351
PowerRel_Beta,good,observed,60,0.15,0.5792486306642535,16,0.23713498420291823
PowerRel_Beta,good,observed,61,0.3178571428571428,0.24829056581701822,15,0.6050397818205837
PowerRel_Beta,good,observed,62,0.38970588235294124,0.12203439858782986,17,0.913517734807289
PowerRel_Beta,good,observed,63,0.4928571428571427,0.06195100671416867,15,1.2079516318729715
PowerRel_Beta,good,observed,64,0.389010989010989,0.16921738979769044,14,0.7715550082880974
PowerRel_Beta,good,observed,65,0.13823529411764704,0.6096659407501825,16,0.2149080663482938
PowerRel_Beta,good,observed,66,0.2441176470588235,0.3622134961419501,16,0.4410353718276534
PowerRel_Beta,good,observed,67,0.1956043956043956,0.5027500912969567,14,0.29864784186546034
PowerRel_Beta,good,observed,68,0.4090909090909091,0.2115450103420961,11,0.6745972138044429
PowerRel_Beta,good,observed,69,0.23626373626373626,0.4370835438311814,13,0.3594355443633518
PowerRel_Beta,good,observed,70,0.21818181818181823,0.519248247554982,11,0.2846249605193639
PowerRel_Beta,good,observed,71,0.1032967032967033,0.725282211088945,14,0.13949297429704627
PowerRel_Beta,good,observed,72,0.26593406593406593,0.3581134003647861,14,0.44597942767395016
PowerRel_Delta,good,observed,12,,,5,
PowerRel_Delta,good,observed,13,,,8,
PowerRel_Delta,good,observed,14,,,6,
PowerRel_Delta,good,observed,15,,,5,
PowerRel_Delta,good,observed,16,,,7,
PowerRel_Delta,good,observed,17,,,8,
PowerRel_Delta,good,observed,18,,,9,
PowerRel_Delta,good,observed,19,,,8,
PowerRel_Delta,good,observed,20,-0.06993006993006995,0.8290236405313092,12,-0.0814330848828885
PowerRel_Delta,good,observed,21,,,9,
PowerRel_Delta,good,observed,22,0.07692307692307691,0.8027630076692551,13,0.09541264856032472
PowerRel_Delta,good,observed,23,-0.13736263736263735,0.6545168402947126,13,-0.18407917485351755
PowerRel_Delta,good,observed,24,-0.1824175824175824,0.5325088185186945,14,-0.27367319577223737
PowerRel_Delta,good,observed,25,-0.18681318681318684,0.5225040123791591,14,-0.2819103701978894
PowerRel_Delta,good,observed,26,-0.09090909090909093,0.7787253962454419,12,-0.10861566160871236
PowerRel_Delta,good,observed,27,-0.14285714285714282,0.6115222287644655,15,-0.21358775178503514
PowerRel_Delta,good,observed,28,-0.15,0.5792486306642535,16,-0.23713498420291823
PowerRel_Delta,good,observed,29,-0.1411764705882353,0.6020026838819791,16,-0.22040157254195064
PowerRel_Delta,good,observed,30,0.06616541353383458,0.7816639121085741,20,0.1069799381054314
PowerRel_Delta,good,observed,31,0.027863777089783277,0.9126078919940868,18,0.03971577988215786
PowerRel_Delta,good,observed,32,0.0543859649122807,0.8249897141619513,19,0.08355146612953383
PowerRel_Delta,good,observed,33,0.18596491228070175,0.44590627508518843,19,0.35075641593095996
PowerRel_Delta,good,observed,34,0.1455108359133127,0.5645405304670836,18,0.24830487300150045
PowerRel_Delta,good,observed,35,0.1701754385964912,0.486099539787445,19,0.3132747900916124
PowerRel_Delta,good,observed,36,0.1736842105263158,0.4770171488822207,19,0.32146600768725514
PowerRel_Delta,good,observed,37,0.2857142857142857,0.2092950927335544,21,0.6792409542877974
PowerRel_Delta,good,observed,38,0.16493506493506493,0.47494156501178997,21,0.32335982101528316
PowerRel_Delta,good,observed,39,0.19824561403508772,0.41587984219447305,19,0.38103212949288995
PowerRel_Delta,good,observed,40,0.16666666666666666,0.4952660907838653,19,0.3051614056932587
PowerRel_Delta,good,observed,41,0.08120300751879699,0.733607630478017,20,0.1345361600844057
PowerRel_Delta,good,observed,42,0.1701754385964912,0.486099539787445,19,0.3132747900916124
PowerRel_Delta,good,observed,43,0.07739938080495357,0.7601672386317742,18,0.11909085137068616
PowerRel_Delta,good,observed,44,-0.08421052631578946,0.7241036435108112,20,-0.14019926725129586
PowerRel_Delta,good,observed,45,0.07192982456140351,0.7698063189062444,19,0.11361852834814323
PowerRel_Delta,good,observed,46,0.12982456140350876,0.5963025541504445,19,0.22453333043110404
PowerRel_Delta,good,observed,47,0.06493506493506496,0.7740381664661451,22,0.11123762448896818
PowerRel_Delta,good,observed,48,0.06623376623376624,0.7754535475659065,21,0.1104442128600914
PowerRel_Delta,good,observed,49,0.09189723320158102,0.6766561430399166,23,0.16963197107526767
PowerRel_Delta,good,observed,50,0.11304347826086956,0.5989404349055967,24,0.22261636638882978
PowerRel_Delta,good,observed,51,0.014285714285714285,0.9509932422972028,21,0.02182256912300931
PowerRel_Delta,good,observed,52,0.02766798418972332,0.9002743229977442,23,0.045625136326012505
PowerRel_Delta,good,observed,53,-0.05477131564088086,0.8087137074126657,22,-0.09220519568840632
PowerRel_Delta,good,observed,54,-0.006493506493506493,0.9777139815073874,21,-0.009788174271989148
PowerRel_Delta,good,observed,55,-0.06380575945793338,0.7778717977805316,22,-0.10909197383856094
PowerRel_Delta,good,observed,56,-0.027863777089783277,0.9126078919940868,18,-0.03971577988215786
PowerRel_Delta,good,observed,57,-0.11403508771929824,0.6420435738344661,19,-0.1924354964892585
PowerRel_Delta,good,observed,58,-0.07107843137254903,0.7863266619781206,17,-0.10439699846108662
PowerRel_Delta,good,observed,59,-0.1280701754385965,0.6013177937232191,19,-0.22089594466361576
PowerRel_Delta,good,observed,60,-0.09117647058823529,0.7370049501736589,16,-0.13252959514517554
PowerRel_Delta,good,observed,61,-0.16785714285714282,0.5498555542278019,15,-0.25975138367094486
PowerRel_Delta,good,observed,62,-0.13725490196078433,0.5993690521648235,17,-0.22230568518255106
PowerRel_Delta,good,observed,63,-0.16785714285714282,0.5498555542278019,15,-0.25975138367094486
PowerRel_Delta,good,observed,64,-0.059340659340659345,0.8403017626906826,14,-0.07556472544161545
PowerRel_Delta,good,observed,65,0.2029411764705882,0.45096124172270946,16,0.3458607823554701
PowerRel_Delta,good,observed,66,-0.10294117647058824,0.7044103818167706,16,-0.15217425189199854
PowerRel_Delta,good,observed,67,0.03736263736263736,0.899093096973967,14,0.04619533673311713
PowerRel_Delta,good,observed,68,-0.02727272727272728,0.9365584481926122,11,-0.028465114246623357
PowerRel_Delta,good,observed,69,0.23076923076923078,0.44812738231536575,13,0.34859851820448756
PowerRel_Delta,good,observed,70,0.14545454545454548,0.6695786456420787,11,0.17419840541457807
PowerRel_Delta,good,observed,71,0.09010989010989012,0.7593388378159541,14,0.11956438674423242
PowerRel_Delta,good,observed,72,0.12967032967032965,0.658619276321178,14,0.18136556260466258
PowerRel_Gamma,good,observed,12,,,5,
PowerRel_Gamma,good,observed,13,,,8,
PowerRel_Gamma,good,observed,14,,,6,
PowerRel_Gamma,good,observed,15,,,5,
PowerRel_Gamma,good,observed,16,,,7,
PowerRel_Gamma,good,observed,17,,,8,
PowerRel_Gamma,good,observed,18,,,9,
PowerRel_Gamma,good,observed,19,,,8,
PowerRel_Gamma,good,observed,20,0.5314685314685316,0.07536233505348364,12,1.1228456536714941
PowerRel_Gamma,good,observed,21,,,9,
PowerRel_Gamma,good,observed,22,0.3626373626373627,0.22331572029248162,13,0.6510807037267186
PowerRel_Gamma,good,observed,23,0.521978021978022,0.06729171199351018,13,1.1720384225091325
PowerRel_Gamma,good,observed,24,0.42857142857142855,0.1262738881593127,14,0.8986864467586029
PowerRel_Gamma,good,observed,25,0.0989010989010989,0.7365853699253172,14,0.1327769113619142
PowerRel_Gamma,good,observed,26,0.35664335664335667,0.25513775175895725,12,0.5932252757392632
PowerRel_Gamma,good,observed,27,0.049999999999999996,0.859540943467457,15,0.06573343125327973
PowerRel_Gamma,good,observed,28,0.12352941176470587,0.6485420669723405,16,0.1880618486293522
PowerRel_Gamma,good,observed,29,0.0058823529411764705,0.9827505044191351,16,0.0075567245962570905
PowerRel_Gamma,good,observed,30,-0.1819548872180451,0.44262106677574986,20,-0.35396791944914463
PowerRel_Gamma,good,observed,31,-0.14344685242518057,0.5701354475609233,18,-0.2440219563620808
PowerRel_Gamma,good,observed,32,-0.243859649122807,0.31437156522355014,19,-0.5025567426102806
PowerRel_Gamma,good,observed,33,-0.14736842105263157,0.5471363428592276,19,-0.2619044367871302
PowerRel_Gamma,good,observed,34,-0.12899896800825592,0.6099496263278286,18,-0.2147060304174401
PowerRel_Gamma,good,observed,35,-0.34210526315789475,0.1516719606843406,19,-0.8190946990128556
PowerRel_Gamma,good,observed,36,-0.39122807017543854,0.09765306029948713,19,-1.0103141420294348
PowerRel_Gamma,good,observed,37,-0.2935064935064935,0.19659251726168686,21,-0.7064330163808094
PowerRel_Gamma,good,observed,38,-0.174025974025974,0.45058523924842964,21,-0.3462230394607362
PowerRel_Gamma,good,observed,39,-0.26842105263157895,0.2665098631799817,19,-0.574286713671648
PowerRel_Gamma,good,observed,40,0.028070175438596492,0.9091820663410366,19,0.041349139341635414
PowerRel_Gamma,good,observed,41,0.09172932330827067,0.7005157258604466,20,0.15458211080253892
PowerRel_Gamma,good,observed,42,0.056140350877192984,0.8194314004326242,19,0.08648739799414007
PowerRel_Gamma,good,observed,43,0.09597523219814243,0.7048123642968973,18,0.15192648584059565
PowerRel_Gamma,good,observed,44,0.09172932330827067,0.7005157258604466,20,0.15458211080253892
PowerRel_Gamma,good,observed,45,0.07017543859649124,0.7752817747006228,19,0.11054042529140365
PowerRel_Gamma,good,observed,46,0.1649122807017544,0.49988058994796014,19,0.30113372630432483
PowerRel_Gamma,good,observed,47,0.08187464709203841,0.7171885307837645,22,0.1443666642536788
PowerRel_Gamma,good,observed,48,0.08181818181818182,0.7244098408074375,21,0.14001565860737386
PowerRel_Gamma,good,observed,49,0.3181818181818182,0.13897508098949363,23,0.8570630641987032
PowerRel_Gamma,good,observed,50,0.29565217391304344,0.1607178933622431,24,0.7939357688130009
PowerRel_Gamma,good,observed,51,0.44675324675324674,0.04232391972847467,21,1.3734141179668051
PowerRel_Gamma,good,observed,52,0.43774703557312256,0.03670468816816287,23,1.4352784612103315
PowerRel_Gamma,good,observed,53,0.4522868435911915,0.03456587423827628,22,1.4613524544894074
PowerRel_Gamma,good,observed,54,0.5181818181818182,0.016111558031212524,21,1.7928624600996828
PowerRel_Gamma,good,observed,55,0.5415019762845851,0.009246713079824796,22,2.034012618069504
PowerRel_Gamma,good,observed,56,0.5067079463364293,0.031873132260511465,18,1.4965752551138902
PowerRel_Gamma,good,observed,57,0.5807017543859649,0.009132950070568505,19,2.0393889166142016
PowerRel_Gamma,good,observed,58,0.5588235294117647,0.01970856591580171,17,1.7053449757973078
PowerRel_Gamma,good,observed,59,0.519298245614035,0.02269420152703128,19,1.6440850928728665
PowerRel_Gamma,good,observed,60,0.36176470588235293,0.16855882250388438,16,0.7732485112267932
PowerRel_Gamma,good,observed,61,0.6678571428571428,0.006509956694715437,15,2.186421900419316
PowerRel_Gamma,good,observed,62,0.536764705882353,0.02631190195230556,17,1.579847757861218
PowerRel_Gamma,good,observed,63,0.5428571428571428,0.036521822554837366,15,1.437447557924193
PowerRel_Gamma,good,observed,64,0.6571428571428571,0.010661967747329804,14,1.9721626355587456
PowerRel_Gamma,good,observed,65,0.33529411764705885,0.20425458084551512,16,0.6898281947043801
PowerRel_Gamma,good,observed,66,0.4088235294117647,0.11588783814878352,16,0.9359621386870852
PowerRel_Gamma,good,observed,67,0.4153846153846154,0.1396659475175257,14,0.8549094679584339
PowerRel_Gamma,good,observed,68,0.5454545454545455,0.08265095734417506,11,1.0827521116402097
PowerRel_Gamma,good,observed,69,0.5934065934065934,0.03252444027009699,13,1.487790168700271
PowerRel_Gamma,good,observed,70,0.6272727272727273,0.03884525362035334,11,1.4106620387013666
PowerRel_Gamma,good,observed,71,0.5076923076923077,0.06383915813376861,14,1.194912848791875
PowerRel_Gamma,good,observed,72,0.5604395604395604,0.037104477004074335,14,1.4305736855100517
PowerRel_Theta,good,observed,12,,,5,
PowerRel_Theta,good,observed,13,,,8,
PowerRel_Theta,good,observed,14,,,6,
PowerRel_Theta,good,observed,15,,,5,
PowerRel_Theta,good,observed,16,,,7,
PowerRel_Theta,good,observed,17,,,8,
PowerRel_Theta,good,observed,18,,,9,
PowerRel_Theta,good,observed,19,,,8,
PowerRel_Theta,good,observed,20,-0.2867132867132868,0.36625146058358227,12,-0.4362206347002906
PowerRel_Theta,good,observed,21,,,9,
PowerRel_Theta,good,observed,22,-0.23626373626373626,0.4370835438311814,13,-0.3594355443633518
PowerRel_Theta,good,observed,23,-0.2857142857142857,0.34400021825867,13,-0.4634412818804875
PowerRel_Theta,good,observed,24,-0.23076923076923075,0.4273358616774501,14,-0.36923066001428206
PowerRel_Theta,good,observed,25,0.01098901098901099,0.970258390096969,14,0.013112593105276139
PowerRel_Theta,good,observed,26,-0.14685314685314685,0.6487957097846664,12,-0.18789203059561477
PowerRel_Theta,good,observed,27,-0.0857142857142857,0.7613341261907667,15,-0.11842470286901888
PowerRel_Theta,good,observed,28,-0.0823529411764706,0.761733078752474,16,-0.11819718447785271
PowerRel_Theta,good,observed,29,-0.06176470588235294,0.8202418775044894,16,-0.08605806154837053
PowerRel_Theta,good,observed,30,-0.09473684210526315,0.6911525963694354,20,-0.16042605617898725
PowerRel_Theta,good,observed,31,-0.0608875128998968,0.8103299008966292,18,-0.09133813547913698
PowerRel_Theta,good,observed,32,0.012280701754385965,0.9602038588720425,19,0.017636553018522606
PowerRel_Theta,good,observed,33,-0.16666666666666666,0.4952660907838653,19,-0.3051614056932587
PowerRel_Theta,good,observed,34,-0.07533539731682146,0.7663922813478388,18,-0.11554887786599664
PowerRel_Theta,good,observed,35,-0.01754385964912281,0.9431706684765946,19,-0.025409713762029384
PowerRel_Theta,good,observed,36,0.021052631578947368,0.9318278746837038,19,0.030664302215498138
PowerRel_Theta,good,observed,37,-0.16363636363636364,0.4784743069143619,21,-0.32014137798097453
PowerRel_Theta,good,observed,38,-0.10259740259740259,0.6580970577075415,21,-0.18171005088703554
PowerRel_Theta,good,observed,39,-0.11403508771929824,0.6420435738344661,19,-0.1924354964892585
PowerRel_Theta,good,observed,40,-0.15087719298245614,0.5375272100958033,19,-0.26959954649076445
PowerRel_Theta,good,observed,41,-0.23759398496240602,0.3131305637442674,20,-0.5042745401197215
PowerRel_Theta,good,observed,42,-0.19649122807017544,0.4201015343407333,19,-0.376645732281344
PowerRel_Theta,good,observed,43,-0.07946336429308565,0.7539561864360347,18,-0.12265389092322983
PowerRel_Theta,good,observed,44,-0.010526315789473682,0.9648685868194993,20,-0.015531832672282125
PowerRel_Theta,good,observed,45,-0.16842105263157894,0.4906723619708301,19,-0.30920840377086695
PowerRel_Theta,good,observed,46,-0.31228070175438594,0.19304246779700218,19,-0.7143471391734003
PowerRel_Theta,good,observed,47,-0.1259175607001694,0.5765977724368205,22,-0.23912703974917354
PowerRel_Theta,good,observed,48,-0.2155844155844156,0.34796751366229983,21,-0.45846130000678964
PowerRel_Theta,good,observed,49,-0.2549407114624506,0.2403974496421714,23,-0.6190701440412076
PowerRel_Theta,good,observed,50,-0.22,0.3016203705478416,24,-0.5205393308467917
PowerRel_Theta,good,observed,51,-0.20519480519480518,0.3722373638543265,21,-0.42918003609152394
PowerRel_Theta,good,observed,52,-0.3359683794466403,0.11703240429458726,23,-0.9316938728020385
PowerRel_Theta,good,observed,53,-0.23207227555053642,0.29868783755778283,22,-0.5247824613231633
PowerRel_Theta,good,observed,54,-0.32597402597402597,0.14928317187962065,21,-0.8259891458699363
PowerRel_Theta,good,observed,55,-0.3201581027667985,0.1463415037832898,22,-0.8346324865348984
PowerRel_Theta,good,observed,56,-0.3952528379772961,0.10449665262201607,18,-0.9808976212378193
PowerRel_Theta,good,observed,57,-0.23333333333333334,0.33635706944227184,19,-0.47319944002665504
PowerRel_Theta,good,observed,58,-0.3308823529411765,0.1945425282666128,17,-0.7109854443508224
PowerRel_Theta,good,observed,59,-0.2964912280701754,0.21773024394667423,19,-0.6620812408401079
PowerRel_Theta,good,observed,60,-0.2352941176470588,0.38035580118865675,16,-0.4198099554967525
PowerRel_Theta,good,observed,61,-0.22142857142857136,0.42771371901637,15,-0.3688468194239184
PowerRel_Theta,good,observed,62,-0.20833333333333337,0.4223129818009653,17,-0.37436556826045986
PowerRel_Theta,good,observed,63,-0.1607142857142857,0.5671967045803448,15,-0.2462663010738076
PowerRel_Theta,good,observed,64,-0.221978021978022,0.44562965795360865,14,-0.351025913307898
PowerRel_Theta,good,observed,65,-0.2441176470588235,0.3622134961419501,16,-0.4410353718276534
PowerRel_Theta,good,observed,66,-0.07941176470588236,0.770025319039825,16,-0.11349499464764301
PowerRel_Theta,good,observed,67,-0.13406593406593406,0.6477195279851131,14,-0.18861300927877392
PowerRel_Theta,good,observed,68,-0.08181818181818183,0.8109903943000458,11,-0.09098428971879526
PowerRel_Theta,good,observed,69,-0.42857142857142855,0.14397143468783608,13,-0.8417236675441658
PowerRel_Theta,good,observed,70,-0.36363636363636365,0.2716375409938228,11,-0.5660102096500258
PowerRel_Theta,good,observed,71,-0.2703296703296703,0.3499193863496043,14,-0.45603199592399174
PowerRel_Theta,good,observed,72,-0.4021978021978022,0.15397442954140356,14,-0.8125513962487783
X,good,observed,12,,,5,
X,good,observed,13,,,8,
X,good,observed,14,,,6,
X,good,observed,15,,,5,
X,good,observed,16,,,7,
X,good,observed,17,,,8,
X,good,observed,18,,,9,
X,good,observed,19,,,8,
X,good,observed,20,0.3846153846153847,0.21702022575997748,12,0.6634997890702861
X,good,observed,21,,,9,
X,good,observed,22,0.34065934065934067,0.2547064607541252,13,0.5939600388044294
X,good,observed,23,0.3681318681318681,0.21585718064938147,13,0.6658334996390205
X,good,observed,24,0.27912087912087913,0.33384507719455425,14,0.47645502339336615
X,good,observed,25,0.015384615384615385,0.9583697893719862,14,0.018466884975459116
X,good,observed,26,-0.14685314685314685,0.6487957097846664,12,-0.18789203059561477
X,good,observed,27,-0.0857142857142857,0.7613341261907667,15,-0.11842470286901888
X,good,observed,28,-0.0588235294117647,0.8286807500332258,16,-0.08161274954950345
X,good,observed,29,-0.03823529411764706,0.8881976539853073,16,-0.051490378271756385
X,good,observed,30,-0.07218045112781954,0.7623392575365604,20,-0.11785171516043352
X,good,observed,31,-0.08152734778121776,0.7477594697936525,18,-0.12623807825908356
X,good,observed,32,-0.18596491228070175,0.44590627508518843,19,-0.35075641593095996
X,good,observed,33,0.0456140350877193,0.8528960735031589,19,0.06910388495656979
X,good,observed,34,0.01547987616099071,0.9513880221541826,18,0.021642320590164937
X,good,observed,35,0.05263157894736842,0.8305560123136126,19,0.08063107360579502
X,good,observed,36,0.06666666666666667,0.7862629610688756,19,0.10443218240607394
X,good,observed,37,0.2025974025974026,0.37845167579960426,21,0.42198956734863724
X,good,observed,38,0.17922077922077922,0.43696527489850645,21,0.35955307451511026
X,good,observed,39,0.23859649122807017,0.3252545411782847,19,0.48777663113869774
X,good,observed,40,0.13157894736842105,0.5913047122717008,19,0.22818865997359478
X,good,observed,41,0.2526315789473684,0.2825500572639195,20,0.5489046003483807
X,good,observed,42,0.11228070175438597,0.6472068934597522,19,0.18895686566094483
X,good,observed,43,-0.017543859649122806,0.9449151835129637,18,-0.024607172427702235
X,good,observed,44,0.0,1.0,20,-0.0
X,good,observed,45,0.09298245614035087,0.7049792897185855,19,0.15182364115477157
X,good,observed,46,0.25263157894736843,0.29672364447179,19,0.527647845477951
X,good,observed,47,0.18690005646527386,0.4049328724428122,22,0.39261696578276317
X,good,observed,48,0.22467532467532467,0.3275102738815652,21,0.48477507179407053
X,good,observed,49,0.3438735177865613,0.10813559417371388,23,0.9660313290920349
X,good,observed,50,0.3008695652173913,0.15311364746090095,24,0.8149860976570141
X,good,observed,51,0.24025974025974026,0.2941523992397238,21,0.53142760496029
X,good,observed,52,0.2816205533596838,0.19297677326766197,23,0.7144949596384136
X,good,observed,53,0.21964991530208924,0.32601325111651913,22,0.48676474726388513
X,good,observed,54,0.2675324675324675,0.24102003675627298,21,0.6179468516534787
X,good,observed,55,0.2309429700734049,0.30111182319608604,22,0.5212721915214187
X,good,observed,56,0.21775025799793604,0.3853959643781133,18,0.414092837312877
X,good,observed,57,0.07368421052631578,0.7643412715216654,19,0.11671268953160775
X,good,observed,58,0.13480392156862747,0.6059663630124608,17,0.21755148270421074
X,good,observed,59,0.02456140350877193,0.9204976475735005,19,0.03597731704280547
X,good,observed,60,-0.047058823529411764,0.8626036946668731,16,-0.0641886860347238
X,good,observed,61,0.035714285714285705,0.8994469934720875,15,0.046024425560106726
X,good,observed,62,0.03676470588235294,0.8885928675683452,17,0.05129717701473126
X,good,observed,63,-0.017857142857142853,0.9496353041738621,15,-0.02244314817847589
X,good,observed,64,0.05054945054945055,0.8637420361792153,14,0.06361594385434859
X,good,observed,65,0.14705882352941177,0.5867933937012053,16,0.23151478422081825
X,good,observed,66,-0.07352941176470588,0.7866792491258565,16,-0.10420230541621595
X,good,observed,67,-0.14725274725274726,0.6154187624847252,14,-0.2108292674006022
X,good,observed,68,-0.14545454545454548,0.6695786456420787,11,-0.17419840541457807
X,good,observed,69,0.16483516483516483,0.590478988652005,13,0.22879555152183248
X,good,observed,70,0.16363636363636366,0.6306852146425357,11,0.20018735019333986
X,good,observed,71,0.08131868131868132,0.7822747512440957,14,0.10664068684757368
X,good,observed,72,0.2967032967032967,0.30296672383870205,14,0.5186050693420703
Y,good,observed,12,,,5,
Y,good,observed,13,,,8,
Y,good,observed,14,,,6,
Y,good,observed,15,,,5,
Y,good,observed,16,,,7,
Y,good,observed,17,,,8,
Y,good,observed,18,,,9,
Y,good,observed,19,,,8,
Y,good,observed,20,-0.15384615384615385,0.6330906812462618,12,-0.19853407901227083
Y,good,observed,21,,,9,
Y,good,observed,22,-0.19230769230769232,0.5290679872349875,13,-0.2764885158971744
Y,good,observed,23,-0.21428571428571427,0.4820544547023683,13,-0.3169038994355483
Y,good,observed,24,-0.0857142857142857,0.7707850311186757,14,-0.11306672806651169
Y,good,observed,25,0.1912087912087912,0.5125839704707784,14,0.2902349791992541
Y,good,observed,26,0.08391608391608392,0.7954145018538977,12,0.09940649529910545
Y,good,observed,27,0.05714285714285713,0.8396998687415758,15,0.07587591470129416
Y,good,observed,28,0.0823529411764706,0.761733078752474,16,0.11819718447785271
Y,good,observed,29,0.09999999999999999,0.7125163701282782,16,0.14720515324968597
Y,good,observed,30,-0.04060150375939849,0.8650468790077722,20,-0.06296035641643132
Y,good,observed,31,0.011351909184726523,0.9643420040748253,18,0.01576891615817651
Y,good,observed,32,0.12105263157894736,0.6215490254755145,19,0.20652461013775134
Y,good,observed,33,-0.15087719298245614,0.5375272100958033,19,-0.26959954649076445
Y,good,observed,34,-0.052631578947368425,0.8356904320597222,18,-0.0779545701045183
Y,good,observed,35,0.005263157894736842,0.9829392613354335,19,0.007473317652954459
Y,good,observed,36,0.010526315789473684,0.9658856101969363,19,0.015074304021228587
Y,good,observed,37,-0.12727272727272726,0.5824788611326692,21,-0.23471983109167574
Y,good,observed,38,-0.13636363636363635,0.5555953559520418,21,-0.2552413930511088
Y,good,observed,39,-0.02280701754385965,0.9261610601906637,19,-0.033313482573208486
Y,good,observed,40,-0.03684210526315789,0.8809707676679907,19,-0.055038502088647044
Y,good,observed,41,-0.10827067669172932,0.6495672222012883,20,-0.18737589813921007
Y,good,observed,42,-0.09298245614035087,0.7049792897185855,19,-0.15182364115477157
Y,good,observed,43,-0.10216718266253869,0.6866550541678016,18,-0.16326137894296952
Y,good,observed,44,-0.0706766917293233,0.7671582206450904,20,-0.11511505682456784
Y,good,observed,45,-0.16140350877192983,0.5091713427471698,19,-0.2931360473534157
Y,good,observed,46,-0.27017543859649124,0.26327626992868586,19,-0.5795882837099774
Y,good,observed,47,-0.11123658949745907,0.622136487426624,22,-0.20611432715218436
Y,good,observed,48,-0.15064935064935067,0.514513864469408,21,-0.288602917925006
Y,good,observed,49,-0.2776679841897233,0.1995656005313296,23,-0.6999143166905499
Y,good,observed,50,-0.23913043478260865,0.260427936802927,24,-0.5843124296715454
Y,good,observed,51,-0.15974025974025974,0.4891511154734237,21,-0.3105569517603586
Y,good,observed,52,-0.1926877470355731,0.37839329224974183,23,-0.42205657090857324
Y,good,observed,53,-0.06041784302653869,0.7894023352862747,22,-0.10270159316669729
Y,good,observed,54,-0.04155844155844156,0.8580477762660439,21,-0.06648852987734959
Y,good,observed,55,-0.09768492377188029,0.6653964075322027,22,-0.17691954821194003
Y,good,observed,56,-0.3003095975232198,0.22595992422709757,18,-0.6459685795710393
Y,good,observed,57,-0.22280701754385965,0.35921602294744404,19,-0.44464429972617137
Y,good,observed,58,-0.37500000000000006,0.13803484396804858,17,-0.8600112713310414
Y,good,observed,59,-0.25789473684210523,0.28643023354996244,19,-0.5429811428902863
Y,good,observed,60,-0.15,0.5792486306642535,16,-0.23713498420291823
Y,good,observed,61,-0.15357142857142855,0.5847640949410158,15,-0.2330193013164462
Y,good,observed,62,-0.26470588235294124,0.3045422200057608,17,-0.5163524907339779
Y,good,observed,63,-0.18214285714285713,0.5158816817070392,15,-0.2874498930896583
Y,good,observed,64,-0.2967032967032967,0.30296672383870205,14,-0.5186050693420703
Y,good,observed,65,-0.2823529411764706,0.2893498290632739,16,-0.5385767698647986
Y,good,observed,66,-0.15,0.5792486306642535,16,-0.23713498420291823
Y,good,observed,67,-0.22637362637362637,0.4364347945560526,14,-0.36008063278278846
Y,good,observed,68,-0.09090909090909091,0.7903727377532903,11,-0.10216804823761354
Y,good,observed,69,-0.34065934065934067,0.2547064607541252,13,-0.5939600388044294
Y,good,observed,70,-0.3727272727272728,0.25892587368422215,11,-0.5868245496545997
Y,good,observed,71,-0.3054945054945055,0.2881698858754571,14,-0.5403514054840255
Y,good,observed,72,-0.389010989010989,0.16921738979769044,14,-0.7715550082880974
Z,good,observed,12,,,5,
Z,good,observed,13,,,8,
Z,good,observed,14,,,6,
Z,good,observed,15,,,5,
Z,good,observed,16,,,7,
Z,good,observed,17,,,8,
Z,good,observed,18,,,9,
Z,good,observed,19,,,8,
Z,good,observed,20,0.4265734265734266,0.16669998762494495,12,0.7780644324120566
Z,good,observed,21,,,9,
Z,good,observed,22,0.35714285714285715,0.23092986230203402,13,0.6365199033997576
Z,good,observed,23,0.6153846153846153,0.02516711655189929,13,1.599166539609904
Z,good,observed,24,0.5780219780219781,0.030383014145236965,14,1.5173691441759658
Z,good,observed,25,0.16923076923076924,0.5630172739962107,14,0.2494782803064714
Z,good,observed,26,-0.02097902097902098,0.9484022252365223,12,-0.023007435707336574
Z,good,observed,27,0.0,1.0,15,-0.0
Z,good,observed,28,0.02058823529411765,0.9396737397890448,16,0.02702290980961651
Z,good,observed,29,-0.07941176470588236,0.770025319039825,16,-0.11349499464764301
Z,good,observed,30,-0.07218045112781954,0.7623392575365604,20,-0.11785171516043352
Z,good,observed,31,0.040247678018575844,0.8740147776078566,18,0.05848122436869531
Z,good,observed,32,-0.042105263157894736,0.864107517640632,19,-0.06343221653393744
Z,good,observed,33,-0.010526315789473684,0.9658856101969363,19,-0.015074304021228587
Z,good,observed,34,-0.04437564499484004,0.8612061336731367,18,-0.06489288571001009
Z,good,observed,35,-0.21403508771929824,0.37892417299512104,19,-0.42144768856632303
Z,good,observed,36,-0.22456140350877193,0.35534598974510767,19,-0.44934858142149264
Z,good,observed,37,-0.125974025974026,0.5863643592427877,21,-0.23183243511759866
Z,good,observed,38,-0.10259740259740259,0.6580970577075415,21,-0.18171005088703554
Z,good,observed,39,-0.12456140350877193,0.6113997291771747,19,-0.21367475798298308
Z,good,observed,40,-0.07719298245614034,0.7534433450404967,19,-0.12294939877249758
Z,good,observed,41,0.13684210526315788,0.5650957921363965,20,0.24787792656999671
Z,good,observed,42,0.14035087719298248,0.5665827574598226,19,0.24673664628927808
Z,good,observed,43,0.13106295149638802,0.6041941281040613,18,0.21882349975852827
Z,good,observed,44,0.4090225563909774,0.07334086574364809,20,1.1346539677668812
Z,good,observed,45,0.3649122807017544,0.12449718528073031,19,0.9048404672900557
Z,good,observed,46,0.2719298245614035,0.2600673825269107,19,0.584914113305313
Z,good,observed,47,0.16770186335403728,0.45567700180801285,22,0.34134288987249595
Z,good,observed,48,0.16233766233766234,0.4820201872355596,21,0.3169347729200332
Z,good,observed,49,0.2628458498023716,0.2256214155097076,23,0.6466196804144013
Z,good,observed,50,0.20434782608695648,0.33815724851317563,24,0.47088129889209157
Z,good,observed,51,0.24545454545454545,0.28351670883126656,21,0.5474213412176907
Z,good,observed,52,0.3300395256916996,0.1240459410326453,23,0.9064174419194994
Z,good,observed,53,0.31451157538114066,0.1539966672539894,22,0.8124886779223933
Z,good,observed,54,0.3194805194805195,0.15803468713885818,21,0.8012475789973057
Z,good,observed,55,0.41614906832298143,0.0540548911416165,22,1.2671650029186685
Z,good,observed,56,0.3498452012383901,0.1546923218138582,18,0.8105312420642244
Z,good,observed,57,0.4263157894736842,0.06874301722703564,19,1.1627714099890913
Z,good,observed,58,0.37254901960784315,0.14083572189262192,17,0.85128717578196
Z,good,observed,59,0.38947368421052625,0.09929910161688706,19,1.0030546806546041
Z,good,observed,60,0.22058823529411767,0.4116664304979635,16,0.3854545462740848
Z,good,observed,61,0.3428571428571428,0.21092379341475206,15,0.6758744265863552
Z,good,observed,62,0.32598039215686275,0.20163694355296383,17,0.6954298942935104
Z,good,observed,63,0.4678571428571427,0.0786302311543806,15,1.1044104476082583
Z,good,observed,64,0.5252747252747253,0.05374750176788299,14,1.2696417173405001
Z,good,observed,65,0.13529411764705881,0.6173674089706418,16,0.2094563007978871
Z,good,observed,66,0.3235294117647059,0.2215741250012429,16,0.6544809570541361
Z,good,observed,67,0.2043956043956044,0.4833462230422234,14,0.3157416707161321
Z,good,observed,68,0.27272727272727276,0.41714143714253127,11,0.3797166669547044
Z,good,observed,69,0.30769230769230765,0.3064470525125291,13,0.5136445514490882
Z,good,observed,70,0.21818181818181823,0.519248247554982,11,0.2846249605193639
Z,good,observed,71,0.015384615384615385,0.9583697893719862,14,0.018466884975459116
Z,good,observed,72,0.2703296703296703,0.3499193863496043,14,0.45603199592399174
ap_exp_1to20_fixed,good,observed,12,,,5,
ap_exp_1to20_fixed,good,observed,13,,,8,
ap_exp_1to20_fixed,good,observed,14,,,6,
ap_exp_1to20_fixed,good,observed,15,,,5,
ap_exp_1to20_fixed,good,observed,16,,,7,
ap_exp_1to20_fixed,good,observed,17,,,8,
ap_exp_1to20_fixed,good,observed,18,,,9,
ap_exp_1to20_fixed,good,observed,19,,,8,
ap_exp_1to20_fixed,good,observed,20,-0.20979020979020982,0.5128409431818263,12,-0.2900173097604524
ap_exp_1to20_fixed,good,observed,21,,,9,
ap_exp_1to20_fixed,good,observed,22,-0.049450549450549455,0.8725444288811492,13,-0.05921245006887691
ap_exp_1to20_fixed,good,observed,23,-0.2747252747252747,0.3636749816401784,13,-0.4392865744177619
ap_exp_1to20_fixed,good,observed,24,-0.3098901098901099,0.2809332808692584,14,-0.551396808887754
ap_exp_1to20_fixed,good,observed,25,-0.27912087912087913,0.33384507719455425,14,-0.47645502339336615
ap_exp_1to20_fixed,good,observed,26,-0.3076923076923077,0.3305892594121097,12,-0.4807112604252688
ap_exp_1to20_fixed,good,observed,27,-0.34642857142857136,0.2058959920935512,15,-0.6863521071391113
ap_exp_1to20_fixed,good,observed,28,-0.31764705882352945,0.23057346362184541,16,-0.6371906765111898
ap_exp_1to20_fixed,good,observed,29,-0.3058823529411765,0.24925429892891857,16,-0.6033573426050445
ap_exp_1to20_fixed,good,observed,30,-0.08120300751879699,0.733607630478017,20,-0.1345361600844057
ap_exp_1to20_fixed,good,observed,31,-0.2053663570691434,0.4136353714020946,18,-0.3833823302914931
ap_exp_1to20_fixed,good,observed,32,-0.19122807017543858,0.43290281925098273,19,-0.36360958586354
ap_exp_1to20_fixed,good,observed,33,-0.03684210526315789,0.8809707676679907,19,-0.055038502088647044
ap_exp_1to20_fixed,good,observed,34,-0.15995872033023736,0.5260613631447346,18,-0.2789635940196522
ap_exp_1to20_fixed,good,observed,35,0.02631578947368421,0.9148378965354744,19,0.03865585334015896
ap_exp_1to20_fixed,good,observed,36,0.1649122807017544,0.49988058994796014,19,0.30113372630432483
ap_exp_1to20_fixed,good,observed,37,0.2311688311688312,0.3133473331324289,21,0.5039739971848456
ap_exp_1to20_fixed,good,observed,38,0.251948051948052,0.2705631402262357,21,0.5677313691822743
ap_exp_1to20_fixed,good,observed,39,0.25263157894736843,0.29672364447179,19,0.527647845477951
ap_exp_1to20_fixed,good,observed,40,0.20175438596491227,0.4075051414152554,19,0.38986690747814307
ap_exp_1to20_fixed,good,observed,41,0.08571428571428572,0.7193660879190987,20,0.14305003937926286
ap_exp_1to20_fixed,good,observed,42,0.18771929824561404,0.4415495023823781,19,0.3550206003392967
ap_exp_1to20_fixed,good,observed,43,0.07120743034055728,0.7788829476841138,18,0.1085278041945798
ap_exp_1to20_fixed,good,observed,44,-0.10676691729323308,0.6541415450094847,20,-0.1843282676309104
ap_exp_1to20_fixed,good,observed,45,0.007017543859649123,0.9772535735987999,19,0.00999273277455722
ap_exp_1to20_fixed,good,observed,46,0.015789473684210527,0.9488461264555137,19,0.022804211017997424
ap_exp_1to20_fixed,good,observed,47,0.06267645398080182,0.7817104249303759,22,0.10695409623074578
ap_exp_1to20_fixed,good,observed,48,0.07662337662337662,0.7413113765158403,21,0.1299993349380977
ap_exp_1to20_fixed,good,observed,49,0.11758893280632411,0.5931009526165396,23,0.22687137841857172
ap_exp_1to20_fixed,good,observed,50,0.12,0.5764898720889464,24,0.2392083180909135
ap_exp_1to20_fixed,good,observed,51,-0.033766233766233764,0.8844723124673912,21,-0.053315757701500315
ap_exp_1to20_fixed,good,observed,52,0.024703557312252968,0.9109154893296205,23,0.040521913060265126
ap_exp_1to20_fixed,good,observed,53,-0.04347826086956522,0.8476501356797841,22,-0.0717833641307279
ap_exp_1to20_fixed,good,observed,54,-0.04285714285714286,0.8536570982478849,21,-0.06871654411702702
ap_exp_1to20_fixed,good,observed,55,-0.1101072840203275,0.6256982903977764,22,-0.2036350316483798
ap_exp_1to20_fixed,good,observed,56,-0.11042311661506708,0.6626984309773885,18,-0.17868405765497
ap_exp_1to20_fixed,good,observed,57,-0.16666666666666666,0.4952660907838653,19,-0.3051614056932587
ap_exp_1to20_fixed,good,observed,58,-0.232843137254902,0.36845965485437604,17,-0.4336100590487954
ap_exp_1to20_fixed,good,observed,59,-0.2789473684210526,0.24747875892631563,19,-0.6064620705767346
ap_exp_1to20_fixed,good,observed,60,-0.16176470588235295,0.5494831434036929,16,-0.2600456259685131
ap_exp_1to20_fixed,good,observed,61,-0.3178571428571428,0.24829056581701822,15,-0.6050397818205837
ap_exp_1to20_fixed,good,observed,62,-0.15686274509803924,0.5476805847029371,17,-0.26147265455383983
ap_exp_1to20_fixed,good,observed,63,-0.2607142857142857,0.34797945986279355,15,-0.45844639033938106
ap_exp_1to20_fixed,good,observed,64,-0.2571428571428571,0.3748119038799703,14,-0.42618662454176137
ap_exp_1to20_fixed,good,observed,65,-0.014705882352941175,0.956891924031642,16,-0.019137110757344547
ap_exp_1to20_fixed,good,observed,66,-0.19999999999999998,0.45768790507519985,16,-0.3394305641479773
ap_exp_1to20_fixed,good,observed,67,-0.1252747252747253,0.6695823965448444,14,-0.17419597255352254
ap_exp_1to20_fixed,good,observed,68,-0.39090909090909093,0.23454006709519432,11,-0.6297829549448815
ap_exp_1to20_fixed,good,observed,69,-0.23076923076923078,0.44812738231536575,13,-0.34859851820448756
ap_exp_1to20_fixed,good,observed,70,-0.10000000000000002,0.7698749998921366,11,-0.11357978296253614
ap_exp_1to20_fixed,good,observed,71,0.006593406593406593,0.9821527354577905,14,0.007820969434481628
ap_exp_1to30_knee,good,observed,12,,,5,
ap_exp_1to30_knee,good,observed,13,,,8,
ap_exp_1to30_knee,good,observed,14,,,6,
ap_exp_1to30_knee,good,observed,15,,,5,
ap_exp_1to30_knee,good,observed,16,,,7,
ap_exp_1to30_knee,good,observed,17,,,8,
ap_exp_1to30_knee,good,observed,18,,,9,
ap_exp_1to30_knee,good,observed,19,,,8,
ap_exp_1to30_knee,good,observed,20,-0.46153846153846156,0.13094806950717278,12,-0.8829008997478153
ap_exp_1to30_knee,good,observed,21,,,9,
ap_exp_1to30_knee,good,observed,22,-0.4450549450549451,0.12752383613843676,13,-0.8944086314192901
ap_exp_1to30_knee,good,observed,23,-0.5659340659340659,0.04379259223545482,13,-1.3585993466499993
ap_exp_1to30_knee,good,observed,24,-0.3010989010989011,0.2955144656072166,14,-0.529421255291602
ap_exp_1to30_knee,good,observed,25,-0.059340659340659345,0.8403017626906826,14,-0.07556472544161545
ap_exp_1to30_knee,good,observed,26,-0.14685314685314685,0.6487957097846664,12,-0.18789203059561477
ap_exp_1to30_knee,good,observed,27,-0.06785714285714285,0.8101088187105131,15,-0.09145664014446162
ap_exp_1to30_knee,good,observed,28,-0.008823529411764706,0.9741279946623942,16,-0.011383975643453706
ap_exp_1to30_knee,good,observed,29,-0.049999999999999996,0.8540995521297436,16,-0.06849150586740885
ap_exp_1to30_knee,good,observed,30,0.02857142857142857,0.9048224147367736,20,0.04343664937800583
ap_exp_1to30_knee,good,observed,31,0.005159958720330237,0.9837879533049654,18,0.007098499773445884
ap_exp_1to30_knee,good,observed,32,0.06140350877192983,0.8028068323384662,19,0.09538894007808987
ap_exp_1to30_knee,good,observed,33,-0.11578947368421051,0.6368959292043223,19,-0.19593152695002683
ap_exp_1to30_knee,good,observed,34,0.1042311661506708,0.6806381463141873,18,0.1670837145562436
ap_exp_1to30_knee,good,observed,35,0.30526315789473685,0.20377277471476163,19,0.6908538408446925
ap_exp_1to30_knee,good,observed,36,0.3140350877192983,0.1904199950600573,19,0.7202874504456948
ap_exp_1to30_knee,good,observed,37,0.15584415584415584,0.49994447453115,21,0.30107822715156
ap_exp_1to30_knee,good,observed,38,0.1077922077922078,0.6418756070398506,21,0.19254912833392177
ap_exp_1to30_knee,good,observed,39,0.11578947368421051,0.6368959292043223,19,0.19593152695002683
ap_exp_1to30_knee,good,observed,40,0.05087719298245614,0.8361300467881018,19,0.07772616967813913
ap_exp_1to30_knee,good,observed,41,-0.08270676691729321,0.7288508763559796,20,-0.1373613196938428
ap_exp_1to30_knee,good,observed,42,-0.10526315789473684,0.6680128800865883,19,-0.1752151637271425
ap_exp_1to30_knee,good,observed,43,0.01547987616099071,0.9513880221541826,18,0.021642320590164937
ap_exp_1to30_knee,good,observed,44,-0.05413533834586466,0.8206745196973446,20,-0.08582905034259572
ap_exp_1to30_knee,good,observed,45,-0.15087719298245614,0.5375272100958033,19,-0.26959954649076445
ap_exp_1to30_knee,good,observed,46,-0.14736842105263157,0.5471363428592276,19,-0.2619044367871302
ap_exp_1to30_knee,good,observed,47,0.0220214568040655,0.9225104517760874,22,0.03502870471040108
ap_exp_1to30_knee,good,observed,48,-0.0935064935064935,0.6868397848627377,21,-0.16314455648444573
ap_exp_1to30_knee,good,observed,49,-0.3211462450592885,0.13512827674274583,23,-0.8692537616488913
ap_exp_1to30_knee,good,observed,50,-0.36260869565217385,0.08161161940645154,24,-1.0882480044218763
ap_exp_1to30_knee,good,observed,51,-0.3337662337662338,0.1392367176682506,21,-0.8562462232171703
ap_exp_1to30_knee,good,observed,52,-0.40217391304347827,0.05711577860840376,23,-1.2432438984802112
ap_exp_1to30_knee,good,observed,53,-0.3935629587803502,0.06996155472662648,22,-1.1551405479398984
ap_exp_1to30_knee,good,observed,54,-0.43506493506493504,0.04871398224636619,21,-1.3123463664879578
ap_exp_1to30_knee,good,observed,55,-0.46583850931677023,0.028887065083325666,22,-1.53929658009643
ap_exp_1to30_knee,good,observed,56,-0.48813209494324045,0.03985953090099972,18,-1.3994678167320214
ap_exp_1to30_knee,good,observed,57,-0.3719298245614035,0.11687923396377846,19,-0.9322626434665914
ap_exp_1to30_knee,good,observed,58,-0.3970588235294118,0.11454177561107586,17,-0.9410360887963304
ap_exp_1to30_knee,good,observed,59,-0.32807017543859646,0.17029675998814747,19,-0.7687936147071257
ap_exp_1to30_knee,good,observed,60,-0.2911764705882353,0.27388704841914874,16,-0.5624285041939627
ap_exp_1to30_knee,good,observed,61,-0.4357142857142856,0.10449335704406641,15,-0.9809113180774015
ap_exp_1to30_knee,good,observed,62,-0.4534313725490197,0.06754818013371684,17,-1.1703863471383429
ap_exp_1to30_knee,good,observed,63,-0.43214285714285705,0.10769303754639799,15,-0.9678123733308209
ap_exp_1to30_knee,good,observed,64,-0.432967032967033,0.12201000596848025,14,-0.9136045516309507
ap_exp_1to30_knee,good,observed,65,-0.19117647058823528,0.47816401281702825,16,-0.32042311250108646
ap_exp_1to30_knee,good,observed,66,-0.23823529411764705,0.37425412972798844,16,-0.42683339871187925
ap_exp_1to30_knee,good,observed,67,-0.22637362637362637,0.4364347945560526,14,-0.36008063278278846
ap_exp_1to30_knee,good,observed,68,-0.3181818181818182,0.34029761418190363,11,-0.4681410957213116
ap_exp_1to30_knee,good,observed,69,-0.5604395604395606,0.04634590589406461,13,-1.3339886245431813
ap_exp_1to30_knee,good,observed,70,-0.5636363636363637,0.07095173447637536,11,-1.1490369833733638
ap_exp_1to30_knee,good,observed,71,-0.4901098901098901,0.07522006672685849,14,-1.1236662856557948
ap_exp_1to40_fixed,good,observed,12,,,5,
ap_exp_1to40_fixed,good,observed,13,,,8,
ap_exp_1to40_fixed,good,observed,14,,,6,
ap_exp_1to40_fixed,good,observed,15,,,5,
ap_exp_1to40_fixed,good,observed,16,,,7,
ap_exp_1to40_fixed,good,observed,17,,,8,
ap_exp_1to40_fixed,good,observed,18,,,9,
ap_exp_1to40_fixed,good,observed,19,,,8,
ap_exp_1to40_fixed,good,observed,20,-0.2937062937062937,0.35414764123292175,12,-0.4508156464335365
ap_exp_1to40_fixed,good,observed,21,,,9,
ap_exp_1to40_fixed,good,observed,22,-0.23626373626373626,0.4370835438311814,13,-0.3594355443633518
ap_exp_1to40_fixed,good,observed,23,-0.45604395604395603,0.11728306543614495,13,-0.9307646913676466
ap_exp_1to40_fixed,good,observed,24,-0.4241758241758242,0.13063731043811047,14,-0.883932769437274
ap_exp_1to40_fixed,good,observed,25,-0.16483516483516483,0.5733464050131383,14,-0.2415829062533454
ap_exp_1to40_fixed,good,observed,26,-0.18881118881118883,0.5567370561768314,12,-0.2543498712787897
ap_exp_1to40_fixed,good,observed,27,-0.08214285714285713,0.7710285652881772,15,-0.1129295317840357
ap_exp_1to40_fixed,good,observed,28,-0.09411764705882353,0.7288144270239805,16,-0.13738303900584517
ap_exp_1to40_fixed,good,observed,29,-0.0823529411764706,0.761733078752474,16,-0.11819718447785271
ap_exp_1to40_fixed,good,observed,30,0.021052631578947364,0.9297994024457079,20,0.03161073726092816
ap_exp_1to40_fixed,good,observed,31,-0.10629514963880288,0.6746395315456968,18,-0.1709282142450312
ap_exp_1to40_fixed,good,observed,32,-0.13859649122807016,0.5714909256572165,19,-0.2429906611012199
ap_exp_1to40_fixed,good,observed,33,-0.14210526315789473,0.5616930467377019,19,-0.2505009522715134
ap_exp_1to40_fixed,good,observed,34,-0.18885448916408668,0.4529458223784958,18,-0.3439537415835925
ap_exp_1to40_fixed,good,observed,35,0.08771929824561404,0.7210236536238765,19,0.14205048774960752
ap_exp_1to40_fixed,good,observed,36,0.16140350877192983,0.5091713427471698,19,0.2931360473534157
ap_exp_1to40_fixed,good,observed,37,0.2350649350649351,0.30503028884154876,21,0.5156570340183592
ap_exp_1to40_fixed,good,observed,38,0.21688311688311687,0.345000326982445,21,0.46218049331338024
ap_exp_1to40_fixed,good,observed,39,0.3596491228070175,0.13043678910162934,19,0.8845999005484461
ap_exp_1to40_fixed,good,observed,40,0.11228070175438597,0.6472068934597522,19,0.18895686566094483
ap_exp_1to40_fixed,good,observed,41,-0.04210526315789473,0.8600949015145793,20,-0.06545362674455771
ap_exp_1to40_fixed,good,observed,42,0.07368421052631578,0.7643412715216654,19,0.11671268953160775
ap_exp_1to40_fixed,good,observed,43,-0.08152734778121776,0.7477594697936525,18,-0.12623807825908356
ap_exp_1to40_fixed,good,observed,44,-0.10225563909774435,0.66793535735332,20,-0.17526556642146066
ap_exp_1to40_fixed,good,observed,45,-0.02631578947368421,0.9148378965354744,19,-0.03865585334015896
ap_exp_1to40_fixed,good,observed,46,-0.1736842105263158,0.4770171488822207,19,-0.32146600768725514
ap_exp_1to40_fixed,good,observed,47,0.03670242800677584,0.8711837997313935,22,0.059890209185106874
ap_exp_1to40_fixed,good,observed,48,0.06363636363636363,0.7840544504932396,21,0.10565377567321177
ap_exp_1to40_fixed,good,observed,49,-0.15316205533596838,0.4853582092057983,23,-0.313937620448784
ap_exp_1to40_fixed,good,observed,50,-0.1469565217391304,0.4931931221106659,24,-0.30698298854470185
ap_exp_1to40_fixed,good,observed,51,-0.24545454545454545,0.28351670883126656,21,-0.5474213412176907
ap_exp_1to40_fixed,good,observed,52,-0.3142292490118577,0.14422478191856075,23,-0.8409601090634397
ap_exp_1to40_fixed,good,observed,53,-0.34952004517221913,0.11083266434145092,22,-0.9553322264973194
ap_exp_1to40_fixed,good,observed,54,-0.43506493506493504,0.04871398224636619,21,-1.3123463664879578
ap_exp_1to40_fixed,good,observed,55,-0.38791643139469234,0.07444149018388681,22,-1.128184941664842
ap_exp_1to40_fixed,good,observed,56,-0.413828689370485,0.08778525139466084,18,-1.056578442817694
ap_exp_1to40_fixed,good,observed,57,-0.4298245614035088,0.0662505084832046,19,-1.1788107840990423
ap_exp_1to40_fixed,good,observed,58,-0.5490196078431373,0.022461151768182565,17,-1.6485679776497593
ap_exp_1to40_fixed,good,observed,59,-0.4807017543859649,0.037218020763320044,19,-1.4292467261655926
ap_exp_1to40_fixed,good,observed,60,-0.3205882352941176,0.22604542220798238,16,-0.6458042837190197
ap_exp_1to40_fixed,good,observed,61,-0.46071428571428563,0.08393338135031411,15,-1.0760652804946356
ap_exp_1to40_fixed,good,observed,62,-0.5049019607843138,0.03872104887870621,17,-1.4120528870024707
ap_exp_1to40_fixed,good,observed,63,-0.5214285714285714,0.04621923447857302,15,-1.3351772519439877
ap_exp_1to40_fixed,good,observed,64,-0.5560439560439561,0.038943650418660554,14,-1.4095633419177804
ap_exp_1to40_fixed,good,observed,65,-0.29705882352941176,0.2638630146135225,16,-0.5786214800904487
ap_exp_1to40_fixed,good,observed,66,-0.42352941176470593,0.10210932208599745,16,-0.9909346071227148
ap_exp_1to40_fixed,good,observed,67,-0.43736263736263736,0.11784483174447676,14,-0.9286894593345915
ap_exp_1to40_fixed,good,observed,68,-0.5727272727272729,0.06554305260101842,11,-1.1834733356587839
ap_exp_1to40_fixed,good,observed,69,-0.4340659340659341,0.1383423778882127,13,-0.8590447637530872
ap_exp_1to40_fixed,good,observed,70,-0.5090909090909091,0.10973723224165641,11,-0.9596459976421652
ap_exp_1to40_fixed,good,observed,71,-0.44175824175824174,0.11377750302872344,14,-0.943943601529279
ap_exp_20to40_fixed,good,observed,12,,,5,
ap_exp_20to40_fixed,good,observed,13,,,8,
ap_exp_20to40_fixed,good,observed,14,,,6,
ap_exp_20to40_fixed,good,observed,15,,,5,
ap_exp_20to40_fixed,good,observed,16,,,7,
ap_exp_20to40_fixed,good,observed,17,,,8,
ap_exp_20to40_fixed,good,observed,18,,,9,
ap_exp_20to40_fixed,good,observed,19,,,8,
ap_exp_20to40_fixed,good,observed,20,-0.49650349650349657,0.10060263183225483,12,-0.9973906576968434
ap_exp_20to40_fixed,good,observed,21,,,9,
ap_exp_20to40_fixed,good,observed,22,-0.5989010989010989,0.030554114172937866,13,-1.5149303028583003
ap_exp_20to40_fixed,good,observed,23,-0.5934065934065934,0.03252444027009699,13,-1.487790168700271
ap_exp_20to40_fixed,good,observed,24,-0.367032967032967,0.1967388717074885,14,-0.7061098236078471
ap_exp_20to40_fixed,good,observed,25,-0.02417582417582418,0.9346189946036425,14,-0.029365396896425124
ap_exp_20to40_fixed,good,observed,26,-0.08391608391608392,0.7954145018538977,12,-0.09940649529910545
ap_exp_20to40_fixed,good,observed,27,0.035714285714285705,0.8994469934720875,15,0.046024425560106726
ap_exp_20to40_fixed,good,observed,28,0.02647058823529412,0.9224805705017287,16,0.03504277228299156
ap_exp_20to40_fixed,good,observed,29,-0.02941176470588235,0.9138955872505001,16,-0.039103419661395473
ap_exp_20to40_fixed,good,observed,30,0.09172932330827067,0.7005157258604466,20,0.15458211080253892
ap_exp_20to40_fixed,good,observed,31,0.005159958720330237,0.9837879533049654,18,0.007098499773445884
ap_exp_20to40_fixed,good,observed,32,-0.03333333333333333,0.8922406862320766,19,-0.04951797678684549
ap_exp_20to40_fixed,good,observed,33,0.010526315789473684,0.9658856101969363,19,0.015074304021228587
ap_exp_20to40_fixed,good,observed,34,0.017543859649122806,0.9449151835129637,18,0.024607172427702235
ap_exp_20to40_fixed,good,observed,35,0.09824561403508772,0.6890532888528581,19,0.1617471900519958
ap_exp_20to40_fixed,good,observed,36,0.0912280701754386,0.7103145534384594,19,0.14854928709724532
ap_exp_20to40_fixed,good,observed,37,-0.025974025974025972,0.9110154373730974,21,-0.040474263741439254
ap_exp_20to40_fixed,good,observed,38,-0.04805194805194805,0.8361372099212369,21,-0.07772244908960131
ap_exp_20to40_fixed,good,observed,39,0.09649122807017543,0.6943484389585837,19,0.15842253654580304
ap_exp_20to40_fixed,good,observed,40,-0.02631578947368421,0.9148378965354744,19,-0.03865585334015896
ap_exp_20to40_fixed,good,observed,41,-0.10526315789473684,0.6587277693915812,20,-0.18129402801237618
ap_exp_20to40_fixed,good,observed,42,-0.08070175438596491,0.7425898686237979,19,-0.1292509802792563
ap_exp_20to40_fixed,good,observed,43,-0.15583075335397317,0.5369306230900768,18,-0.2700818259496427
ap_exp_20to40_fixed,good,observed,44,-0.21954887218045113,0.352345677311515,20,-0.45303105219643264
ap_exp_20to40_fixed,good,observed,45,-0.30701754385964913,0.20105403233018002,19,-0.6966872122840987
ap_exp_20to40_fixed,good,observed,46,-0.3666666666666667,0.12256059977421564,19,-0.9116491224014608
ap_exp_20to40_fixed,good,observed,47,-0.101072840203275,0.6544778869223145,22,-0.18410502252782404
ap_exp_20to40_fixed,good,observed,48,-0.14805194805194805,0.5218737233561959,21,-0.2824345695723948
ap_exp_20to40_fixed,good,observed,49,-0.2440711462450593,0.2617235917853156,23,-0.5821571282566068
ap_exp_20to40_fixed,good,observed,50,-0.248695652173913,0.2412617668879545,24,-0.6175114959328313
ap_exp_20to40_fixed,good,observed,51,-0.35844155844155845,0.11058955072221294,21,-0.9562859062869273
ap_exp_20to40_fixed,good,observed,52,-0.41798418972332013,0.04717485486789243,23,-1.3262894272556738
ap_exp_20to40_fixed,good,observed,53,-0.4624505928853756,0.030231878253170964,22,-1.5195348700352898
ap_exp_20to40_fixed,good,observed,54,-0.5194805194805194,0.015801475731140078,21,-1.8013023515289681
ap_exp_20to40_fixed,good,observed,55,-0.4568040654997177,0.03258298091373665,22,-1.48700918598313
ap_exp_20to40_fixed,good,observed,56,-0.5087719298245614,0.031068538407296162,18,-1.507679177275336
ap_exp_20to40_fixed,good,observed,57,-0.41754385964912283,0.07527978766753009,19,-1.123321614540285
ap_exp_20to40_fixed,good,observed,58,-0.47058823529411764,0.0565941087969964,17,-1.2472287746441828
ap_exp_20to40_fixed,good,observed,59,-0.46491228070175433,0.04489612659323345,19,-1.3477911260734816
ap_exp_20to40_fixed,good,observed,60,-0.3294117647058824,0.21280142621621312,16,-0.6720254656826486
ap_exp_20to40_fixed,good,observed,61,-0.42142857142857143,0.11769939585541649,15,-0.9292257663607477
ap_exp_20to40_fixed,good,observed,62,-0.5392156862745099,0.025503680315881926,17,-1.5933971440543149
ap_exp_20to40_fixed,good,observed,63,-0.457142857142857,0.08667812662416982,15,-1.0620904836648368
ap_exp_20to40_fixed,good,observed,64,-0.5648351648351648,0.03533018486755279,14,-1.4518540900843167
ap_exp_20to40_fixed,good,observed,65,-0.3411764705882353,0.1959326248678891,16,-0.7078932433293905
ap_exp_20to40_fixed,good,observed,66,-0.25,0.3503914791072017,16,-0.4554464636389983
ap_exp_20to40_fixed,good,observed,67,-0.3934065934065934,0.16403157340077784,14,-0.7850725493061731
ap_exp_20to40_fixed,good,observed,68,-0.36363636363636365,0.2716375409938228,11,-0.5660102096500258
ap_exp_20to40_fixed,good,observed,69,-0.5494505494505494,0.05177062555916269,13,-1.2859165872829483
ap_exp_20to40_fixed,good,observed,70,-0.6090909090909091,0.04669570935409886,11,-1.3307230228481424
ap_exp_20to40_fixed,good,observed,71,-0.4461538461538462,0.10980712780122508,14,-0.9593694680437747
Amp_Mean,poor,observed,12,,,9,
Amp_Mean,poor,observed,13,,,9,
Amp_Mean,poor,observed,14,,,8,
Amp_Mean,poor,observed,15,0.3272727272727273,0.32589494101284167,11,0.48692238119567177
Amp_Mean,poor,observed,16,0.06293706293706294,0.8459309212287789,12,0.07266510002722608
Amp_Mean,poor,observed,17,0.0934065934065934,0.7615000227827016,13,0.11833007933463405
Amp_Mean,poor,observed,18,-0.06043956043956044,0.8445023706449684,13,-0.07339912696143523
Amp_Mean,poor,observed,19,0.008823529411764706,0.9741279946623942,16,0.011383975643453706
Amp_Mean,poor,observed,20,0.2964285714285714,0.28335542843426287,15,0.5476684628655658
Amp_Mean,poor,observed,21,0.20357142857142854,0.46679507248911234,15,0.3308737370355854
Amp_Mean,poor,observed,22,-0.06127450980392158,0.8152828502754565,17,-0.08869169309737339
Amp_Mean,poor,observed,23,0.15357142857142855,0.5847640949410158,15,0.2330193013164462
Amp_Mean,poor,observed,24,0.2823529411764706,0.2893498290632739,16,0.5385767698647986
Amp_Mean,poor,observed,25,0.3147058823529411,0.23515831926634445,16,0.628639652480067
Amp_Mean,poor,observed,26,0.29901960784313725,0.24365533759455604,17,0.6132240703796629
Amp_Mean,poor,observed,27,0.08088235294117649,0.7576329086921563,17,0.1205411694944752
Amp_Mean,poor,observed,28,-0.02058823529411765,0.9396737397890448,16,-0.02702290980961651
Amp_Mean,poor,observed,29,-0.0029411764705882353,0.9913748045563624,16,-0.0037621227328513045
Amp_Mean,poor,observed,30,0.1464285714285714,0.602549920983054,15,0.22000696616497636
Amp_Mean,poor,observed,31,-0.06176470588235294,0.8202418775044894,16,-0.08605806154837053
Amp_Mean,poor,observed,32,0.1647058823529412,0.5421481352010777,16,0.26588203170823416
Amp_Mean,poor,observed,33,0.1264705882352941,0.6406944408168836,16,0.19334904428194247
Amp_Mean,poor,observed,34,0.25000000000000006,0.3331701359154763,17,0.47733393400108465
Amp_Mean,poor,observed,35,0.3787409700722394,0.12116422586370862,18,0.9166255881182751
Amp_Mean,poor,observed,36,0.41666666666666674,0.09615710991420598,17,1.0170185982445665
Amp_Mean,poor,observed,37,0.2377450980392157,0.35817139991630287,17,0.44590909563501324
Amp_Mean,poor,observed,38,0.303921568627451,0.23563584127730533,17,0.627758650705421
Amp_Mean,poor,observed,39,0.3614035087719299,0.12843517785910147,19,0.891316008528277
Amp_Mean,poor,observed,40,0.4179566563467492,0.08435264811978456,18,1.0739012788631497
Amp_Mean,poor,observed,41,0.3382352941176471,0.18421188285210166,17,0.7346823584461968
Amp_Mean,poor,observed,42,0.4205882352941176,0.10476751392918707,16,0.9797733615167551
Amp_Mean,poor,observed,43,0.45054945054945056,0.10593278527264058,14,0.974969608736442
Amp_Mean,poor,observed,44,0.4357142857142856,0.10449335704406641,15,0.9809113180774015
Amp_Mean,poor,observed,45,0.4142857142857142,0.12471544223657098,15,0.9040797689519576
Amp_Mean,poor,observed,46,0.45494505494505494,0.10215352669182914,14,0.9907466354303391
Amp_Mean,poor,observed,47,0.24725274725274726,0.4154051197255382,13,0.38152815523749095
Amp_Mean,poor,observed,48,0.39780219780219783,0.1589507745108348,14,0.7987373515808394
Amp_Mean,poor,observed,49,0.1956043956043956,0.5027500912969567,14,0.29864784186546034
Amp_Mean,poor,observed,50,0.0934065934065934,0.7615000227827016,13,0.11833007933463405
Amp_Mean,poor,observed,51,0.2351648351648352,0.4183338961985912,14,0.3784769445621009
Amp_Mean,poor,observed,52,-0.054945054945054944,0.8585042942308735,13,-0.06625752816048099
Amp_Mean,poor,observed,53,-0.014285714285714282,0.9596997645989476,15,-0.017864611722635263
Amp_Mean,poor,observed,54,0.07058823529411765,0.795039302337628,16,0.09961140170018679
Amp_Mean,poor,observed,55,0.2928571428571428,0.289471667212401,15,0.5383939375513025
Amp_Mean,poor,observed,56,-0.008823529411764706,0.9741279946623942,16,-0.011383975643453706
Amp_Mean,poor,observed,57,0.2923076923076923,0.3105263203858819,14,0.5079015828822612
Amp_Mean,poor,observed,58,0.06043956043956044,0.8445023706449684,13,0.07339912696143523
Amp_Mean,poor,observed,59,0.16483516483516483,0.5733464050131383,14,0.2415829062533454
Amp_Mean,poor,observed,60,0.08823529411764705,0.7452220943671326,16,0.12771427760901807
Amp_Mean,poor,observed,61,0.31176470588235294,0.23980004767411284,16,0.6201507348960439
Amp_Mean,poor,observed,62,0.3054945054945055,0.2881698858754571,14,0.5403514054840255
Amp_Mean,poor,observed,63,0.2657342657342658,0.40383308831471165,12,0.3937980997465938
Amp_Mean,poor,observed,64,0.06293706293706294,0.8459309212287789,12,0.07266510002722608
Amp_Mean,poor,observed,65,0.17272727272727276,0.6115423848512369,11,0.21357343745173676
Amp_Mean,poor,observed,66,,,9,
Amp_Mean,poor,observed,67,0.31468531468531474,0.31913878550330455,12,0.49602041201939817
Amp_Mean,poor,observed,68,0.46153846153846156,0.13094806950717278,12,0.8829008997478153
Amp_Mean,poor,observed,69,,,9,
Amp_Mean,poor,observed,70,,,9,
Amp_Mean,poor,observed,71,0.6242424242424242,0.053717767217167395,10,1.2698820471093484
Amp_Mean,poor,observed,72,0.3846153846153847,0.21702022575997748,12,0.6634997890702861
BCI,poor,observed,12,,,9,
BCI,poor,observed,13,,,9,
BCI,poor,observed,14,,,8,
BCI,poor,observed,15,0.3272727272727273,0.32589494101284167,11,0.48692238119567177
BCI,poor,observed,16,-0.06293706293706294,0.8459309212287789,12,-0.07266510002722608
BCI,poor,observed,17,-0.07142857142857142,0.816628040676086,13,-0.08797571172405128
BCI,poor,observed,18,-0.1758241758241758,0.5655798619595345,13,-0.24750606242818476
BCI,poor,observed,19,-0.11176470588235293,0.6802736949858406,16,-0.16731632213566747
BCI,poor,observed,20,0.12142857142857141,0.6664011137233894,15,0.17626428578566528
BCI,poor,observed,21,0.08928571428571427,0.751672517350277,15,0.12397132813798652
BCI,poor,observed,22,-0.058823529411764705,0.8225588681711514,17,-0.0848330110594202
BCI,poor,observed,23,0.11428571428571425,0.6850657626568972,15,0.16426773655408408
BCI,poor,observed,24,0.12058823529411765,0.6564245147485952,16,0.18281520820816746
BCI,poor,observed,25,0.27058823529411763,0.31076062710233504,16,0.5075740108343881
BCI,poor,observed,26,0.25490196078431376,0.32346003406511037,17,0.4901793720501059
BCI,poor,observed,27,0.2132352941176471,0.4112256782090655,17,0.3859197744692124
BCI,poor,observed,28,0.13823529411764704,0.6096659407501825,16,0.2149080663482938
BCI,poor,observed,29,0.049999999999999996,0.8540995521297436,16,0.06849150586740885
BCI,poor,observed,30,0.03214285714285714,0.9094621170945906,15,0.04121538640745461
BCI,poor,observed,31,-0.12058823529411765,0.6564245147485952,16,-0.18281520820816746
BCI,poor,observed,32,0.02941176470588235,0.9138955872505001,16,0.039103419661395473
BCI,poor,observed,33,0.17058823529411765,0.527609768861268,16,0.27768717195192943
BCI,poor,observed,34,0.3308823529411765,0.1945425282666128,17,0.7109854443508224
BCI,poor,observed,35,0.42002063983488136,0.08267356720316324,18,1.0826333230081748
BCI,poor,observed,36,0.32107843137254904,0.208898183250939,17,0.6800653369824635
BCI,poor,observed,37,0.21078431372549022,0.416749848551334,17,0.3801245493243887
BCI,poor,observed,38,0.3137254901960785,0.22010439650726998,17,0.6573712824817393
BCI,poor,observed,39,0.31578947368421056,0.18782145580900952,19,0.7262547975480341
BCI,poor,observed,40,0.40350877192982454,0.09680965248246652,18,1.014081338860195
BCI,poor,observed,41,0.34558823529411764,0.17425156925856997,17,0.7588233020835035
BCI,poor,observed,42,0.36764705882352944,0.1612323576755899,16,0.7925477953489221
BCI,poor,observed,43,0.44175824175824174,0.11377750302872344,14,0.943943601529279
BCI,poor,observed,44,0.2607142857142857,0.34797945986279355,15,0.45844639033938106
BCI,poor,observed,45,0.24642857142857136,0.37595051597380524,15,0.42486931478988216
BCI,poor,observed,46,0.1824175824175824,0.5325088185186945,14,0.27367319577223737
BCI,poor,observed,47,0.0,1.0,13,-0.0
BCI,poor,observed,48,0.1384615384615385,0.6368849912650183,14,0.1959389855115532
BCI,poor,observed,49,0.1384615384615385,0.6368849912650183,14,0.1959389855115532
BCI,poor,observed,50,0.016483516483516484,0.9573761750901849,13,0.018917384411631984
BCI,poor,observed,51,-0.02857142857142857,0.9227613765698746,14,-0.03491059175564594
BCI,poor,observed,52,-0.13186813186813187,0.6676075762175147,13,-0.17547874345655584
BCI,poor,observed,53,-0.16785714285714282,0.5498555542278019,15,-0.25975138367094486
BCI,poor,observed,54,-0.11176470588235293,0.6802736949858406,16,-0.16731632213566747
BCI,poor,observed,55,0.22499999999999998,0.420104686907635,15,0.37664247321856953
BCI,poor,observed,56,-0.08529411764705883,0.7534650694747833,16,-0.12293687670832577
BCI,poor,observed,57,0.1252747252747253,0.6695823965448444,14,0.17419597255352254
BCI,poor,observed,58,-0.054945054945054944,0.8585042942308735,13,-0.06625752816048099
BCI,poor,observed,59,-0.01978021978021978,0.9464892274080114,14,-0.023884324651986533
BCI,poor,observed,60,-0.01764705882352941,0.9482801500547112,16,-0.023063340247392154
BCI,poor,observed,61,0.27941176470588236,0.29461765356841446,16,0.5307412336724648
BCI,poor,observed,62,0.3098901098901099,0.2809332808692584,14,0.551396808887754
BCI,poor,observed,63,0.2797202797202798,0.37856866966230307,12,0.4218553310901384
BCI,poor,observed,64,0.2797202797202798,0.37856866966230307,12,0.4218553310901384
BCI,poor,observed,65,0.13636363636363638,0.6893090205863619,11,0.1615860381092562
BCI,poor,observed,66,,,9,
BCI,poor,observed,67,0.20979020979020982,0.5128409431818263,12,0.2900173097604524
BCI,poor,observed,68,0.17482517482517487,0.5868236643627043,12,0.2314923810337392
BCI,poor,observed,69,,,9,
BCI,poor,observed,70,,,9,
BCI,poor,observed,71,0.4545454545454545,0.186904810349332,10,0.7283795210861914
BCI,poor,observed,72,0.1328671328671329,0.6805975082860818,12,0.1671096452190311
PowerAbs_Alpha,poor,observed,12,,,9,
PowerAbs_Alpha,poor,observed,13,,,9,
PowerAbs_Alpha,poor,observed,14,,,8,
PowerAbs_Alpha,poor,observed,15,0.20000000000000004,0.5554454421055854,11,0.2553585926297126
PowerAbs_Alpha,poor,observed,16,-0.27272727272727276,0.3910967709418962,12,-0.4077157697494941
PowerAbs_Alpha,poor,observed,17,-0.19780219780219782,0.51713091148483,13,-0.2863995015123027
PowerAbs_Alpha,poor,observed,18,-0.30769230769230765,0.3064470525125291,13,-0.5136445514490882
PowerAbs_Alpha,poor,observed,19,-0.15294117647058825,0.5717446192454616,16,-0.24279791389742827
PowerAbs_Alpha,poor,observed,20,-0.028571428571428564,0.9194899083821857,15,-0.03645303288374049
PowerAbs_Alpha,poor,observed,21,-0.0035714285714285704,0.9899214068809781,15,-0.004399284102267252
PowerAbs_Alpha,poor,observed,22,-0.29411764705882354,0.2518444167529261,17,-0.5988676727605007
PowerAbs_Alpha,poor,observed,23,0.03214285714285714,0.9094621170945906,15,0.04121538640745461
PowerAbs_Alpha,poor,observed,24,0.1647058823529412,0.5421481352010777,16,0.26588203170823416
PowerAbs_Alpha,poor,observed,25,0.08529411764705883,0.7534650694747833,16,0.12293687670832577
PowerAbs_Alpha,poor,observed,26,-0.009803921568627453,0.9702105713958575,17,-0.01313399761979383
PowerAbs_Alpha,poor,observed,27,-0.058823529411764705,0.8225588681711514,17,-0.0848330110594202
PowerAbs_Alpha,poor,observed,28,-0.09999999999999999,0.7125163701282782,16,-0.14720515324968597
PowerAbs_Alpha,poor,observed,29,-0.15588235294117647,0.5642819694728023,16,-0.24850382653940672
PowerAbs_Alpha,poor,observed,30,-0.03214285714285714,0.9094621170945906,15,-0.04121538640745461
PowerAbs_Alpha,poor,observed,31,-0.1647058823529412,0.5421481352010777,16,-0.26588203170823416
PowerAbs_Alpha,poor,observed,32,0.0029411764705882353,0.9913748045563624,16,0.0037621227328513045
PowerAbs_Alpha,poor,observed,33,0.008823529411764706,0.9741279946623942,16,0.011383975643453706
PowerAbs_Alpha,poor,observed,34,-0.04656862745098039,0.8591333762840925,17,-0.06593940882567242
PowerAbs_Alpha,poor,observed,35,0.06501547987616099,0.7977151313810279,18,0.09815216999846539
PowerAbs_Alpha,poor,observed,36,0.04901960784313726,0.8517943990009383,17,0.06966521996898871
PowerAbs_Alpha,poor,observed,37,-0.09068627450980393,0.7292353374489888,17,-0.13713229436805743
PowerAbs_Alpha,poor,observed,38,-0.02450980392156863,0.9256077760199253,17,-0.03357300553820048
PowerAbs_Alpha,poor,observed,39,0.007017543859649123,0.9772535735987999,19,0.00999273277455722
PowerAbs_Alpha,poor,observed,40,0.12280701754385966,0.6273461454239682,18,0.20249276607989222
PowerAbs_Alpha,poor,observed,41,0.03186274509803922,0.9033768447188891,17,0.044131045432464155
PowerAbs_Alpha,poor,observed,42,0.14705882352941177,0.5867933937012053,16,0.23151478422081825
PowerAbs_Alpha,poor,observed,43,0.2043956043956044,0.4833462230422234,14,0.3157416707161321
PowerAbs_Alpha,poor,observed,44,0.0964285714285714,0.7324528633867308,15,0.13522031886426925
PowerAbs_Alpha,poor,observed,45,0.07142857142857141,0.8002959873970544,15,0.09674936060908546
PowerAbs_Alpha,poor,observed,46,0.08131868131868132,0.7822747512440957,14,0.10664068684757368
PowerAbs_Alpha,poor,observed,47,-0.09890109890109891,0.7478683035983906,13,-0.12617487279878573
PowerAbs_Alpha,poor,observed,48,0.15604395604395604,0.594234700580851,14,0.2260419909861472
PowerAbs_Alpha,poor,observed,49,0.0945054945054945,0.7479382611415478,14,0.12613424966515466
PowerAbs_Alpha,poor,observed,50,-0.07692307692307691,0.8027630076692551,13,-0.09541264856032472
PowerAbs_Alpha,poor,observed,51,0.032967032967032975,0.910918653071845,14,0.040520404694867534
PowerAbs_Alpha,poor,observed,52,-0.0934065934065934,0.7615000227827016,13,-0.11833007933463405
PowerAbs_Alpha,poor,observed,53,-0.18928571428571428,0.49926303323854526,15,-0.30167058907178074
PowerAbs_Alpha,poor,observed,54,-0.17352941176470588,0.5204075144487408,16,-0.28365644104961174
PowerAbs_Alpha,poor,observed,55,0.07142857142857141,0.8002959873970544,15,0.09674936060908546
PowerAbs_Alpha,poor,observed,56,-0.0823529411764706,0.761733078752474,16,-0.11819718447785271
PowerAbs_Alpha,poor,observed,57,0.0989010989010989,0.7365853699253172,14,0.1327769113619142
PowerAbs_Alpha,poor,observed,58,-0.15934065934065936,0.6030877531318972,13,-0.21961949063241482
PowerAbs_Alpha,poor,observed,59,-0.09010989010989012,0.7593388378159541,14,-0.11956438674423242
PowerAbs_Alpha,poor,observed,60,-0.11470588235294117,0.672291046599723,16,-0.1724426725296388
PowerAbs_Alpha,poor,observed,61,0.1264705882352941,0.6406944408168836,16,0.19334904428194247
PowerAbs_Alpha,poor,observed,62,0.18681318681318684,0.5225040123791591,14,0.2819103701978894
PowerAbs_Alpha,poor,observed,63,0.04895104895104895,0.8799185788786749,12,0.05555751237217404
PowerAbs_Alpha,poor,observed,64,-0.16083916083916086,0.6175234895401425,12,-0.20934651793284345
PowerAbs_Alpha,poor,observed,65,-0.06363636363636364,0.8525390725425217,11,-0.06928570781845114
PowerAbs_Alpha,poor,observed,66,,,9,
PowerAbs_Alpha,poor,observed,67,-0.07692307692307693,0.8121826980280591,12,-0.09034626654627316
PowerAbs_Alpha,poor,observed,68,0.02097902097902098,0.9484022252365223,12,0.023007435707336574
PowerAbs_Alpha,poor,observed,69,,,9,
PowerAbs_Alpha,poor,observed,70,,,9,
PowerAbs_Alpha,poor,observed,71,0.23636363636363633,0.5108853175152002,10,0.29167657845642647
PowerAbs_Alpha,poor,observed,72,0.1188811188811189,0.712884219214772,12,0.14698099895484662
PowerAbs_Beta,poor,observed,12,,,9,
PowerAbs_Beta,poor,observed,13,,,9,
PowerAbs_Beta,poor,observed,14,,,8,
PowerAbs_Beta,poor,observed,15,0.18181818181818182,0.5926152128455,11,0.2272272040708636
PowerAbs_Beta,poor,observed,16,-0.2867132867132868,0.36625146058358227,12,-0.4362206347002906
PowerAbs_Beta,poor,observed,17,-0.15934065934065936,0.6030877531318972,13,-0.21961949063241482
PowerAbs_Beta,poor,observed,18,-0.2802197802197803,0.35376363563367896,13,-0.451286811492149
PowerAbs_Beta,poor,observed,19,-0.14411764705882352,0.5943782881736932,16,-0.22593706314145015
PowerAbs_Beta,poor,observed,20,-0.10714285714285714,0.7039010016261615,15,-0.15248841681066663
PowerAbs_Beta,poor,observed,21,-0.014285714285714282,0.9596997645989476,15,-0.017864611722635263
PowerAbs_Beta,poor,observed,22,-0.3357843137254902,0.1876141178747958,17,-0.7267344842702543
PowerAbs_Beta,poor,observed,23,-0.1464285714285714,0.602549920983054,15,-0.22000696616497636
PowerAbs_Beta,poor,observed,24,-0.023529411764705882,0.931073583667659,16,-0.031015994939180124
PowerAbs_Beta,poor,observed,25,-0.12352941176470587,0.6485420669723405,16,-0.1880618486293522
PowerAbs_Beta,poor,observed,26,-0.18137254901960786,0.4860097755199285,17,-0.3133549953227555
PowerAbs_Beta,poor,observed,27,-0.20833333333333337,0.4223129818009653,17,-0.37436556826045986
PowerAbs_Beta,poor,observed,28,-0.33529411764705885,0.20425458084551512,16,-0.6898281947043801
PowerAbs_Beta,poor,observed,29,-0.4058823529411764,0.11879168453237476,16,-0.925213959086303
PowerAbs_Beta,poor,observed,30,-0.2178571428571428,0.43539267351553756,15,-0.3611188832382975
PowerAbs_Beta,poor,observed,31,-0.18823529411764706,0.4850866091454682,16,-0.31418071394227304
PowerAbs_Beta,poor,observed,32,-0.07352941176470588,0.7866792491258565,16,-0.10420230541621595
PowerAbs_Beta,poor,observed,33,-0.03823529411764706,0.8881976539853073,16,-0.051490378271756385
PowerAbs_Beta,poor,observed,34,0.029411764705882353,0.9107803991169198,17,0.04058632439743145
PowerAbs_Beta,poor,observed,35,0.10629514963880288,0.6746395315456968,18,0.1709282142450312
PowerAbs_Beta,poor,observed,36,0.07598039215686275,0.7719448512425434,17,0.11241372512613591
PowerAbs_Beta,poor,observed,37,0.012254901960784315,0.9627675753886973,17,0.016478544557053044
PowerAbs_Beta,poor,observed,38,0.08578431372549021,0.7433950261372769,17,0.12878034898196733
PowerAbs_Beta,poor,observed,39,0.10350877192982455,0.6732515278554065,19,0.17182265234137686
PowerAbs_Beta,poor,observed,40,0.17027863777089783,0.49934109695673956,18,0.30160268900789644
PowerAbs_Beta,poor,observed,41,0.06617647058823531,0.800774094340852,17,0.0964899850627041
PowerAbs_Beta,poor,observed,42,0.26176470588235295,0.3274104118125859,16,0.48490751392574416
PowerAbs_Beta,poor,observed,43,0.389010989010989,0.16921738979769044,14,0.7715550082880974
PowerAbs_Beta,poor,observed,44,0.2642857142857143,0.3411737579900821,15,0.4670243807823328
PowerAbs_Beta,poor,observed,45,0.2714285714285714,0.3277893068411727,15,0.4844052181103033
PowerAbs_Beta,poor,observed,46,0.221978021978022,0.44562965795360865,14,0.351025913307898
PowerAbs_Beta,poor,observed,47,0.13186813186813187,0.6676075762175147,13,0.17547874345655584
PowerAbs_Beta,poor,observed,48,0.3406593406593406,0.23331605103682404,14,0.6320553827796105
PowerAbs_Beta,poor,observed,49,0.1912087912087912,0.5125839704707784,14,0.2902349791992541
PowerAbs_Beta,poor,observed,50,0.06043956043956044,0.8445023706449684,13,0.07339912696143523
PowerAbs_Beta,poor,observed,51,0.1384615384615385,0.6368849912650183,14,0.1959389855115532
PowerAbs_Beta,poor,observed,52,0.0,1.0,13,-0.0
PowerAbs_Beta,poor,observed,53,0.007142857142857141,0.9798442277615982,15,0.00884296145112686
PowerAbs_Beta,poor,observed,54,0.02941176470588235,0.9138955872505001,16,0.039103419661395473
PowerAbs_Beta,poor,observed,55,0.33571428571428563,0.22121153763932594,15,0.6551922254576658
PowerAbs_Beta,poor,observed,56,0.05294117647058824,0.8456104411493658,16,0.07282966322953369
PowerAbs_Beta,poor,observed,57,0.42857142857142855,0.1262738881593127,14,0.8986864467586029
PowerAbs_Beta,poor,observed,58,0.2747252747252747,0.3636749816401784,13,0.4392865744177619
PowerAbs_Beta,poor,observed,59,0.26153846153846155,0.3664111370667421,14,0.4360313344225192
PowerAbs_Beta,poor,observed,60,0.27941176470588236,0.29461765356841446,16,0.5307412336724648
PowerAbs_Beta,poor,observed,61,0.5088235294117647,0.04413521823498383,16,1.355214721619638
PowerAbs_Beta,poor,observed,62,0.46373626373626364,0.09487633150889971,14,1.0228421160987295
PowerAbs_Beta,poor,observed,63,0.4825174825174825,0.11210929146889191,12,0.9503583921646476
PowerAbs_Beta,poor,observed,64,0.3916083916083916,0.2080634636953532,12,0.6818041759565485
PowerAbs_Beta,poor,observed,65,0.33636363636363636,0.31182431390038623,11,0.5060900245510052
PowerAbs_Beta,poor,observed,66,,,9,
PowerAbs_Beta,poor,observed,67,0.3846153846153847,0.21702022575997748,12,0.6634997890702861
PowerAbs_Beta,poor,observed,68,0.44755244755244755,0.14458630130334754,12,0.8398728519252052
PowerAbs_Beta,poor,observed,69,,,9,
PowerAbs_Beta,poor,observed,70,,,9,
PowerAbs_Beta,poor,observed,71,0.5393939393939393,0.1075931877824148,10,0.9682152249722612
PowerAbs_Beta,poor,observed,72,0.20979020979020982,0.5128409431818263,12,0.2900173097604524
PowerAbs_Delta,poor,observed,12,,,9,
PowerAbs_Delta,poor,observed,13,,,9,
PowerAbs_Delta,poor,observed,14,,,8,
PowerAbs_Delta,poor,observed,15,0.26363636363636367,0.4334407376116145,11,0.3630702732457967
PowerAbs_Delta,poor,observed,16,-0.10489510489510491,0.7456094809807079,12,-0.12748857824068238
PowerAbs_Delta,poor,observed,17,0.049450549450549455,0.8725444288811492,13,0.05921245006887691
PowerAbs_Delta,poor,observed,18,-0.16483516483516483,0.590478988652005,13,-0.22879555152183248
PowerAbs_Delta,poor,observed,19,-0.055882352941176466,0.8371372217954723,16,-0.07720334752169052
PowerAbs_Delta,poor,observed,20,0.24285714285714283,0.38312834183934175,15,0.4166557199846723
PowerAbs_Delta,poor,observed,21,0.1964285714285714,0.4828987562716336,15,0.31614391314399426
PowerAbs_Delta,poor,observed,22,-0.13970588235294118,0.5928010818860754,17,-0.22709101242291882
PowerAbs_Delta,poor,observed,23,0.2571428571428571,0.35486036365060913,15,0.4499425067362144
PowerAbs_Delta,poor,observed,24,0.27058823529411763,0.31076062710233504,16,0.5075740108343881
PowerAbs_Delta,poor,observed,25,0.21470588235294116,0.4245592336201027,16,0.37206170933114124
PowerAbs_Delta,poor,observed,26,0.09313725490196079,0.7221860910253712,17,0.1413508801422292
PowerAbs_Delta,poor,observed,27,-0.012254901960784315,0.9627675753886973,17,-0.016478544557053044
PowerAbs_Delta,poor,observed,28,-0.07058823529411765,0.795039302337628,16,-0.09961140170018679
PowerAbs_Delta,poor,observed,29,-0.032352941176470584,0.9053195187918449,16,-0.04319811609011541
PowerAbs_Delta,poor,observed,30,0.11785714285714284,0.6757115292213043,15,0.17023867093076475
PowerAbs_Delta,poor,observed,31,-0.1176470588235294,0.6643410791623536,16,-0.17760889236961602
PowerAbs_Delta,poor,observed,32,0.12352941176470587,0.6485420669723405,16,0.1880618486293522
PowerAbs_Delta,poor,observed,33,0.0823529411764706,0.761733078752474,16,0.11819718447785271
PowerAbs_Delta,poor,observed,34,0.12500000000000003,0.6326406085600336,17,0.19884293460254754
PowerAbs_Delta,poor,observed,35,0.28586171310629516,0.25016959354548063,18,0.601765477048239
PowerAbs_Delta,poor,observed,36,0.2034313725490196,0.4335552308263205,17,0.3629555696636317
PowerAbs_Delta,poor,observed,37,0.11764705882352941,0.6529334399539918,17,0.18513108845543033
PowerAbs_Delta,poor,observed,38,0.17401960784313728,0.5041495460552974,17,0.2974406195206971
PowerAbs_Delta,poor,observed,39,0.20175438596491227,0.4075051414152554,19,0.38986690747814307
PowerAbs_Delta,poor,observed,40,0.26109391124871,0.2953326016338095,18,0.5296886088149794
PowerAbs_Delta,poor,observed,41,0.14215686274509806,0.586262862651232,17,0.23190761571878502
PowerAbs_Delta,poor,observed,42,0.29411764705882354,0.268846554622893,16,0.570495524810271
PowerAbs_Delta,poor,observed,43,0.3274725274725274,0.2530710007719406,14,0.5967576174900217
PowerAbs_Delta,poor,observed,44,0.2285714285714285,0.41256617049636035,15,0.38450638607952736
PowerAbs_Delta,poor,observed,45,0.2642857142857143,0.3411737579900821,15,0.4670243807823328
PowerAbs_Delta,poor,observed,46,0.2175824175824176,0.4549193731700327,14,0.34206556793661375
PowerAbs_Delta,poor,observed,47,-0.04395604395604395,0.8866190227890784,13,-0.052262954963483745
PowerAbs_Delta,poor,observed,48,0.2043956043956044,0.4833462230422234,14,0.3157416707161321
PowerAbs_Delta,poor,observed,49,0.04175824175824176,0.8872869731890637,14,0.05193589458117909
PowerAbs_Delta,poor,observed,50,-0.0879120879120879,0.7751954088891221,13,-0.11058880806774582
PowerAbs_Delta,poor,observed,51,0.1032967032967033,0.725282211088945,14,0.13949297429704627
PowerAbs_Delta,poor,observed,52,-0.11538461538461539,0.7073898735142602,13,-0.15034116152488067
PowerAbs_Delta,poor,observed,53,-0.06428571428571428,0.8199479653196377,15,-0.08621370748407722
PowerAbs_Delta,poor,observed,54,-0.02058823529411765,0.9396737397890448,16,-0.02702290980961651
PowerAbs_Delta,poor,observed,55,0.15,0.5936302027425882,15,0.22648401111387095
PowerAbs_Delta,poor,observed,56,-0.02941176470588235,0.9138955872505001,16,-0.039103419661395473
PowerAbs_Delta,poor,observed,57,0.2835164835164835,0.32596594744177265,14,0.48682776683566786
PowerAbs_Delta,poor,observed,58,0.010989010989010988,0.971577682777073,13,0.012522469533934245
PowerAbs_Delta,poor,observed,59,0.09010989010989012,0.7593388378159541,14,0.11956438674423242
PowerAbs_Delta,poor,observed,60,0.05294117647058824,0.8456104411493658,16,0.07282966322953369
PowerAbs_Delta,poor,observed,61,0.2735294117647059,0.3053231563074052,16,0.5152402567063844
PowerAbs_Delta,poor,observed,62,0.2703296703296703,0.3499193863496043,14,0.45603199592399174
PowerAbs_Delta,poor,observed,63,0.22377622377622378,0.48445166145539886,12,0.3147495503170274
PowerAbs_Delta,poor,observed,64,0.055944055944055944,0.8628980736949712,12,0.06404050051434294
PowerAbs_Delta,poor,observed,65,0.19090909090909092,0.5739131682855215,11,0.2411538103669498
PowerAbs_Delta,poor,observed,66,,,9,
PowerAbs_Delta,poor,observed,67,0.18181818181818185,0.5717012385276553,12,0.24283086693363062
PowerAbs_Delta,poor,observed,68,0.30069930069930073,0.34225952894002465,12,0.46564445171563235
PowerAbs_Delta,poor,observed,69,,,9,
PowerAbs_Delta,poor,observed,70,,,9,
PowerAbs_Delta,poor,observed,71,0.5515151515151515,0.09840117666963498,10,1.0069997082955475
PowerAbs_Delta,poor,observed,72,0.2377622377622378,0.4568008526399232,12,0.3402730941307108
PowerAbs_Gamma,poor,observed,12,,,9,
PowerAbs_Gamma,poor,observed,13,,,9,
PowerAbs_Gamma,poor,observed,14,,,8,
PowerAbs_Gamma,poor,observed,15,0.36363636363636365,0.2716375409938228,11,0.5660102096500258
PowerAbs_Gamma,poor,observed,16,0.2657342657342658,0.40383308831471165,12,0.3937980997465938
PowerAbs_Gamma,poor,observed,17,0.3021978021978022,0.3156083662499549,13,0.500851492889641
PowerAbs_Gamma,poor,observed,18,0.049450549450549455,0.8725444288811492,13,0.05921245006887691
PowerAbs_Gamma,poor,observed,19,0.0058823529411764705,0.9827505044191351,16,0.0075567245962570905
PowerAbs_Gamma,poor,observed,20,0.07142857142857141,0.8002959873970544,15,0.09674936060908546
PowerAbs_Gamma,poor,observed,21,0.08928571428571427,0.751672517350277,15,0.12397132813798652
PowerAbs_Gamma,poor,observed,22,-0.2573529411764706,0.3186676476453986,17,-0.49666202551993976
PowerAbs_Gamma,poor,observed,23,-0.23928571428571427,0.39037931192023567,15,-0.40851320575163264
PowerAbs_Gamma,poor,observed,24,-0.18823529411764706,0.4850866091454682,16,-0.31418071394227304
PowerAbs_Gamma,poor,observed,25,-0.2588235294117647,0.3330723066336081,16,-0.4774614753130032
PowerAbs_Gamma,poor,observed,26,-0.21568627450980393,0.40574068863392776,17,-0.3917514380360629
PowerAbs_Gamma,poor,observed,27,-0.18382352941176472,0.4800344013399135,17,-0.31872763808954185
PowerAbs_Gamma,poor,observed,28,-0.26176470588235295,0.3274104118125859,16,-0.48490751392574416
PowerAbs_Gamma,poor,observed,29,-0.4705882352941176,0.06581947250108118,16,-1.1816456026066353
PowerAbs_Gamma,poor,observed,30,-0.38214285714285706,0.1598236299869673,15,-0.796359009663692
PowerAbs_Gamma,poor,observed,31,-0.1176470588235294,0.6643410791623536,16,-0.17760889236961602
PowerAbs_Gamma,poor,observed,32,-0.1264705882352941,0.6406944408168836,16,-0.19334904428194247
PowerAbs_Gamma,poor,observed,33,-0.08529411764705883,0.7534650694747833,16,-0.12293687670832577
PowerAbs_Gamma,poor,observed,34,-0.002450980392156863,0.992551188788469,17,-0.0032470861415745088
PowerAbs_Gamma,poor,observed,35,0.13725490196078433,0.5870615369663568,18,0.23131637274867137
PowerAbs_Gamma,poor,observed,36,0.012254901960784315,0.9627675753886973,17,0.016478544557053044
PowerAbs_Gamma,poor,observed,37,-0.02696078431372549,0.9181909009189737,17,-0.03706701531674188
PowerAbs_Gamma,poor,observed,38,0.07107843137254903,0.7863266619781206,17,0.10439699846108662
PowerAbs_Gamma,poor,observed,39,0.19473684210526312,0.4243459938790708,19,0.3722798935095407
PowerAbs_Gamma,poor,observed,40,0.27347781217750256,0.2721726853194866,18,0.5651554618301698
PowerAbs_Gamma,poor,observed,41,0.25980392156862747,0.31391716151942517,17,0.5031849412306498
PowerAbs_Gamma,poor,observed,42,0.44117647058823534,0.08715363626051081,16,1.0597144883597256
PowerAbs_Gamma,poor,observed,43,0.5252747252747253,0.05374750176788299,14,1.2696417173405001
PowerAbs_Gamma,poor,observed,44,0.3571428571428571,0.19127476343157904,15,0.7183423264986171
PowerAbs_Gamma,poor,observed,45,0.2928571428571428,0.289471667212401,15,0.5383939375513025
PowerAbs_Gamma,poor,observed,46,0.24835164835164836,0.39191953893845743,14,0.40680308446365054
PowerAbs_Gamma,poor,observed,47,0.15384615384615383,0.6157988686488814,13,0.21056111332174443
PowerAbs_Gamma,poor,observed,48,0.21318681318681318,0.4643028200397442,14,0.33319867854795404
PowerAbs_Gamma,poor,observed,49,0.22637362637362637,0.4364347945560526,14,0.36008063278278846
PowerAbs_Gamma,poor,observed,50,0.24725274725274726,0.4154051197255382,13,0.38152815523749095
PowerAbs_Gamma,poor,observed,51,0.2879120879120879,0.3181928710258003,14,0.4973095547612142
PowerAbs_Gamma,poor,observed,52,0.2802197802197803,0.35376363563367896,13,0.451286811492149
PowerAbs_Gamma,poor,observed,53,0.09285714285714285,0.742045009907367,15,0.12956975110703137
PowerAbs_Gamma,poor,observed,54,0.07352941176470588,0.7866792491258565,16,0.10420230541621595
PowerAbs_Gamma,poor,observed,55,0.3321428571428571,0.2264717590707243,15,0.644985946606686
PowerAbs_Gamma,poor,observed,56,0.28529411764705886,0.28413874015956303,16,0.5464695494853768
PowerAbs_Gamma,poor,observed,57,0.5340659340659341,0.0491599163719851,14,1.308388864581684
PowerAbs_Gamma,poor,observed,58,0.6263736263736264,0.02198860240988966,13,1.6578023734114593
PowerAbs_Gamma,poor,observed,59,0.4197802197802198,0.13510107382914271,14,0.869341199044455
PowerAbs_Gamma,poor,observed,60,0.28529411764705886,0.28413874015956303,16,0.5464695494853768
PowerAbs_Gamma,poor,observed,61,0.5235294117647059,0.03741264813014936,16,1.4269815506200685
PowerAbs_Gamma,poor,observed,62,0.4945054945054946,0.07224967403413257,14,1.1411641079554542
PowerAbs_Gamma,poor,observed,63,0.5874125874125874,0.044609296463363105,12,1.3505746259959661
PowerAbs_Gamma,poor,observed,64,0.5454545454545455,0.06661188226688902,12,1.1764482942132248
PowerAbs_Gamma,poor,observed,65,0.46363636363636374,0.15090149929248603,11,0.8213064452395279
PowerAbs_Gamma,poor,observed,66,,,9,
PowerAbs_Gamma,poor,observed,67,0.44055944055944063,0.15173503571673022,12,0.8189141287608032
PowerAbs_Gamma,poor,observed,68,0.5944055944055945,0.04152149441031855,12,1.3817270240787822
PowerAbs_Gamma,poor,observed,69,,,9,
PowerAbs_Gamma,poor,observed,70,,,9,
PowerAbs_Gamma,poor,observed,71,0.7333333333333332,0.01580059625057158,10,1.8013265242198067
PowerAbs_Gamma,poor,observed,72,0.3076923076923077,0.3305892594121097,12,0.4807112604252688
PowerAbs_Theta,poor,observed,12,,,9,
PowerAbs_Theta,poor,observed,13,,,9,
PowerAbs_Theta,poor,observed,14,,,8,
PowerAbs_Theta,poor,observed,15,0.20909090909090913,0.5372209352113229,11,0.26984707145083414
PowerAbs_Theta,poor,observed,16,-0.2447552447552448,0.4432619364501832,12,-0.35333956060093236
PowerAbs_Theta,poor,observed,17,-0.13186813186813187,0.6676075762175147,13,-0.17547874345655584
PowerAbs_Theta,poor,observed,18,-0.2692307692307692,0.37373304228189164,13,-0.4274385038460526
PowerAbs_Theta,poor,observed,19,-0.10294117647058824,0.7044103818167706,16,-0.15217425189199854
PowerAbs_Theta,poor,observed,20,0.035714285714285705,0.8994469934720875,15,0.046024425560106726
PowerAbs_Theta,poor,observed,21,0.06785714285714285,0.8101088187105131,15,0.09145664014446162
PowerAbs_Theta,poor,observed,22,-0.2058823529411765,0.4279148531427077,17,-0.36864263867156355
PowerAbs_Theta,poor,observed,23,0.18928571428571428,0.49926303323854526,15,0.30167058907178074
PowerAbs_Theta,poor,observed,24,0.16176470588235295,0.5494831434036929,16,0.2600456259685131
PowerAbs_Theta,poor,observed,25,0.10588235294117648,0.6963341050381157,16,0.15718233343689875
PowerAbs_Theta,poor,observed,26,0.02450980392156863,0.9256077760199253,17,0.03357300553820048
PowerAbs_Theta,poor,observed,27,-0.13480392156862747,0.6059663630124608,17,-0.21755148270421074
PowerAbs_Theta,poor,observed,28,-0.2058823529411765,0.4442846410521438,16,-0.3523387000870537
PowerAbs_Theta,poor,observed,29,-0.1411764705882353,0.6020026838819791,16,-0.22040157254195064
PowerAbs_Theta,poor,observed,30,0.024999999999999998,0.9295289708192378,15,0.03173706993634475
PowerAbs_Theta,poor,observed,31,-0.19999999999999998,0.45768790507519985,16,-0.3394305641479773
PowerAbs_Theta,poor,observed,32,0.08823529411764705,0.7452220943671326,16,0.12771427760901807
PowerAbs_Theta,poor,observed,33,-0.0588235294117647,0.8286807500332258,16,-0.08161274954950345
PowerAbs_Theta,poor,observed,34,-0.019607843137254905,0.9404583435037518,17,-0.026660436250884635
PowerAbs_Theta,poor,observed,35,0.1331269349845201,0.5984607651208833,18,0.22296431651912085
PowerAbs_Theta,poor,observed,36,0.08088235294117649,0.7576329086921563,17,0.1205411694944752
PowerAbs_Theta,poor,observed,37,-0.10294117647058824,0.6942047830993174,17,-0.1585123983475747
PowerAbs_Theta,poor,observed,38,-0.01715686274509804,0.947890881823222,17,-0.023241654380926326
PowerAbs_Theta,poor,observed,39,0.01754385964912281,0.9431706684765946,19,0.025409713762029384
PowerAbs_Theta,poor,observed,40,0.08771929824561403,0.7292587507339037,18,0.13711835086218382
PowerAbs_Theta,poor,observed,41,-0.014705882352941176,0.9553274855428822,17,-0.01984772707169741
PowerAbs_Theta,poor,observed,42,0.11470588235294117,0.672291046599723,16,0.1724426725296388
PowerAbs_Theta,poor,observed,43,0.05054945054945055,0.8637420361792153,14,0.06361594385434859
PowerAbs_Theta,poor,observed,44,-0.06785714285714285,0.8101088187105131,15,-0.09145664014446162
PowerAbs_Theta,poor,observed,45,-0.08928571428571427,0.751672517350277,15,-0.12397132813798652
PowerAbs_Theta,poor,observed,46,-0.032967032967032975,0.910918653071845,14,-0.040520404694867534
PowerAbs_Theta,poor,observed,47,-0.21428571428571427,0.4820544547023683,13,-0.3169038994355483
PowerAbs_Theta,poor,observed,48,0.032967032967032975,0.910918653071845,14,0.040520404694867534
PowerAbs_Theta,poor,observed,49,-0.11208791208791209,0.7028331631967695,14,-0.15314775449950788
PowerAbs_Theta,poor,observed,50,-0.13736263736263735,0.6545168402947126,13,-0.18407917485351755
PowerAbs_Theta,poor,observed,51,0.03736263736263736,0.899093096973967,14,0.04619533673311713
PowerAbs_Theta,poor,observed,52,-0.08241758241758242,0.788950927847518,13,-0.10295000873964455
PowerAbs_Theta,poor,observed,53,-0.18928571428571428,0.49926303323854526,15,-0.30167058907178074
PowerAbs_Theta,poor,observed,54,-0.16764705882352943,0.5348568245819433,16,-0.27176245838206425
PowerAbs_Theta,poor,observed,55,0.05357142857142857,0.8496099367776071,15,0.07078041685765529
PowerAbs_Theta,poor,observed,56,-0.15,0.5792486306642535,16,-0.23713498420291823
PowerAbs_Theta,poor,observed,57,0.01978021978021978,0.9464892274080114,14,0.023884324651986533
PowerAbs_Theta,poor,observed,58,-0.26373626373626374,0.3839365166506743,13,-0.41574057966254174
PowerAbs_Theta,poor,observed,59,-0.1164835164835165,0.6916912502331573,14,-0.16008771803173125
PowerAbs_Theta,poor,observed,60,-0.10882352941176471,0.688288293957414,16,-0.16222961663387628
PowerAbs_Theta,poor,observed,61,0.12058823529411765,0.6564245147485952,16,0.18281520820816746
PowerAbs_Theta,poor,observed,62,0.16923076923076924,0.5630172739962107,14,0.2494782803064714
PowerAbs_Theta,poor,observed,63,0.006993006993006993,0.9827917689028476,12,0.007538489488500038
PowerAbs_Theta,poor,observed,64,-0.16783216783216784,0.602099427786538,12,-0.2203317855303825
PowerAbs_Theta,poor,observed,65,-0.14545454545454548,0.6695786456420787,11,-0.17419840541457807
PowerAbs_Theta,poor,observed,66,,,9,
PowerAbs_Theta,poor,observed,67,-0.2867132867132868,0.36625146058358227,12,-0.4362206347002906
PowerAbs_Theta,poor,observed,68,-0.16083916083916086,0.6175234895401425,12,-0.20934651793284345
PowerAbs_Theta,poor,observed,69,,,9,
PowerAbs_Theta,poor,observed,70,,,9,
PowerAbs_Theta,poor,observed,71,0.1515151515151515,0.6760651759978538,10,0.17001143392259718
PowerAbs_Theta,poor,observed,72,-0.006993006993006993,0.9827917689028476,12,-0.007538489488500038
PowerRel_Alpha,poor,observed,12,,,9,
PowerRel_Alpha,poor,observed,13,,,9,
PowerRel_Alpha,poor,observed,14,,,8,
PowerRel_Alpha,poor,observed,15,-0.5454545454545455,0.08265095734417506,11,-1.0827521116402097
PowerRel_Alpha,poor,observed,16,-0.6783216783216784,0.0153173290532817,12,-1.814816957846391
PowerRel_Alpha,poor,observed,17,-0.6648351648351648,0.013165575845550252,13,-1.8805601406539563
PowerRel_Alpha,poor,observed,18,-0.6538461538461539,0.015348516732105476,13,-1.8139335880165697
PowerRel_Alpha,poor,observed,19,-0.17058823529411765,0.527609768861268,16,-0.27768717195192943
PowerRel_Alpha,poor,observed,20,-0.33928571428571425,0.2160289253419548,15,-0.6654880947965044
PowerRel_Alpha,poor,observed,21,-0.12857142857142856,0.6479163294665075,15,-0.1884810743719624
PowerRel_Alpha,poor,observed,22,-0.16666666666666669,0.5226031535880373,17,-0.28182797390117215
PowerRel_Alpha,poor,observed,23,-0.14285714285714282,0.6115222287644655,15,-0.21358775178503514
PowerRel_Alpha,poor,observed,24,-0.09411764705882353,0.7288144270239805,16,-0.13738303900584517
PowerRel_Alpha,poor,observed,25,-0.16764705882352943,0.5348568245819433,16,-0.27176245838206425
PowerRel_Alpha,poor,observed,26,-0.17892156862745098,0.4920209629048916,17,-0.30801639341155523
PowerRel_Alpha,poor,observed,27,-0.19117647058823534,0.46232612062451384,17,-0.335051568983236
PowerRel_Alpha,poor,observed,28,-0.13529411764705881,0.6173674089706418,16,-0.2094563007978871
PowerRel_Alpha,poor,observed,29,-0.3058823529411765,0.24925429892891857,16,-0.6033573426050445
PowerRel_Alpha,poor,observed,30,-0.1464285714285714,0.602549920983054,15,-0.22000696616497636
PowerRel_Alpha,poor,observed,31,-0.18235294117647058,0.49907485724580003,16,-0.3018343087843604
PowerRel_Alpha,poor,observed,32,-0.10294117647058824,0.7044103818167706,16,-0.15217425189199854
PowerRel_Alpha,poor,observed,33,-0.15588235294117647,0.5642819694728023,16,-0.24850382653940672
PowerRel_Alpha,poor,observed,34,-0.22794117647058826,0.37891058826948365,17,-0.421463258639602
PowerRel_Alpha,poor,observed,35,-0.3498452012383901,0.1546923218138582,18,-0.8105312420642244
PowerRel_Alpha,poor,observed,36,-0.16176470588235298,0.5350755062766513,17,-0.2715849289217642
PowerRel_Alpha,poor,observed,37,-0.12990196078431374,0.6192473366524134,17,-0.20813585261398274
PowerRel_Alpha,poor,observed,38,-0.13970588235294118,0.5928010818860754,17,-0.22709101242291882
PowerRel_Alpha,poor,observed,39,-0.11403508771929824,0.6420435738344661,19,-0.1924354964892585
PowerRel_Alpha,poor,observed,40,-0.12899896800825592,0.6099496263278286,18,-0.2147060304174401
PowerRel_Alpha,poor,observed,41,-0.17892156862745098,0.4920209629048916,17,-0.30801639341155523
PowerRel_Alpha,poor,observed,42,-0.13529411764705881,0.6173674089706418,16,-0.2094563007978871
PowerRel_Alpha,poor,observed,43,-0.2,0.49300373503999984,14,-0.3071497904568126
PowerRel_Alpha,poor,observed,44,-0.43214285714285705,0.10769303754639799,15,-0.9678123733308209
PowerRel_Alpha,poor,observed,45,-0.4107142857142856,0.12832864601574887,15,-0.8916763879125035
PowerRel_Alpha,poor,observed,46,-0.39780219780219783,0.1589507745108348,14,-0.7987373515808394
PowerRel_Alpha,poor,observed,47,-0.34065934065934067,0.2547064607541252,13,-0.5939600388044294
PowerRel_Alpha,poor,observed,48,-0.17362637362637365,0.5527669411422413,14,-0.2574579383343298
PowerRel_Alpha,poor,observed,49,-0.1076923076923077,0.7140308087262492,14,-0.14628304904855735
PowerRel_Alpha,poor,observed,50,-0.10989010989010989,0.7208097995138618,13,-0.14217931769233172
PowerRel_Alpha,poor,observed,51,-0.2967032967032967,0.30296672383870205,14,-0.5186050693420703
PowerRel_Alpha,poor,observed,52,0.054945054945054944,0.8585042942308735,13,0.06625752816048099
PowerRel_Alpha,poor,observed,53,-0.175,0.5327481481378592,15,-0.2734780512428675
PowerRel_Alpha,poor,observed,54,-0.07058823529411765,0.795039302337628,16,-0.09961140170018679
PowerRel_Alpha,poor,observed,55,-0.075,0.7905107941552679,15,-0.10209219554826288
PowerRel_Alpha,poor,observed,56,-0.0411764705882353,0.8796536149318311,16,-0.0556883082341365
PowerRel_Alpha,poor,observed,57,-0.23076923076923075,0.4273358616774501,14,-0.36923066001428206
PowerRel_Alpha,poor,observed,58,-0.23626373626373626,0.4370835438311814,13,-0.3594355443633518
PowerRel_Alpha,poor,observed,59,-0.3362637362637363,0.23979220225725306,14,-0.6201649437213583
PowerRel_Alpha,poor,observed,60,-0.1176470588235294,0.6643410791623536,16,-0.17760889236961602
PowerRel_Alpha,poor,observed,61,-0.07352941176470588,0.7866792491258565,16,-0.10420230541621595
PowerRel_Alpha,poor,observed,62,-0.3098901098901099,0.2809332808692584,14,-0.551396808887754
PowerRel_Alpha,poor,observed,63,-0.11188811188811189,0.729194990751066,12,-0.13715632341893025
PowerRel_Alpha,poor,observed,64,-0.16083916083916086,0.6175234895401425,12,-0.20934651793284345
PowerRel_Alpha,poor,observed,65,-0.26363636363636367,0.4334407376116145,11,-0.3630702732457967
PowerRel_Alpha,poor,observed,66,,,9,
PowerRel_Alpha,poor,observed,67,-0.3636363636363637,0.2452650007307772,12,-0.6103644211126535
PowerRel_Alpha,poor,observed,68,-0.4825174825174825,0.11210929146889191,12,-0.9503583921646476
PowerRel_Alpha,poor,observed,69,,,9,
PowerRel_Alpha,poor,observed,70,,,9,
PowerRel_Alpha,poor,observed,71,-0.09090909090909088,0.8027717312071619,10,-0.0954079291552768
PowerRel_Alpha,poor,observed,72,0.0,1.0,12,-0.0
PowerRel_Beta,poor,observed,12,,,9,
PowerRel_Beta,poor,observed,13,,,9,
PowerRel_Beta,poor,observed,14,,,8,
PowerRel_Beta,poor,observed,15,-0.3090909090909091,0.3550284397015071,11,-0.44973685621048604
PowerRel_Beta,poor,observed,16,-0.013986013986013986,0.9655902689187795,12,-0.01520711964659393
PowerRel_Beta,poor,observed,17,-0.1043956043956044,0.7343037452877026,13,-0.134124256684417
PowerRel_Beta,poor,observed,18,-0.0934065934065934,0.7615000227827016,13,-0.11833007933463405
PowerRel_Beta,poor,observed,19,0.011764705882352941,0.9655081698956276,16,0.01524404697461549
PowerRel_Beta,poor,observed,20,-0.2821428571428571,0.30828445682005556,15,-0.511048371113414
PowerRel_Beta,poor,observed,21,-0.039285714285714285,0.8894459296739485,15,-0.0508804479825129
PowerRel_Beta,poor,observed,22,-0.15441176470588236,0.5540319990921863,17,-0.2564651511058103
PowerRel_Beta,poor,observed,23,-0.24285714285714283,0.38312834183934175,15,-0.4166557199846723
PowerRel_Beta,poor,observed,24,-0.21176470588235297,0.431083247239221,16,-0.3654388543739801
PowerRel_Beta,poor,observed,25,-0.19999999999999998,0.45768790507519985,16,-0.3394305641479773
PowerRel_Beta,poor,observed,26,-0.22549019607843138,0.38419665076181897,17,-0.41544642542435284
PowerRel_Beta,poor,observed,27,-0.12009803921568628,0.6461426985863066,17,-0.18967155883957498
PowerRel_Beta,poor,observed,28,-0.07352941176470588,0.7866792491258565,16,-0.10420230541621595
PowerRel_Beta,poor,observed,29,-0.3382352941176471,0.2000655587786896,16,-0.6988276685840137
PowerRel_Beta,poor,observed,30,-0.2571428571428571,0.35486036365060913,15,-0.4499425067362144
PowerRel_Beta,poor,observed,31,-0.047058823529411764,0.8626036946668731,16,-0.0641886860347238
PowerRel_Beta,poor,observed,32,-0.15,0.5792486306642535,16,-0.23713498420291823
PowerRel_Beta,poor,observed,33,-0.13529411764705881,0.6173674089706418,16,-0.2094563007978871
PowerRel_Beta,poor,observed,34,-0.1936274509803922,0.45649692854875445,17,-0.34056214018623177
PowerRel_Beta,poor,observed,35,-0.23632610939112486,0.34510124880977866,18,-0.46205346913443457
PowerRel_Beta,poor,observed,36,-0.08088235294117649,0.7576329086921563,17,-0.1205411694944752
PowerRel_Beta,poor,observed,37,-0.1593137254901961,0.541361632626163,17,-0.26651252678714016
PowerRel_Beta,poor,observed,38,-0.09068627450980393,0.7292353374489888,17,-0.13713229436805743
PowerRel_Beta,poor,observed,39,-0.11228070175438597,0.6472068934597522,19,-0.18895686566094483
PowerRel_Beta,poor,observed,40,-0.13725490196078433,0.5870615369663568,18,-0.23131637274867137
PowerRel_Beta,poor,observed,41,0.03431372549019608,0.8959808104551743,17,0.047701291680143344
PowerRel_Beta,poor,observed,42,0.09999999999999999,0.7125163701282782,16,0.14720515324968597
PowerRel_Beta,poor,observed,43,0.3230769230769231,0.25987361950878973,14,0.5852378046977321
PowerRel_Beta,poor,observed,44,0.0857142857142857,0.7613341261907667,15,0.11842470286901888
PowerRel_Beta,poor,observed,45,0.15714285714285714,0.5759526006037947,15,0.23961325640882328
PowerRel_Beta,poor,observed,46,0.1824175824175824,0.5325088185186945,14,0.27367319577223737
PowerRel_Beta,poor,observed,47,0.35714285714285715,0.23092986230203402,13,0.6365199033997576
PowerRel_Beta,poor,observed,48,0.3934065934065934,0.16403157340077784,14,0.7850725493061731
PowerRel_Beta,poor,observed,49,0.367032967032967,0.1967388717074885,14,0.7061098236078471
PowerRel_Beta,poor,observed,50,0.3131868131868132,0.2974384220710292,13,0.5266029315247808
PowerRel_Beta,poor,observed,51,0.27912087912087913,0.33384507719455425,14,0.47645502339336615
PowerRel_Beta,poor,observed,52,0.32967032967032966,0.27133505450523554,13,0.5664940949419278
PowerRel_Beta,poor,observed,53,0.24642857142857136,0.37595051597380524,15,0.42486931478988216
PowerRel_Beta,poor,observed,54,0.12058823529411765,0.6564245147485952,16,0.18281520820816746
PowerRel_Beta,poor,observed,55,0.1464285714285714,0.602549920983054,15,0.22000696616497636
PowerRel_Beta,poor,observed,56,0.27058823529411763,0.31076062710233504,16,0.5075740108343881
PowerRel_Beta,poor,observed,57,0.22637362637362637,0.4364347945560526,14,0.36008063278278846
PowerRel_Beta,poor,observed,58,0.4945054945054945,0.08582353060960755,13,1.0663936234233549
PowerRel_Beta,poor,observed,59,0.221978021978022,0.44562965795360865,14,0.351025913307898
PowerRel_Beta,poor,observed,60,0.2088235294117647,0.43765851094980035,16,0.3588646215833431
PowerRel_Beta,poor,observed,61,0.2823529411764706,0.2893498290632739,16,0.5385767698647986
PowerRel_Beta,poor,observed,62,0.12087912087912088,0.6806070200628929,14,0.16710357572382126
PowerRel_Beta,poor,observed,63,0.37762237762237766,0.22620604493502663,12,0.6454957935447486
PowerRel_Beta,poor,observed,64,0.41958041958041964,0.1745190081300594,12,0.7581572639688874
PowerRel_Beta,poor,observed,65,0.3454545454545455,0.2980892209030388,11,0.5256537280497865
PowerRel_Beta,poor,observed,66,,,9,
PowerRel_Beta,poor,observed,67,0.1258741258741259,0.6966831093957659,12,0.15696471850969104
PowerRel_Beta,poor,observed,68,-0.07692307692307693,0.8121826980280591,12,-0.09034626654627316
PowerRel_Beta,poor,observed,69,,,9,
PowerRel_Beta,poor,observed,70,,,9,
PowerRel_Beta,poor,observed,71,0.11515151515151514,0.7514196523258483,10,0.12411745076177128
PowerRel_Beta,poor,observed,72,0.1188811188811189,0.712884219214772,12,0.14698099895484662
PowerRel_Delta,poor,observed,12,,,9,
PowerRel_Delta,poor,observed,13,,,9,
PowerRel_Delta,poor,observed,14,,,8,
PowerRel_Delta,poor,observed,15,0.27272727272727276,0.41714143714253127,11,0.3797166669547044
PowerRel_Delta,poor,observed,16,0.2517482517482518,0.42991878503288405,12,0.36661357824217705
PowerRel_Delta,poor,observed,17,0.20329670329670327,0.5053147342962486,13,0.2964380381356837
PowerRel_Delta,poor,observed,18,0.39010989010989006,0.1875741161338378,13,0.7268270913077661
PowerRel_Delta,poor,observed,19,-0.008823529411764706,0.9741279946623942,16,-0.011383975643453706
PowerRel_Delta,poor,observed,20,0.22499999999999998,0.420104686907635,15,0.37664247321856953
PowerRel_Delta,poor,observed,21,0.11428571428571425,0.6850657626568972,15,0.16426773655408408
PowerRel_Delta,poor,observed,22,0.26715686274509803,0.2999179120959026,17,0.5229975959540187
PowerRel_Delta,poor,observed,23,0.38214285714285706,0.1598236299869673,15,0.796359009663692
PowerRel_Delta,poor,observed,24,0.36764705882352944,0.1612323576755899,16,0.7925477953489221
PowerRel_Delta,poor,observed,25,0.4294117647058823,0.09693648522272379,16,1.0135127312199157
PowerRel_Delta,poor,observed,26,0.42156862745098045,0.09191262861281846,17,1.0366248133139795
PowerRel_Delta,poor,observed,27,0.40196078431372556,0.10973047964744011,17,0.9596727224335466
PowerRel_Delta,poor,observed,28,0.36470588235294116,0.16486839724475402,16,0.7828625840010807
PowerRel_Delta,poor,observed,29,0.5529411764705882,0.026314499870666502,16,1.579804879702331
PowerRel_Delta,poor,observed,30,0.4107142857142856,0.12832864601574887,15,0.8916763879125035
PowerRel_Delta,poor,observed,31,0.2911764705882353,0.27388704841914874,16,0.5624285041939627
PowerRel_Delta,poor,observed,32,0.3558823529411765,0.1761037380915931,16,0.7542314253199371
PowerRel_Delta,poor,observed,33,0.24705882352941175,0.35627504151257705,16,0.44821460064372154
PowerRel_Delta,poor,observed,34,0.24754901960784317,0.3380876478588809,17,0.4709706960331745
PowerRel_Delta,poor,observed,35,0.39938080495356043,0.10060038374584017,18,0.9974003626361254
PowerRel_Delta,poor,observed,36,0.2303921568627451,0.3736648667172987,17,0.4275177341228007
PowerRel_Delta,poor,observed,37,0.26470588235294124,0.3045422200057608,17,0.5163524907339779
PowerRel_Delta,poor,observed,38,0.16911764705882354,0.5164176230839818,17,0.2869989455738323
PowerRel_Delta,poor,observed,39,0.1789473684210526,0.46355363606350375,19,0.3339000080162767
PowerRel_Delta,poor,observed,40,0.22187822497420018,0.3762254210655622,18,0.4245518630772338
PowerRel_Delta,poor,observed,41,0.24509803921568632,0.34304665309958526,17,0.4646468134676453
PowerRel_Delta,poor,observed,42,0.1176470588235294,0.6643410791623536,16,0.17760889236961602
PowerRel_Delta,poor,observed,43,0.01098901098901099,0.970258390096969,14,0.013112593105276139
PowerRel_Delta,poor,observed,44,0.25357142857142856,0.3618161038158896,15,0.44151210734150326
PowerRel_Delta,poor,observed,45,0.2714285714285714,0.3277893068411727,15,0.4844052181103033
PowerRel_Delta,poor,observed,46,0.1956043956043956,0.5027500912969567,14,0.29864784186546034
PowerRel_Delta,poor,observed,47,0.26373626373626374,0.3839365166506743,13,0.41574057966254174
PowerRel_Delta,poor,observed,48,0.02857142857142857,0.9227613765698746,14,0.03491059175564594
PowerRel_Delta,poor,observed,49,-0.06373626373626373,0.828626422928612,14,-0.08164122219735648
PowerRel_Delta,poor,observed,50,-0.016483516483516484,0.9573761750901849,13,-0.018917384411631984
PowerRel_Delta,poor,observed,51,0.054945054945054944,0.8520077036323677,14,0.06955647843763954
PowerRel_Delta,poor,observed,52,-0.15934065934065936,0.6030877531318972,13,-0.21961949063241482
PowerRel_Delta,poor,observed,53,0.075,0.7905107941552679,15,0.10209219554826288
PowerRel_Delta,poor,observed,54,0.09117647058823529,0.7370049501736589,16,0.13252959514517554
PowerRel_Delta,poor,observed,55,0.17857142857142855,0.5242843600465525,15,0.2804330975538522
PowerRel_Delta,poor,observed,56,0.02647058823529412,0.9224805705017287,16,0.03504277228299156
PowerRel_Delta,poor,observed,57,0.18681318681318684,0.5225040123791591,14,0.2819103701978894
PowerRel_Delta,poor,observed,58,0.11538461538461539,0.7073898735142602,13,0.15034116152488067
PowerRel_Delta,poor,observed,59,0.2087912087912088,0.4737788373098136,14,0.3244243421882531
PowerRel_Delta,poor,observed,60,0.07647058823529412,0.7783409809607029,16,0.10883010261489853
PowerRel_Delta,poor,observed,61,0.047058823529411764,0.8626036946668731,16,0.0641886860347238
PowerRel_Delta,poor,observed,62,0.3186813186813187,0.2667849608113615,14,0.5738386560925556
PowerRel_Delta,poor,observed,63,-0.02097902097902098,0.9484022252365223,12,-0.023007435707336574
PowerRel_Delta,poor,observed,64,0.07692307692307693,0.8121826980280591,12,0.09034626654627316
PowerRel_Delta,poor,observed,65,0.4090909090909091,0.2115450103420961,11,0.6745972138044429
PowerRel_Delta,poor,observed,66,,,9,
PowerRel_Delta,poor,observed,67,0.43356643356643365,0.1591057694121953,12,0.7983140719030672
PowerRel_Delta,poor,observed,68,0.5594405594405596,0.05858947538856762,12,1.2321803906572766
PowerRel_Delta,poor,observed,69,,,9,
PowerRel_Delta,poor,observed,70,,,9,
PowerRel_Delta,poor,observed,71,0.13939393939393938,0.7009318849100584,10,0.15432418380938717
PowerRel_Delta,poor,observed,72,0.20979020979020982,0.5128409431818263,12,0.2900173097604524
PowerRel_Gamma,poor,observed,12,,,9,
PowerRel_Gamma,poor,observed,13,,,9,
PowerRel_Gamma,poor,observed,14,,,8,
PowerRel_Gamma,poor,observed,15,0.10000000000000002,0.7698749998921366,11,0.11357978296253614
PowerRel_Gamma,poor,observed,16,0.4825174825174825,0.11210929146889191,12,0.9503583921646476
PowerRel_Gamma,poor,observed,17,0.2692307692307692,0.37373304228189164,13,0.4274385038460526
PowerRel_Gamma,poor,observed,18,0.2582417582417582,0.39428401739736163,13,0.40419082702724074
PowerRel_Gamma,poor,observed,19,0.08823529411764705,0.7452220943671326,16,0.12771427760901807
PowerRel_Gamma,poor,observed,20,-0.05714285714285713,0.8396998687415758,15,-0.07587591470129416
PowerRel_Gamma,poor,observed,21,0.049999999999999996,0.859540943467457,15,0.06573343125327973
PowerRel_Gamma,poor,observed,22,0.014705882352941176,0.9553274855428822,17,0.01984772707169741
PowerRel_Gamma,poor,observed,23,-0.2607142857142857,0.34797945986279355,15,-0.45844639033938106
PowerRel_Gamma,poor,observed,24,-0.2352941176470588,0.38035580118865675,16,-0.4198099554967525
PowerRel_Gamma,poor,observed,25,-0.25588235294117645,0.33878990807124576,16,-0.4700695349831485
PowerRel_Gamma,poor,observed,26,-0.20098039215686278,0.43923387618886767,17,-0.3573041720312498
PowerRel_Gamma,poor,observed,27,-0.07352941176470588,0.779127287251723,17,-0.10839158515774192
PowerRel_Gamma,poor,observed,28,-0.06764705882352941,0.8034203137966691,16,-0.0950571917003538
PowerRel_Gamma,poor,observed,29,-0.33529411764705885,0.20425458084551512,16,-0.6898281947043801
PowerRel_Gamma,poor,observed,30,-0.47857142857142854,0.07113080825563321,15,-1.147942256408755
PowerRel_Gamma,poor,observed,31,-0.10588235294117648,0.6963341050381157,16,-0.15718233343689875
PowerRel_Gamma,poor,observed,32,-0.34411764705882353,0.19185563142554293,16,-0.7170254486880019
PowerRel_Gamma,poor,observed,33,-0.29411764705882354,0.268846554622893,16,-0.570495524810271
PowerRel_Gamma,poor,observed,34,-0.3088235294117647,0.227785653323252,17,-0.6424736326658537
PowerRel_Gamma,poor,observed,35,-0.33746130030959753,0.170837640525947,18,-0.767416435334874
PowerRel_Gamma,poor,observed,36,-0.2573529411764706,0.3186676476453986,17,-0.49666202551993976
PowerRel_Gamma,poor,observed,37,-0.17156862745098042,0.5102663098717943,17,-0.2922031048399831
PowerRel_Gamma,poor,observed,38,-0.17892156862745098,0.4920209629048916,17,-0.30801639341155523
PowerRel_Gamma,poor,observed,39,-0.1280701754385965,0.6013177937232191,19,-0.22089594466361576
PowerRel_Gamma,poor,observed,40,-0.23013415892672856,0.35825371050744326,18,-0.4458093028299548
PowerRel_Gamma,poor,observed,41,-0.18627450980392157,0.4740951399440866,17,-0.32413449670863986
PowerRel_Gamma,poor,observed,42,0.014705882352941175,0.956891924031642,16,0.019137110757344547
PowerRel_Gamma,poor,observed,43,0.14725274725274726,0.6154187624847252,14,0.2108292674006022
PowerRel_Gamma,poor,observed,44,0.039285714285714285,0.8894459296739485,15,0.0508804479825129
PowerRel_Gamma,poor,observed,45,0.0857142857142857,0.7613341261907667,15,0.11842470286901888
PowerRel_Gamma,poor,observed,46,0.015384615384615385,0.9583697893719862,14,0.018466884975459116
PowerRel_Gamma,poor,observed,47,-0.005494505494505494,0.9857869107140623,13,-0.006216952708373898
PowerRel_Gamma,poor,observed,48,-0.01098901098901099,0.970258390096969,14,-0.013112593105276139
PowerRel_Gamma,poor,observed,49,0.0945054945054945,0.7479382611415478,14,0.12613424966515466
PowerRel_Gamma,poor,observed,50,0.16483516483516483,0.590478988652005,13,0.22879555152183248
PowerRel_Gamma,poor,observed,51,0.04175824175824176,0.8872869731890637,14,0.05193589458117909
PowerRel_Gamma,poor,observed,52,0.2747252747252747,0.3636749816401784,13,0.4392865744177619
PowerRel_Gamma,poor,observed,53,0.15357142857142855,0.5847640949410158,15,0.2330193013164462
PowerRel_Gamma,poor,observed,54,0.10588235294117648,0.6963341050381157,16,0.15718233343689875
PowerRel_Gamma,poor,observed,55,0.021428571428571425,0.9395779040128779,15,0.027067205046959045
PowerRel_Gamma,poor,observed,56,0.2529411764705882,0.34456303133749866,16,0.46273132046719584
PowerRel_Gamma,poor,observed,57,0.16483516483516483,0.5733464050131383,14,0.2415829062533454
PowerRel_Gamma,poor,observed,58,0.5,0.08186423116569437,13,1.0869058125318845
PowerRel_Gamma,poor,observed,59,0.221978021978022,0.44562965795360865,14,0.351025913307898
PowerRel_Gamma,poor,observed,60,0.21176470588235297,0.431083247239221,16,0.3654388543739801
PowerRel_Gamma,poor,observed,61,0.27058823529411763,0.31076062710233504,16,0.5075740108343881
PowerRel_Gamma,poor,observed,62,0.1164835164835165,0.6916912502331573,14,0.16008771803173125
PowerRel_Gamma,poor,observed,63,0.4055944055944056,0.19083587400450033,12,0.7193399817402794
PowerRel_Gamma,poor,observed,64,0.4895104895104896,0.106252371759346,12,0.9736613668729448
PowerRel_Gamma,poor,observed,65,0.41818181818181827,0.20057021703405067,11,0.697733555553169
PowerRel_Gamma,poor,observed,66,,,9,
PowerRel_Gamma,poor,observed,67,0.3356643356643357,0.2861229029149875,12,0.5434473773869912
PowerRel_Gamma,poor,observed,68,0.1328671328671329,0.6805975082860818,12,0.1671096452190311
PowerRel_Gamma,poor,observed,69,,,9,
PowerRel_Gamma,poor,observed,70,,,9,
PowerRel_Gamma,poor,observed,71,0.23636363636363633,0.5108853175152002,10,0.29167657845642647
PowerRel_Gamma,poor,observed,72,0.1188811188811189,0.712884219214772,12,0.14698099895484662
PowerRel_Theta,poor,observed,12,,,9,
PowerRel_Theta,poor,observed,13,,,9,
PowerRel_Theta,poor,observed,14,,,8,
PowerRel_Theta,poor,observed,15,-0.09090909090909091,0.7903727377532903,11,-0.10216804823761354
PowerRel_Theta,poor,observed,16,-0.2447552447552448,0.4432619364501832,12,-0.35333956060093236
PowerRel_Theta,poor,observed,17,-0.3131868131868132,0.2974384220710292,13,-0.5266029315247808
PowerRel_Theta,poor,observed,18,-0.37912087912087916,0.20140608996104353,13,-0.6959274017243593
PowerRel_Theta,poor,observed,19,-0.14411764705882352,0.5943782881736932,16,-0.22593706314145015
PowerRel_Theta,poor,observed,20,-0.0964285714285714,0.7324528633867308,15,-0.13522031886426925
PowerRel_Theta,poor,observed,21,-0.049999999999999996,0.859540943467457,15,-0.06573343125327973
PowerRel_Theta,poor,observed,22,-0.18137254901960786,0.4860097755199285,17,-0.3133549953227555
PowerRel_Theta,poor,observed,23,0.039285714285714285,0.8894459296739485,15,0.0508804479825129
PowerRel_Theta,poor,observed,24,0.008823529411764706,0.9741279946623942,16,0.011383975643453706
PowerRel_Theta,poor,observed,25,-0.07352941176470588,0.7866792491258565,16,-0.10420230541621595
PowerRel_Theta,poor,observed,26,-0.12254901960784316,0.639378272107459,17,-0.1942421263755106
PowerRel_Theta,poor,observed,27,-0.1519607843137255,0.5604155062809044,17,-0.2514898566141996
PowerRel_Theta,poor,observed,28,-0.09411764705882353,0.7288144270239805,16,-0.13738303900584517
PowerRel_Theta,poor,observed,29,-0.2058823529411765,0.4442846410521438,16,-0.3523387000870537
PowerRel_Theta,poor,observed,30,-0.10357142857142855,0.7133796306287292,15,-0.14667929537870952
PowerRel_Theta,poor,observed,31,-0.36470588235294116,0.16486839724475402,16,-0.7828625840010807
PowerRel_Theta,poor,observed,32,-0.06470588235294117,0.8118214513105935,16,-0.090539477208515
PowerRel_Theta,poor,observed,33,-0.23823529411764705,0.37425412972798844,16,-0.42683339871187925
PowerRel_Theta,poor,observed,34,-0.22058823529411767,0.3948890883363402,17,-0.40352486661997156
PowerRel_Theta,poor,observed,35,-0.1929824561403509,0.4429441508248101,18,-0.3536510288957794
PowerRel_Theta,poor,observed,36,-0.1519607843137255,0.5604155062809044,17,-0.2514898566141996
PowerRel_Theta,poor,observed,37,-0.21568627450980393,0.40574068863392776,17,-0.3917514380360629
PowerRel_Theta,poor,observed,38,-0.17156862745098042,0.5102663098717943,17,-0.2922031048399831
PowerRel_Theta,poor,observed,39,-0.16666666666666666,0.4952660907838653,19,-0.3051614056932587
PowerRel_Theta,poor,observed,40,-0.16821465428276572,0.5046325110850312,18,-0.297024773378497
PowerRel_Theta,poor,observed,41,-0.18872549019607845,0.4681922842798525,17,-0.3295757476712075
PowerRel_Theta,poor,observed,42,-0.15588235294117647,0.5642819694728023,16,-0.24850382653940672
PowerRel_Theta,poor,observed,43,-0.3758241758241759,0.185410028697123,14,-0.731866778875294
PowerRel_Theta,poor,observed,44,-0.5892857142857142,0.020794358483161638,15,-1.682054473304361
PowerRel_Theta,poor,observed,45,-0.6357142857142856,0.0108607461687898,15,-1.9641403362705756
PowerRel_Theta,poor,observed,46,-0.6703296703296703,0.008704233809858863,14,-2.06026945163398
PowerRel_Theta,poor,observed,47,-0.6208791208791209,0.02353816709643306,13,-1.6282273584380804
PowerRel_Theta,poor,observed,48,-0.4593406593406593,0.09846837616829027,14,-1.0067032239264269
PowerRel_Theta,poor,observed,49,-0.4461538461538462,0.10980712780122508,14,-0.9593694680437747
PowerRel_Theta,poor,observed,50,-0.46153846153846156,0.11237597055825145,13,-0.9493265443686347
PowerRel_Theta,poor,observed,51,-0.6175824175824175,0.018604674280708423,14,-1.7303779289388328
PowerRel_Theta,poor,observed,52,-0.33516483516483514,0.2629431403593601,13,-0.5801381545441413
PowerRel_Theta,poor,observed,53,-0.5714285714285713,0.02606319337636288,15,-1.5839723737052782
PowerRel_Theta,poor,observed,54,-0.44705882352941173,0.0825369233953715,16,-1.0833517236984347
PowerRel_Theta,poor,observed,55,-0.4892857142857142,0.06416038631454055,15,-1.1927330297960852
PowerRel_Theta,poor,observed,56,-0.45,0.0802957365433964,16,-1.0953075138101476
PowerRel_Theta,poor,observed,57,-0.4945054945054946,0.07224967403413257,14,-1.1411641079554542
PowerRel_Theta,poor,observed,58,-0.6373626373626374,0.0191181137774633,13,-1.718554958108485
PowerRel_Theta,poor,observed,59,-0.4901098901098901,0.07522006672685849,14,-1.1236662856557948
PowerRel_Theta,poor,observed,60,-0.34705882352941175,0.18783442010629964,16,-0.7262248215879171
PowerRel_Theta,poor,observed,61,-0.4823529411764706,0.058458976774719576,16,-1.2331487905006844
PowerRel_Theta,poor,observed,62,-0.5428571428571429,0.044863966439248656,14,-1.3481023329258488
PowerRel_Theta,poor,observed,63,-0.6013986013986015,0.03858845292201944,12,-1.4135426326983214
PowerRel_Theta,poor,observed,64,-0.5944055944055945,0.04152149441031855,12,-1.3817270240787822
PowerRel_Theta,poor,observed,65,-0.6000000000000001,0.05100326070695074,11,-1.2924020579850433
PowerRel_Theta,poor,observed,66,,,9,
PowerRel_Theta,poor,observed,67,-0.49650349650349657,0.10060263183225483,12,-0.9973906576968434
PowerRel_Theta,poor,observed,68,-0.5734265734265735,0.05126558978649144,12,-1.290174041907627
PowerRel_Theta,poor,observed,69,,,9,
PowerRel_Theta,poor,observed,70,,,9,
PowerRel_Theta,poor,observed,71,-0.43030303030303024,0.21449233253280775,10,-0.6685882279464308
PowerRel_Theta,poor,observed,72,-0.3636363636363637,0.2452650007307772,12,-0.6103644211126535
X,poor,observed,12,,,9,
X,poor,observed,13,,,9,
X,poor,observed,14,,,8,
X,poor,observed,15,0.20909090909090913,0.5372209352113229,11,0.26984707145083414
X,poor,observed,16,0.2867132867132868,0.36625146058358227,12,0.4362206347002906
X,poor,observed,17,0.2802197802197803,0.35376363563367896,13,0.451286811492149
X,poor,observed,18,0.37912087912087916,0.20140608996104353,13,0.6959274017243593
X,poor,observed,19,0.12352941176470587,0.6485420669723405,16,0.1880618486293522
X,poor,observed,20,0.22499999999999998,0.420104686907635,15,0.37664247321856953
X,poor,observed,21,0.028571428571428564,0.9194899083821857,15,0.03645303288374049
X,poor,observed,22,0.29411764705882354,0.2518444167529261,17,0.5988676727605007
X,poor,observed,23,0.34642857142857136,0.2058959920935512,15,0.6863521071391113
X,poor,observed,24,0.26176470588235295,0.3274104118125859,16,0.48490751392574416
X,poor,observed,25,0.31176470588235294,0.23980004767411284,16,0.6201507348960439
X,poor,observed,26,0.37009803921568635,0.1436754727309515,17,0.8426173652462509
X,poor,observed,27,0.47058823529411764,0.0565941087969964,17,1.2472287746441828
X,poor,observed,28,0.4205882352941176,0.10476751392918707,16,0.9797733615167551
X,poor,observed,29,0.5705882352941177,0.02099069636821777,16,1.6779731534205657
X,poor,observed,30,0.32499999999999996,0.23722543823723408,15,0.6248387424000837
X,poor,observed,31,0.2529411764705882,0.34456303133749866,16,0.46273132046719584
X,poor,observed,32,0.29705882352941176,0.2638630146135225,16,0.5786214800904487
X,poor,observed,33,0.2735294117647059,0.3053231563074052,16,0.5152402567063844
X,poor,observed,34,0.32598039215686275,0.20163694355296383,17,0.6954298942935104
X,poor,observed,35,0.24458204334365324,0.3280041243603068,18,0.48412069538691455
X,poor,observed,36,0.42156862745098045,0.09191262861281846,17,1.0366248133139795
X,poor,observed,37,0.49509803921568635,0.043314416509935456,17,1.3633675316221756
X,poor,observed,38,0.5049019607843138,0.03872104887870621,17,1.4120528870024707
X,poor,observed,39,0.5333333333333333,0.018696680998711242,19,1.728235481799173
X,poor,observed,40,0.4984520123839009,0.03525363586497097,18,1.4527960856324544
X,poor,observed,41,0.5416666666666667,0.02471480173457982,17,1.6070428691572125
X,poor,observed,42,0.5205882352941177,0.03869090714064999,16,1.4123910877623391
X,poor,observed,43,0.4769230769230769,0.0846484341946868,14,1.0723810709501629
X,poor,observed,44,0.5714285714285713,0.02606319337636288,15,1.5839723737052782
X,poor,observed,45,0.5785714285714285,0.02384665876299661,15,1.6225724628480394
X,poor,observed,46,0.5956043956043956,0.024612610795286847,14,1.608842315844241
X,poor,observed,47,0.6648351648351648,0.013165575845550252,13,1.8805601406539563
X,poor,observed,48,0.44175824175824174,0.11377750302872344,14,0.943943601529279
X,poor,observed,49,0.410989010989011,0.14433266812460507,14,0.8406353599631496
X,poor,observed,50,0.3681318681318681,0.21585718064938147,13,0.6658334996390205
X,poor,observed,51,0.44175824175824174,0.11377750302872344,14,0.943943601529279
X,poor,observed,52,0.17032967032967034,0.5779754288392673,13,0.23809062411639956
X,poor,observed,53,0.2607142857142857,0.34797945986279355,15,0.45844639033938106
X,poor,observed,54,0.27058823529411763,0.31076062710233504,16,0.5075740108343881
X,poor,observed,55,0.15357142857142855,0.5847640949410158,15,0.2330193013164462
X,poor,observed,56,0.19705882352941176,0.46446421122573867,16,0.33304774446039237
X,poor,observed,57,0.3318681318681319,0.24637718314961166,14,0.608399514409593
X,poor,observed,58,0.3021978021978022,0.3156083662499549,13,0.500851492889641
X,poor,observed,59,0.3230769230769231,0.25987361950878973,14,0.5852378046977321
X,poor,observed,60,0.3205882352941176,0.22604542220798238,16,0.6458042837190197
X,poor,observed,61,0.09999999999999999,0.7125163701282782,16,0.14720515324968597
X,poor,observed,62,0.3802197802197802,0.17990614630608154,14,0.7449539991824212
X,poor,observed,63,0.32867132867132864,0.2969041156887641,12,0.5273837821663979
X,poor,observed,64,0.3636363636363637,0.2452650007307772,12,0.6103644211126535
X,poor,observed,65,0.22727272727272727,0.501535667604937,11,0.2996981759173705
X,poor,observed,66,,,9,
X,poor,observed,67,0.32867132867132864,0.2969041156887641,12,0.5273837821663979
X,poor,observed,68,0.4825174825174825,0.11210929146889191,12,0.9503583921646476
X,poor,observed,69,,,9,
X,poor,observed,70,,,9,
X,poor,observed,71,0.32121212121212117,0.3654683104386702,10,0.43715027451535776
X,poor,observed,72,0.2797202797202798,0.37856866966230307,12,0.4218553310901384
Y,poor,observed,12,,,9,
Y,poor,observed,13,,,9,
Y,poor,observed,14,,,8,
Y,poor,observed,15,0.15454545454545454,0.65003396549758,11,0.18706395006055537
Y,poor,observed,16,0.027972027972027972,0.9312343512018808,12,0.03094101222354234
Y,poor,observed,17,-0.005494505494505494,0.9857869107140623,13,-0.006216952708373898
Y,poor,observed,18,-0.16483516483516483,0.590478988652005,13,-0.22879555152183248
Y,poor,observed,19,-0.044117647058823525,0.8711220048065985,16,-0.059921015711480646
Y,poor,observed,20,-0.06071428571428571,0.8298120954425188,15,-0.08102023913146393
Y,poor,observed,21,0.05357142857142857,0.8496099367776071,15,0.07078041685765529
Y,poor,observed,22,0.09068627450980393,0.7292353374489888,17,0.13713229436805743
Y,poor,observed,23,-0.28571428571428564,0.3019363513225493,15,-0.5200845973829501
Y,poor,observed,24,-0.21764705882352942,0.41808684161130294,16,-0.3787335007239899
Y,poor,observed,25,-0.055882352941176466,0.8371372217954723,16,-0.07720334752169052
Y,poor,observed,26,-0.24264705882352944,0.348047032295588,17,-0.4583620650008653
Y,poor,observed,27,-0.3504901960784314,0.16781533363739973,17,-0.7751683593007439
Y,poor,observed,28,-0.4294117647058823,0.09693648522272379,16,-1.0135127312199157
Y,poor,observed,29,-0.5,0.04858028888702393,16,-1.3135399069523097
Y,poor,observed,30,-0.4642857142857142,0.08125098075549496,15,-1.0901713880828865
Y,poor,observed,31,-0.4852941176470588,0.05671771428191195,16,-1.2462812794955629
Y,poor,observed,32,-0.411764705882353,0.11303386621436724,16,-0.946791417521225
Y,poor,observed,33,-0.2676470588235294,0.3162544185483094,16,-0.4999633980287947
Y,poor,observed,34,-0.10539215686274511,0.6872658389566565,17,-0.1628752424743678
Y,poor,observed,35,-0.20743034055727552,0.4088537259590216,18,-0.3884320400885429
Y,poor,observed,36,-0.014705882352941176,0.9553274855428822,17,-0.01984772707169741
Y,poor,observed,37,0.02450980392156863,0.9256077760199253,17,0.03357300553820048
Y,poor,observed,38,0.07107843137254903,0.7863266619781206,17,0.10439699846108662
Y,poor,observed,39,0.07719298245614034,0.7534433450404967,19,0.12294939877249758
Y,poor,observed,40,0.20743034055727552,0.4088537259590216,18,0.3884320400885429
Y,poor,observed,41,0.18872549019607845,0.4681922842798525,17,0.3295757476712075
Y,poor,observed,42,0.3058823529411765,0.24925429892891857,16,0.6033573426050445
Y,poor,observed,43,0.4197802197802198,0.13510107382914271,14,0.869341199044455
Y,poor,observed,44,0.035714285714285705,0.8994469934720875,15,0.046024425560106726
Y,poor,observed,45,-0.1607142857142857,0.5671967045803448,15,-0.2462663010738076
Y,poor,observed,46,-0.2967032967032967,0.30296672383870205,14,-0.5186050693420703
Y,poor,observed,47,-0.14285714285714285,0.6415164215860882,13,-0.19279222204362603
Y,poor,observed,48,-0.3538461538461538,0.21453987088124626,14,-0.6684919850894805
Y,poor,observed,49,-0.23956043956043957,0.4094298928517326,14,-0.3878204522777646
Y,poor,observed,50,-0.2912087912087912,0.3343858561975295,13,-0.4757521005669719
Y,poor,observed,51,-0.3318681318681319,0.24637718314961166,14,-0.608399514409593
Y,poor,observed,52,-0.2087912087912088,0.493621819356885,13,-0.306605651614891
Y,poor,observed,53,-0.44999999999999996,0.09235737494812256,15,-1.0345284194290336
Y,poor,observed,54,-0.2911764705882353,0.27388704841914874,16,-0.5624285041939627
Y,poor,observed,55,-0.2964285714285714,0.28335542843426287,15,-0.5476684628655658
Y,poor,observed,56,-0.2529411764705882,0.34456303133749866,16,-0.46273132046719584
Y,poor,observed,57,-0.3098901098901099,0.2809332808692584,14,-0.551396808887754
Y,poor,observed,58,-0.4725274725274725,0.10298105029992852,13,-0.9872426831328158
Y,poor,observed,59,-0.5076923076923077,0.06383915813376861,14,-1.194912848791875
Y,poor,observed,60,-0.3382352941176471,0.2000655587786896,16,-0.6988276685840137
Y,poor,observed,61,-0.36764705882352944,0.1612323576755899,16,-0.7925477953489221
Y,poor,observed,62,-0.5384615384615385,0.04697614585955518,14,-1.3281226176263194
Y,poor,observed,63,-0.3356643356643357,0.2861229029149875,12,-0.5434473773869912
Y,poor,observed,64,-0.2447552447552448,0.4432619364501832,12,-0.35333956060093236
Y,poor,observed,65,-0.28181818181818186,0.4011448979604785,11,-0.39669872708532156
Y,poor,observed,66,,,9,
Y,poor,observed,67,-0.3426573426573427,0.27556745095678037,12,-0.5597720810484027
Y,poor,observed,68,-0.3356643356643357,0.2861229029149875,12,-0.5434473773869912
Y,poor,observed,69,,,9,
Y,poor,observed,70,,,9,
Y,poor,observed,71,-0.6,0.06668799999999996,10,-1.1759523070526074
Y,poor,observed,72,-0.4895104895104896,0.106252371759346,12,-0.9736613668729448
Z,poor,observed,12,,,9,
Z,poor,observed,13,,,9,
Z,poor,observed,14,,,8,
Z,poor,observed,15,0.07272727272727274,0.831716405381337,11,0.08002473209083355
Z,poor,observed,16,0.23076923076923078,0.470531995381542,12,0.3274108399408542
Z,poor,observed,17,0.16483516483516483,0.590478988652005,13,0.22879555152183248
Z,poor,observed,18,0.21978021978021978,0.47061485147214255,13,0.32733437165505336
Z,poor,observed,19,0.2411764705882353,0.36820660804263405,16,0.43390842166932037
Z,poor,observed,20,0.08928571428571427,0.751672517350277,15,0.12397132813798652
Z,poor,observed,21,0.2571428571428571,0.35486036365060913,15,0.4499425067362144
Z,poor,observed,22,0.022058823529411766,0.9330304490530753,17,0.03010418300596525
Z,poor,observed,23,-0.13214285714285715,0.6387442188840665,15,-0.19467301753137725
Z,poor,observed,24,-0.19705882352941176,0.46446421122573867,16,-0.33304774446039237
Z,poor,observed,25,-0.0588235294117647,0.8286807500332258,16,-0.08161274954950345
Z,poor,observed,26,-0.07843137254901962,0.7647798831352097,17,-0.11646354431756759
Z,poor,observed,27,-0.004901960784313726,0.9851029592703198,17,-0.0065183762981489025
Z,poor,observed,28,-0.09117647058823529,0.7370049501736589,16,-0.13252959514517554
Z,poor,observed,29,-0.2323529411764706,0.38651134990798475,16,-0.41283774849847865
Z,poor,observed,30,-0.2178571428571428,0.43539267351553756,15,-0.3611188832382975
Z,poor,observed,31,0.011764705882352941,0.9655081698956276,16,0.01524404697461549
Z,poor,observed,32,0.011764705882352941,0.9655081698956276,16,0.01524404697461549
Z,poor,observed,33,0.15588235294117647,0.5642819694728023,16,0.24850382653940672
Z,poor,observed,34,0.06862745098039216,0.7935424429160597,17,0.10042983988419132
Z,poor,observed,35,-0.1455108359133127,0.5645405304670836,18,-0.24830487300150045
Z,poor,observed,36,0.03676470588235294,0.8885928675683452,17,0.05129717701473126
Z,poor,observed,37,-0.2303921568627451,0.3736648667172987,17,-0.4275177341228007
Z,poor,observed,38,-0.08333333333333334,0.750504450153402,17,-0.12464672824238153
Z,poor,observed,39,-0.23859649122807017,0.3252545411782847,19,-0.48777663113869774
Z,poor,observed,40,-0.20123839009287925,0.42328766928815786,18,-0.37336438269090894
Z,poor,observed,41,-0.12500000000000003,0.6326406085600336,17,-0.19884293460254754
Z,poor,observed,42,-0.014705882352941175,0.956891924031642,16,-0.019137110757344547
Z,poor,observed,43,0.1252747252747253,0.6695823965448444,14,0.17419597255352254
Z,poor,observed,44,-0.021428571428571425,0.9395779040128779,15,-0.027067205046959045
Z,poor,observed,45,-0.0035714285714285704,0.9899214068809781,15,-0.004399284102267252
Z,poor,observed,46,0.0857142857142857,0.7707850311186757,14,0.11306672806651169
Z,poor,observed,47,0.39010989010989006,0.1875741161338378,13,0.7268270913077661
Z,poor,observed,48,0.3098901098901099,0.2809332808692584,14,0.551396808887754
Z,poor,observed,49,0.3054945054945055,0.2881698858754571,14,0.5403514054840255
Z,poor,observed,50,0.30769230769230765,0.3064470525125291,13,0.5136445514490882
Z,poor,observed,51,0.22637362637362637,0.4364347945560526,14,0.36008063278278846
Z,poor,observed,52,0.13186813186813187,0.6676075762175147,13,0.17547874345655584
Z,poor,observed,53,0.19999999999999998,0.4748139645221684,15,0.3234765167062078
Z,poor,observed,54,0.09999999999999999,0.7125163701282782,16,0.14720515324968597
Z,poor,observed,55,0.04642857142857142,0.8694915255450946,15,0.06073464646970803
Z,poor,observed,56,0.2911764705882353,0.27388704841914874,16,0.5624285041939627
Z,poor,observed,57,0.08131868131868132,0.7822747512440957,14,0.10664068684757368
Z,poor,observed,58,0.14835164835164835,0.6286094178894162,13,0.20161911662616225
Z,poor,observed,59,-0.054945054945054944,0.8520077036323677,14,-0.06955647843763954
Z,poor,observed,60,-0.03529411764705882,0.8967532476935333,16,-0.04732704180245429
Z,poor,observed,61,0.07941176470588236,0.770025319039825,16,0.11349499464764301
Z,poor,observed,62,-0.002197802197802198,0.9940505286658998,14,-0.002591539382322533
Z,poor,observed,63,0.2377622377622378,0.4568008526399232,12,0.3402730941307108
Z,poor,observed,64,0.18181818181818185,0.5717012385276553,12,0.24283086693363062
Z,poor,observed,65,0.03636363636363637,0.9154683168905347,11,0.03835668144170749
Z,poor,observed,66,,,9,
Z,poor,observed,67,0.11188811188811189,0.729194990751066,12,0.13715632341893025
Z,poor,observed,68,-0.20979020979020982,0.5128409431818263,12,-0.2900173097604524
Z,poor,observed,69,,,9,
Z,poor,observed,70,,,9,
Z,poor,observed,71,0.13939393939393938,0.7009318849100584,10,0.15432418380938717
Z,poor,observed,72,-0.06293706293706294,0.8459309212287789,12,-0.07266510002722608
ap_exp_1to20_fixed,poor,observed,12,,,9,
ap_exp_1to20_fixed,poor,observed,13,,,9,
ap_exp_1to20_fixed,poor,observed,14,,,8,
ap_exp_1to20_fixed,poor,observed,15,0.3727272727272728,0.25892587368422215,11,0.5868245496545997
ap_exp_1to20_fixed,poor,observed,16,0.2657342657342658,0.40383308831471165,12,0.3937980997465938
ap_exp_1to20_fixed,poor,observed,17,0.23076923076923078,0.44812738231536575,13,0.34859851820448756
ap_exp_1to20_fixed,poor,observed,18,0.34615384615384615,0.24662526251007164,13,0.6079624394726875
ap_exp_1to20_fixed,poor,observed,19,0.18823529411764706,0.4850866091454682,16,0.31418071394227304
ap_exp_1to20_fixed,poor,observed,20,0.47142857142857136,0.07607042915033121,15,1.1187841336714297
ap_exp_1to20_fixed,poor,observed,21,0.1464285714285714,0.602549920983054,15,0.22000696616497636
ap_exp_1to20_fixed,poor,observed,22,0.25000000000000006,0.3331701359154763,17,0.47733393400108465
ap_exp_1to20_fixed,poor,observed,23,0.21428571428571427,0.44314093482351424,15,0.3534581304765343
ap_exp_1to20_fixed,poor,observed,24,0.18823529411764706,0.4850866091454682,16,0.31418071394227304
ap_exp_1to20_fixed,poor,observed,25,0.3558823529411765,0.1761037380915931,16,0.7542314253199371
ap_exp_1to20_fixed,poor,observed,26,0.3308823529411765,0.1945425282666128,17,0.7109854443508224
ap_exp_1to20_fixed,poor,observed,27,0.32843137254901966,0.19806893186877195,17,0.7031836404437911
ap_exp_1to20_fixed,poor,observed,28,0.2588235294117647,0.3330723066336081,16,0.4774614753130032
ap_exp_1to20_fixed,poor,observed,29,0.4558823529411765,0.07594549116741177,16,1.119498004806318
ap_exp_1to20_fixed,poor,observed,30,0.3107142857142856,0.2596673973372179,15,0.5855825749967436
ap_exp_1to20_fixed,poor,observed,31,0.1647058823529412,0.5421481352010777,16,0.26588203170823416
ap_exp_1to20_fixed,poor,observed,32,0.2823529411764706,0.2893498290632739,16,0.5385767698647986
ap_exp_1to20_fixed,poor,observed,33,0.11176470588235293,0.6802736949858406,16,0.16731632213566747
ap_exp_1to20_fixed,poor,observed,34,0.27941176470588236,0.2774303257912213,17,0.5568460681223617
ap_exp_1to20_fixed,poor,observed,35,0.2672858617131063,0.28360817850986736,18,0.5472812494040217
ap_exp_1to20_fixed,poor,observed,36,0.16666666666666669,0.5226031535880373,17,0.28182797390117215
ap_exp_1to20_fixed,poor,observed,37,0.24509803921568632,0.34304665309958526,17,0.4646468134676453
ap_exp_1to20_fixed,poor,observed,38,0.2132352941176471,0.4112256782090655,17,0.3859197744692124
ap_exp_1to20_fixed,poor,observed,39,0.2964912280701754,0.21773024394667423,19,0.6620812408401079
ap_exp_1to20_fixed,poor,observed,40,0.391124871001032,0.10849983794275489,18,0.9645709104847592
ap_exp_1to20_fixed,poor,observed,41,0.3382352941176471,0.18421188285210166,17,0.7346823584461968
ap_exp_1to20_fixed,poor,observed,42,0.27941176470588236,0.29461765356841446,16,0.5307412336724648
ap_exp_1to20_fixed,poor,observed,43,0.13406593406593406,0.6477195279851131,14,0.18861300927877392
ap_exp_1to20_fixed,poor,observed,44,0.2571428571428571,0.35486036365060913,15,0.4499425067362144
ap_exp_1to20_fixed,poor,observed,45,0.2321428571428571,0.40509874069364893,15,0.3924391068797279
ap_exp_1to20_fixed,poor,observed,46,0.3142857142857143,0.27380490296286775,14,0.5625587793187067
ap_exp_1to20_fixed,poor,observed,47,0.21978021978021978,0.47061485147214255,13,0.32733437165505336
ap_exp_1to20_fixed,poor,observed,48,0.01098901098901099,0.970258390096969,14,0.013112593105276139
ap_exp_1to20_fixed,poor,observed,49,-0.07692307692307693,0.7938058883554533,14,-0.10028568387330485
ap_exp_1to20_fixed,poor,observed,50,-0.18131868131868134,0.5532950092839335,13,-0.25704324710054766
ap_exp_1to20_fixed,poor,observed,51,-0.015384615384615385,0.9583697893719862,14,-0.018466884975459116
ap_exp_1to20_fixed,poor,observed,52,-0.32417582417582413,0.2798818688931399,13,-0.5530252347768041
ap_exp_1to20_fixed,poor,observed,53,-0.10357142857142855,0.7133796306287292,15,-0.14667929537870952
ap_exp_1to20_fixed,poor,observed,54,-0.06764705882352941,0.8034203137966691,16,-0.0950571917003538
ap_exp_1to20_fixed,poor,observed,55,-0.09999999999999999,0.7228973252791182,15,-0.14092338214010852
ap_exp_1to20_fixed,poor,observed,56,-0.1764705882352941,0.5132505967364668,16,-0.2896705370198079
ap_exp_1to20_fixed,poor,observed,57,0.01978021978021978,0.9464892274080114,14,0.023884324651986533
ap_exp_1to20_fixed,poor,observed,58,-0.2582417582417582,0.39428401739736163,13,-0.40419082702724074
ap_exp_1to20_fixed,poor,observed,59,-0.01978021978021978,0.9464892274080114,14,-0.023884324651986533
ap_exp_1to20_fixed,poor,observed,60,-0.12352941176470587,0.6485420669723405,16,-0.1880618486293522
ap_exp_1to20_fixed,poor,observed,61,-0.25588235294117645,0.33878990807124576,16,-0.4700695349831485
ap_exp_1to20_fixed,poor,observed,62,-0.01098901098901099,0.970258390096969,14,-0.013112593105276139
ap_exp_1to20_fixed,poor,observed,63,-0.27272727272727276,0.3910967709418962,12,-0.4077157697494941
ap_exp_1to20_fixed,poor,observed,64,-0.06993006993006995,0.8290236405313092,12,-0.0814330848828885
ap_exp_1to20_fixed,poor,observed,65,0.09090909090909091,0.7903727377532903,11,0.10216804823761354
ap_exp_1to20_fixed,poor,observed,66,,,9,
ap_exp_1to20_fixed,poor,observed,67,0.25874125874125875,0.41677476889913834,12,0.3800985806383651
ap_exp_1to20_fixed,poor,observed,68,0.44755244755244755,0.14458630130334754,12,0.8398728519252052
ap_exp_1to20_fixed,poor,observed,69,,,9,
ap_exp_1to20_fixed,poor,observed,70,,,9,
ap_exp_1to20_fixed,poor,observed,71,0.05454545454545454,0.8810361811618526,10,0.05500625622326251
ap_exp_1to30_knee,poor,observed,12,,,9,
ap_exp_1to30_knee,poor,observed,13,,,9,
ap_exp_1to30_knee,poor,observed,14,,,8,
ap_exp_1to30_knee,poor,observed,15,0.10909090909090911,0.7495085962341482,11,0.12522338179415837
ap_exp_1to30_knee,poor,observed,16,-0.3426573426573427,0.27556745095678037,12,-0.5597720810484027
ap_exp_1to30_knee,poor,observed,17,-0.3021978021978022,0.3156083662499549,13,-0.500851492889641
ap_exp_1to30_knee,poor,observed,18,-0.3021978021978022,0.3156083662499549,13,-0.500851492889641
ap_exp_1to30_knee,poor,observed,19,0.06176470588235294,0.8202418775044894,16,0.08605806154837053
ap_exp_1to30_knee,poor,observed,20,0.08928571428571427,0.751672517350277,15,0.12397132813798652
ap_exp_1to30_knee,poor,observed,21,0.11071428571428568,0.6944626472070963,15,0.15835110852694181
ap_exp_1to30_knee,poor,observed,22,-0.009803921568627453,0.9702105713958575,17,-0.01313399761979383
ap_exp_1to30_knee,poor,observed,23,0.2285714285714285,0.41256617049636035,15,0.38450638607952736
ap_exp_1to30_knee,poor,observed,24,0.26176470588235295,0.3274104118125859,16,0.48490751392574416
ap_exp_1to30_knee,poor,observed,25,0.2647058823529412,0.3218043958686153,16,0.49240802770608955
ap_exp_1to30_knee,poor,observed,26,0.12009803921568628,0.6461426985863066,17,0.18967155883957498
ap_exp_1to30_knee,poor,observed,27,-0.05392156862745098,0.8371514461082935,17,-0.07719596822003762
ap_exp_1to30_knee,poor,observed,28,0.044117647058823525,0.8711220048065985,16,0.059921015711480646
ap_exp_1to30_knee,poor,observed,29,0.13529411764705881,0.6173674089706418,16,0.2094563007978871
ap_exp_1to30_knee,poor,observed,30,0.2678571428571428,0.3344436005123538,15,0.47567710973904054
ap_exp_1to30_knee,poor,observed,31,0.02058823529411765,0.9396737397890448,16,0.02702290980961651
ap_exp_1to30_knee,poor,observed,32,0.2088235294117647,0.43765851094980035,16,0.3588646215833431
ap_exp_1to30_knee,poor,observed,33,0.09411764705882353,0.7288144270239805,16,0.13738303900584517
ap_exp_1to30_knee,poor,observed,34,0.07843137254901962,0.7647798831352097,17,0.11646354431756759
ap_exp_1to30_knee,poor,observed,35,0.13519091847265222,0.5927498112228585,18,0.2271285756625265
ap_exp_1to30_knee,poor,observed,36,0.16911764705882354,0.5164176230839818,17,0.2869989455738323
ap_exp_1to30_knee,poor,observed,37,0.07598039215686275,0.7719448512425434,17,0.11241372512613591
ap_exp_1to30_knee,poor,observed,38,0.10049019607843139,0.7011667687510688,17,0.15417867513676
ap_exp_1to30_knee,poor,observed,39,0.012280701754385965,0.9602038588720425,19,0.017636553018522606
ap_exp_1to30_knee,poor,observed,40,0.06501547987616099,0.7977151313810279,18,0.09815216999846539
ap_exp_1to30_knee,poor,observed,41,-0.07843137254901962,0.7647798831352097,17,-0.11646354431756759
ap_exp_1to30_knee,poor,observed,42,-0.17941176470588235,0.5061395399904385,16,-0.2957297339638859
ap_exp_1to30_knee,poor,observed,43,-0.37142857142857144,0.1910208120436164,14,-0.7189193130491374
ap_exp_1to30_knee,poor,observed,44,-0.33571428571428563,0.22121153763932594,15,-0.6551922254576658
ap_exp_1to30_knee,poor,observed,45,-0.3214285714285714,0.24271904680166836,15,-0.6148961421011336
ap_exp_1to30_knee,poor,observed,46,-0.23956043956043957,0.4094298928517326,14,-0.3878204522777646
ap_exp_1to30_knee,poor,observed,47,-0.3186813186813187,0.2885831614447202,13,-0.5397290131766455
ap_exp_1to30_knee,poor,observed,48,-0.16483516483516483,0.5733464050131383,14,-0.2415829062533454
ap_exp_1to30_knee,poor,observed,49,-0.2043956043956044,0.4833462230422234,14,-0.3157416707161321
ap_exp_1to30_knee,poor,observed,50,-0.23626373626373626,0.4370835438311814,13,-0.3594355443633518
ap_exp_1to30_knee,poor,observed,51,-0.22637362637362637,0.4364347945560526,14,-0.36008063278278846
ap_exp_1to30_knee,poor,observed,52,-0.2802197802197803,0.35376363563367896,13,-0.451286811492149
ap_exp_1to30_knee,poor,observed,53,-0.24642857142857136,0.37595051597380524,15,-0.42486931478988216
ap_exp_1to30_knee,poor,observed,54,-0.14411764705882352,0.5943782881736932,16,-0.22593706314145015
ap_exp_1to30_knee,poor,observed,55,-0.075,0.7905107941552679,15,-0.10209219554826288
ap_exp_1to30_knee,poor,observed,56,-0.29411764705882354,0.268846554622893,16,-0.570495524810271
ap_exp_1to30_knee,poor,observed,57,-0.2,0.49300373503999984,14,-0.3071497904568126
ap_exp_1to30_knee,poor,observed,58,-0.5494505494505494,0.05177062555916269,13,-1.2859165872829483
ap_exp_1to30_knee,poor,observed,59,-0.23956043956043957,0.4094298928517326,14,-0.3878204522777646
ap_exp_1to30_knee,poor,observed,60,-0.25,0.3503914791072017,16,-0.4554464636389983
ap_exp_1to30_knee,poor,observed,61,-0.3411764705882353,0.1959326248678891,16,-0.7078932433293905
ap_exp_1to30_knee,poor,observed,62,-0.1824175824175824,0.5325088185186945,14,-0.27367319577223737
ap_exp_1to30_knee,poor,observed,63,-0.4055944055944056,0.19083587400450033,12,-0.7193399817402794
ap_exp_1to30_knee,poor,observed,64,-0.5244755244755246,0.08001937592027475,12,-1.0968048400532209
ap_exp_1to30_knee,poor,observed,65,-0.4909090909090909,0.12520440713849534,11,-0.9023803838872247
ap_exp_1to30_knee,poor,observed,66,,,9,
ap_exp_1to30_knee,poor,observed,67,-0.41958041958041964,0.1745190081300594,12,-0.7581572639688874
ap_exp_1to30_knee,poor,observed,68,-0.31468531468531474,0.31913878550330455,12,-0.49602041201939817
ap_exp_1to30_knee,poor,observed,69,,,9,
ap_exp_1to30_knee,poor,observed,70,,,9,
ap_exp_1to30_knee,poor,observed,71,-0.2727272727272727,0.44583834154275137,10,-0.35082258546453154
ap_exp_1to40_fixed,poor,observed,12,,,9,
ap_exp_1to40_fixed,poor,observed,13,,,9,
ap_exp_1to40_fixed,poor,observed,14,,,8,
ap_exp_1to40_fixed,poor,observed,15,0.16363636363636366,0.6306852146425357,11,0.20018735019333986
ap_exp_1to40_fixed,poor,observed,16,-0.2027972027972028,0.5273023541661082,12,-0.27794028973611035
ap_exp_1to40_fixed,poor,observed,17,-0.18131868131868134,0.5532950092839335,13,-0.25704324710054766
ap_exp_1to40_fixed,poor,observed,18,-0.1758241758241758,0.5655798619595345,13,-0.24750606242818476
ap_exp_1to40_fixed,poor,observed,19,0.0029411764705882353,0.9913748045563624,16,0.0037621227328513045
ap_exp_1to40_fixed,poor,observed,20,0.14285714285714282,0.6115222287644655,15,0.21358775178503514
ap_exp_1to40_fixed,poor,observed,21,0.049999999999999996,0.859540943467457,15,0.06573343125327973
ap_exp_1to40_fixed,poor,observed,22,0.14460784313725492,0.5797547992794121,17,0.23675564753354778
ap_exp_1to40_fixed,poor,observed,23,0.3178571428571428,0.24829056581701822,15,0.6050397818205837
ap_exp_1to40_fixed,poor,observed,24,0.32647058823529407,0.2171594905792295,16,0.6632211857992326
ap_exp_1to40_fixed,poor,observed,25,0.3205882352941176,0.22604542220798238,16,0.6458042837190197
ap_exp_1to40_fixed,poor,observed,26,0.2622549019607843,0.309208659898238,17,0.5097483514505032
ap_exp_1to40_fixed,poor,observed,27,0.1985294117647059,0.4449505436788084,17,0.35168825823484323
ap_exp_1to40_fixed,poor,observed,28,0.15,0.5792486306642535,16,0.23713498420291823
ap_exp_1to40_fixed,poor,observed,29,0.3941176470588235,0.13091285429899105,16,0.8830177080937288
ap_exp_1to40_fixed,poor,observed,30,0.48214285714285704,0.06874953772064366,15,1.1627302177311332
ap_exp_1to40_fixed,poor,observed,31,0.19705882352941176,0.46446421122573867,16,0.33304774446039237
ap_exp_1to40_fixed,poor,observed,32,0.3941176470588235,0.13091285429899105,16,0.8830177080937288
ap_exp_1to40_fixed,poor,observed,33,0.25588235294117645,0.33878990807124576,16,0.4700695349831485
ap_exp_1to40_fixed,poor,observed,34,0.25490196078431376,0.32346003406511037,17,0.4901793720501059
ap_exp_1to40_fixed,poor,observed,35,0.2776057791537668,0.26470972815378374,18,0.577230097966224
ap_exp_1to40_fixed,poor,observed,36,0.26960784313725494,0.2953357994714052,17,0.5296839063348086
ap_exp_1to40_fixed,poor,observed,37,0.16176470588235298,0.5350755062766513,17,0.2715849289217642
ap_exp_1to40_fixed,poor,observed,38,0.18382352941176472,0.4800344013399135,17,0.31872763808954185
ap_exp_1to40_fixed,poor,observed,39,0.22456140350877193,0.35534598974510767,19,0.44934858142149264
ap_exp_1to40_fixed,poor,observed,40,0.31475748194014447,0.20331354771785812,18,0.6918336813566744
ap_exp_1to40_fixed,poor,observed,41,0.20833333333333337,0.4223129818009653,17,0.37436556826045986
ap_exp_1to40_fixed,poor,observed,42,0.11176470588235293,0.6802736949858406,16,0.16731632213566747
ap_exp_1to40_fixed,poor,observed,43,-0.1032967032967033,0.725282211088945,14,-0.13949297429704627
ap_exp_1to40_fixed,poor,observed,44,0.028571428571428564,0.9194899083821857,15,0.03645303288374049
ap_exp_1to40_fixed,poor,observed,45,-0.007142857142857141,0.9798442277615982,15,-0.00884296145112686
ap_exp_1to40_fixed,poor,observed,46,-0.006593406593406593,0.9821527354577905,14,-0.007820969434481628
ap_exp_1to40_fixed,poor,observed,47,-0.2087912087912088,0.493621819356885,13,-0.306605651614891
ap_exp_1to40_fixed,poor,observed,48,-0.17362637362637365,0.5527669411422413,14,-0.2574579383343298
ap_exp_1to40_fixed,poor,observed,49,-0.2923076923076923,0.3105263203858819,14,-0.5079015828822612
ap_exp_1to40_fixed,poor,observed,50,-0.24175824175824176,0.42617551959450883,13,-0.3704115006808673
ap_exp_1to40_fixed,poor,observed,51,-0.1384615384615385,0.6368849912650183,14,-0.1959389855115532
ap_exp_1to40_fixed,poor,observed,52,-0.24725274725274726,0.4154051197255382,13,-0.38152815523749095
ap_exp_1to40_fixed,poor,observed,53,-0.21428571428571427,0.44314093482351424,15,-0.3534581304765343
ap_exp_1to40_fixed,poor,observed,54,-0.0588235294117647,0.8286807500332258,16,-0.08161274954950345
ap_exp_1to40_fixed,poor,observed,55,-0.07142857142857141,0.8002959873970544,15,-0.09674936060908546
ap_exp_1to40_fixed,poor,observed,56,-0.21176470588235297,0.431083247239221,16,-0.3654388543739801
ap_exp_1to40_fixed,poor,observed,57,-0.14285714285714285,0.6261174762253241,14,-0.20334417399431506
ap_exp_1to40_fixed,poor,observed,58,-0.4175824175824176,0.1556747536334745,13,-0.8077818129083592
ap_exp_1to40_fixed,poor,observed,59,-0.1164835164835165,0.6916912502331573,14,-0.16008771803173125
ap_exp_1to40_fixed,poor,observed,60,-0.13529411764705881,0.6173674089706418,16,-0.2094563007978871
ap_exp_1to40_fixed,poor,observed,61,-0.2588235294117647,0.3330723066336081,16,-0.4774614753130032
ap_exp_1to40_fixed,poor,observed,62,-0.1164835164835165,0.6916912502331573,14,-0.16008771803173125
ap_exp_1to40_fixed,poor,observed,63,-0.4125874125874127,0.18256397857316675,12,-0.7385849083468483
ap_exp_1to40_fixed,poor,observed,64,-0.4125874125874127,0.18256397857316675,12,-0.7385849083468483
ap_exp_1to40_fixed,poor,observed,65,-0.23636363636363636,0.4840911622253965,11,-0.31507284595191815
ap_exp_1to40_fixed,poor,observed,66,,,9,
ap_exp_1to40_fixed,poor,observed,67,-0.10489510489510491,0.7456094809807079,12,-0.12748857824068238
ap_exp_1to40_fixed,poor,observed,68,0.06993006993006995,0.8290236405313092,12,0.0814330848828885
ap_exp_1to40_fixed,poor,observed,69,,,9,
ap_exp_1to40_fixed,poor,observed,70,,,9,
ap_exp_1to40_fixed,poor,observed,71,0.12727272727272726,0.7260570147627894,10,0.1390292743072959
ap_exp_20to40_fixed,poor,observed,12,,,9,
ap_exp_20to40_fixed,poor,observed,13,,,9,
ap_exp_20to40_fixed,poor,observed,14,,,8,
ap_exp_20to40_fixed,poor,observed,15,-0.6454545454545455,0.03196279932801745,11,-1.4953551918276322
ap_exp_20to40_fixed,poor,observed,16,-0.6433566433566434,0.024003191200713644,12,-1.6197310154247235
ap_exp_20to40_fixed,poor,observed,17,-0.5549450549450549,0.04900449559833098,13,-1.3097640766247614
ap_exp_20to40_fixed,poor,observed,18,-0.8021978021978022,0.0009687789139250084,13,-3.013775322451372
ap_exp_20to40_fixed,poor,observed,19,-0.3147058823529411,0.23515831926634445,16,-0.628639652480067
ap_exp_20to40_fixed,poor,observed,20,-0.37857142857142856,0.16409082655922064,15,-0.7849156973507448
ap_exp_20to40_fixed,poor,observed,21,-0.13214285714285715,0.6387442188840665,15,-0.19467301753137725
ap_exp_20to40_fixed,poor,observed,22,-0.12745098039215688,0.6259301508467394,17,-0.20347412812239732
ap_exp_20to40_fixed,poor,observed,23,0.3142857142857143,0.2539400163236714,15,0.5952688568293578
ap_exp_20to40_fixed,poor,observed,24,0.2764705882352941,0.2999421284923735,16,0.5229625309500078
ap_exp_20to40_fixed,poor,observed,25,0.27058823529411763,0.31076062710233504,16,0.5075740108343881
ap_exp_20to40_fixed,poor,observed,26,0.22303921568627455,0.3895228783967918,17,0.4094670292117394
ap_exp_20to40_fixed,poor,observed,27,0.12254901960784316,0.639378272107459,17,0.1942421263755106
ap_exp_20to40_fixed,poor,observed,28,0.13823529411764704,0.6096659407501825,16,0.2149080663482938
ap_exp_20to40_fixed,poor,observed,29,0.14705882352941177,0.5867933937012053,16,0.23151478422081825
ap_exp_20to40_fixed,poor,observed,30,0.2964285714285714,0.28335542843426287,15,0.5476684628655658
ap_exp_20to40_fixed,poor,observed,31,0.02058823529411765,0.9396737397890448,16,0.02702290980961651
ap_exp_20to40_fixed,poor,observed,32,0.3558823529411765,0.1761037380915931,16,0.7542314253199371
ap_exp_20to40_fixed,poor,observed,33,0.3,0.25893645256249886,16,0.5868068061415922
ap_exp_20to40_fixed,poor,observed,34,0.303921568627451,0.23563584127730533,17,0.627758650705421
ap_exp_20to40_fixed,poor,observed,35,0.37048503611971106,0.13016560662863333,18,0.8855037532838828
ap_exp_20to40_fixed,poor,observed,36,0.42401960784313725,0.08984168497185577,17,1.0465221115204533
ap_exp_20to40_fixed,poor,observed,37,0.3995098039215687,0.11211790882594826,17,0.950325011106372
ap_exp_20to40_fixed,poor,observed,38,0.34803921568627455,0.17101314886910304,17,0.7669704962642486
ap_exp_20to40_fixed,poor,observed,39,0.2368421052631579,0.32893104152682706,19,0.4828951398111249
ap_exp_20to40_fixed,poor,observed,40,0.27554179566563464,0.2684251313890622,18,0.5711768256392484
ap_exp_20to40_fixed,poor,observed,41,0.37254901960784315,0.14083572189262192,17,0.85128717578196
ap_exp_20to40_fixed,poor,observed,42,0.2735294117647059,0.3053231563074052,16,0.5152402567063844
ap_exp_20to40_fixed,poor,observed,43,0.06373626373626373,0.828626422928612,14,0.08164122219735648
ap_exp_20to40_fixed,poor,observed,44,0.18214285714285713,0.5158816817070392,15,0.2874498930896583
ap_exp_20to40_fixed,poor,observed,45,0.25357142857142856,0.3618161038158896,15,0.44151210734150326
ap_exp_20to40_fixed,poor,observed,46,0.3186813186813187,0.2667849608113615,14,0.5738386560925556
ap_exp_20to40_fixed,poor,observed,47,0.2087912087912088,0.493621819356885,13,0.306605651614891
ap_exp_20to40_fixed,poor,observed,48,0.35824175824175825,0.2084981247907672,14,0.6808978466695258
ap_exp_20to40_fixed,poor,observed,49,0.2087912087912088,0.4737788373098136,14,0.3244243421882531
ap_exp_20to40_fixed,poor,observed,50,0.03296703296703297,0.9148564744875125,13,0.03864703405079211
ap_exp_20to40_fixed,poor,observed,51,0.0945054945054945,0.7479382611415478,14,0.12613424966515466
ap_exp_20to40_fixed,poor,observed,52,-0.16483516483516483,0.590478988652005,13,-0.22879555152183248
ap_exp_20to40_fixed,poor,observed,53,-0.18214285714285713,0.5158816817070392,15,-0.2874498930896583
ap_exp_20to40_fixed,poor,observed,54,-0.07352941176470588,0.7866792491258565,16,-0.10420230541621595
ap_exp_20to40_fixed,poor,observed,55,0.039285714285714285,0.8894459296739485,15,0.0508804479825129
ap_exp_20to40_fixed,poor,observed,56,-0.2029411764705882,0.45096124172270946,16,-0.3458607823554701
ap_exp_20to40_fixed,poor,observed,57,-0.14725274725274726,0.6154187624847252,14,-0.2108292674006022
ap_exp_20to40_fixed,poor,observed,58,-0.6043956043956044,0.02867270567140696,13,-1.5425313233521363
ap_exp_20to40_fixed,poor,observed,59,-0.21318681318681318,0.4643028200397442,14,-0.33319867854795404
ap_exp_20to40_fixed,poor,observed,60,-0.2411764705882353,0.36820660804263405,16,-0.43390842166932037
ap_exp_20to40_fixed,poor,observed,61,-0.31176470588235294,0.23980004767411284,16,-0.6201507348960439
ap_exp_20to40_fixed,poor,observed,62,-0.26153846153846155,0.3664111370667421,14,-0.4360313344225192
ap_exp_20to40_fixed,poor,observed,63,-0.4545454545454546,0.13765791634772945,12,-0.8611988084095694
ap_exp_20to40_fixed,poor,observed,64,-0.4685314685314686,0.124454791188834,12,-0.9049883795148546
ap_exp_20to40_fixed,poor,observed,65,-0.19090909090909092,0.5739131682855215,11,-0.2411538103669498
ap_exp_20to40_fixed,poor,observed,66,,,9,
ap_exp_20to40_fixed,poor,observed,67,-0.04895104895104895,0.8799185788786749,12,-0.05555751237217404
ap_exp_20to40_fixed,poor,observed,68,0.006993006993006993,0.9827917689028476,12,0.007538489488500038
ap_exp_20to40_fixed,poor,observed,69,,,9,
ap_exp_20to40_fixed,poor,observed,70,,,9,
ap_exp_20to40_fixed,poor,observed,71,-0.41818181818181815,0.22911284098281892,10,-0.6399505694238794
